{
"type": "FeatureCollection",
"name": "plots",
"xy_coordinate_resolution": 1e-09,
"features": [
{"type":"Feature","properties":{"plot_id":1,"poly_line":"1_1","strip_id":1},"geometry":{"type":"Polygon","coordinates":[[[-16.696201777,39.120011322],[-16.696202475,39.120672945],[-16.69630656,39.120672878],[-16.696305861,39.120011255],[-16.696201777,39.120011322]]]}},
{"type":"Feature","properties":{"plot_id":2,"poly_line":"1_1","strip_id":1},"geometry":{"type":"Polygon","coordinates":[[[-16.696202475,39.120672945],[-16.696203173,39.121334567],[-16.696307259,39.121334501],[-16.69630656,39.120672878],[-16.696202475,39.120672945]]]}},
{"type":"Feature","properties":{"plot_id":3,"poly_line":"1_1","strip_id":1},"geometry":{"type":"Polygon","coordinates":[[[-16.696203173,39.121334567],[-16.696203871,39.12199619],[-16.696307958,39.121996123],[-16.696307259,39.121334501],[-16.696203173,39.121334567]]]}},
{"type":"Feature","properties":{"plot_id":4,"poly_line":"1_1","strip_id":1},"geometry":{"type":"Polygon","coordinates":[[[-16.696203871,39.12199619],[-16.696204569,39.122657812],[-16.696308658,39.122657746],[-16.696307958,39.121996123],[-16.696203871,39.12199619]]]}},
{"type":"Feature","properties":{"plot_id":5,"poly_line":"1_1","strip_id":1},"geometry":{"type":"Polygon","coordinates":[[[-16.696204569,39.122657812],[-16.696205268,39.123319435],[-16.696309357,39.123319368],[-16.696308658,39.122657746],[-16.696204569,39.122657812]]]}},
{"type":"Feature","properties":{"plot_id":6,"poly_line":"1_1","strip_id":1},"geometry":{"type":"Polygon","coordinates":[[[-16.696205268,39.123319435],[-16.696205967,39.123981057],[-16.696310057,39.123980991],[-16.696309357,39.123319368],[-16.696205268,39.123319435]]]}},
{"type":"Feature","properties":{"plot_id":7,"poly_line":"1_1","strip_id":1},"geometry":{"type":"Polygon","coordinates":[[[-16.696205967,39.123981057],[-16.696206666,39.12464268],[-16.696310757,39.124642613],[-16.696310057,39.123980991],[-16.696205967,39.123981057]]]}},
{"type":"Feature","properties":{"plot_id":8,"poly_line":"1_1","strip_id":1},"geometry":{"type":"Polygon","coordinates":[[[-16.696206666,39.12464268],[-16.696207365,39.125304302],[-16.696311458,39.125304235],[-16.696310757,39.124642613],[-16.696206666,39.12464268]]]}},
{"type":"Feature","properties":{"plot_id":9,"poly_line":"1_1","strip_id":1},"geometry":{"type":"Polygon","coordinates":[[[-16.696207365,39.125304302],[-16.696208065,39.125965924],[-16.696312158,39.125965857],[-16.696311458,39.125304235],[-16.696207365,39.125304302]]]}},
{"type":"Feature","properties":{"plot_id":10,"poly_line":"1_1","strip_id":1},"geometry":{"type":"Polygon","coordinates":[[[-16.696208065,39.125965924],[-16.696208765,39.126627546],[-16.696312859,39.126627479],[-16.696312158,39.125965857],[-16.696208065,39.125965924]]]}},
{"type":"Feature","properties":{"plot_id":1,"poly_line":"1_1","strip_id":2},"geometry":{"type":"Polygon","coordinates":[[[-16.696305858,39.12000818],[-16.696306557,39.12066968],[-16.696410642,39.120669613],[-16.696409943,39.120008113],[-16.696305858,39.12000818]]]}},
{"type":"Feature","properties":{"plot_id":2,"poly_line":"1_1","strip_id":2},"geometry":{"type":"Polygon","coordinates":[[[-16.696306557,39.12066968],[-16.696307256,39.12133118],[-16.696411342,39.121331113],[-16.696410642,39.120669613],[-16.696306557,39.12066968]]]}},
{"type":"Feature","properties":{"plot_id":3,"poly_line":"1_1","strip_id":2},"geometry":{"type":"Polygon","coordinates":[[[-16.696307256,39.12133118],[-16.696307955,39.121992679],[-16.696412042,39.121992613],[-16.696411342,39.121331113],[-16.696307256,39.12133118]]]}},
{"type":"Feature","properties":{"plot_id":4,"poly_line":"1_1","strip_id":2},"geometry":{"type":"Polygon","coordinates":[[[-16.696307955,39.121992679],[-16.696308654,39.122654179],[-16.696412742,39.122654112],[-16.696412042,39.121992613],[-16.696307955,39.121992679]]]}},
{"type":"Feature","properties":{"plot_id":5,"poly_line":"1_1","strip_id":2},"geometry":{"type":"Polygon","coordinates":[[[-16.696308654,39.122654179],[-16.696309353,39.123315679],[-16.696413443,39.123315612],[-16.696412742,39.122654112],[-16.696308654,39.122654179]]]}},
{"type":"Feature","properties":{"plot_id":6,"poly_line":"1_1","strip_id":2},"geometry":{"type":"Polygon","coordinates":[[[-16.696309353,39.123315679],[-16.696310053,39.123977178],[-16.696414143,39.123977111],[-16.696413443,39.123315612],[-16.696309353,39.123315679]]]}},
{"type":"Feature","properties":{"plot_id":7,"poly_line":"1_1","strip_id":2},"geometry":{"type":"Polygon","coordinates":[[[-16.696310053,39.123977178],[-16.696310753,39.124638677],[-16.696414844,39.12463861],[-16.696414143,39.123977111],[-16.696310053,39.123977178]]]}},
{"type":"Feature","properties":{"plot_id":8,"poly_line":"1_1","strip_id":2},"geometry":{"type":"Polygon","coordinates":[[[-16.696310753,39.124638677],[-16.696311453,39.125300177],[-16.696415546,39.12530011],[-16.696414844,39.12463861],[-16.696310753,39.124638677]]]}},
{"type":"Feature","properties":{"plot_id":9,"poly_line":"1_1","strip_id":2},"geometry":{"type":"Polygon","coordinates":[[[-16.696311453,39.125300177],[-16.696312154,39.125961676],[-16.696416247,39.125961609],[-16.696415546,39.12530011],[-16.696311453,39.125300177]]]}},
{"type":"Feature","properties":{"plot_id":10,"poly_line":"1_1","strip_id":2},"geometry":{"type":"Polygon","coordinates":[[[-16.696312154,39.125961676],[-16.696312855,39.126623175],[-16.696416949,39.126623108],[-16.696416247,39.125961609],[-16.696312154,39.125961676]]]}},
{"type":"Feature","properties":{"plot_id":1,"poly_line":"1_1","strip_id":3},"geometry":{"type":"Polygon","coordinates":[[[-16.696409939,39.120005038],[-16.696410639,39.120666415],[-16.696514724,39.120666348],[-16.696514024,39.120004971],[-16.696409939,39.120005038]]]}},
{"type":"Feature","properties":{"plot_id":2,"poly_line":"1_1","strip_id":3},"geometry":{"type":"Polygon","coordinates":[[[-16.696410639,39.120666415],[-16.696411339,39.121327792],[-16.696515425,39.121327725],[-16.696514724,39.120666348],[-16.696410639,39.120666415]]]}},
{"type":"Feature","properties":{"plot_id":3,"poly_line":"1_1","strip_id":3},"geometry":{"type":"Polygon","coordinates":[[[-16.696411339,39.121327792],[-16.696412038,39.121989169],[-16.696516126,39.121989102],[-16.696515425,39.121327725],[-16.696411339,39.121327792]]]}},
{"type":"Feature","properties":{"plot_id":4,"poly_line":"1_1","strip_id":3},"geometry":{"type":"Polygon","coordinates":[[[-16.696412038,39.121989169],[-16.696412738,39.122650545],[-16.696516827,39.122650479],[-16.696516126,39.121989102],[-16.696412038,39.121989169]]]}},
{"type":"Feature","properties":{"plot_id":5,"poly_line":"1_1","strip_id":3},"geometry":{"type":"Polygon","coordinates":[[[-16.696412738,39.122650545],[-16.696413439,39.123311922],[-16.696517528,39.123311855],[-16.696516827,39.122650479],[-16.696412738,39.122650545]]]}},
{"type":"Feature","properties":{"plot_id":6,"poly_line":"1_1","strip_id":3},"geometry":{"type":"Polygon","coordinates":[[[-16.696413439,39.123311922],[-16.696414139,39.123973299],[-16.69651823,39.123973232],[-16.696517528,39.123311855],[-16.696413439,39.123311922]]]}},
{"type":"Feature","properties":{"plot_id":7,"poly_line":"1_1","strip_id":3},"geometry":{"type":"Polygon","coordinates":[[[-16.696414139,39.123973299],[-16.69641484,39.124634675],[-16.696518932,39.124634608],[-16.69651823,39.123973232],[-16.696414139,39.123973299]]]}},
{"type":"Feature","properties":{"plot_id":8,"poly_line":"1_1","strip_id":3},"geometry":{"type":"Polygon","coordinates":[[[-16.69641484,39.124634675],[-16.696415541,39.125296051],[-16.696519634,39.125295984],[-16.696518932,39.124634608],[-16.69641484,39.124634675]]]}},
{"type":"Feature","properties":{"plot_id":9,"poly_line":"1_1","strip_id":3},"geometry":{"type":"Polygon","coordinates":[[[-16.696415541,39.125296051],[-16.696416243,39.125957428],[-16.696520336,39.125957361],[-16.696519634,39.125295984],[-16.696415541,39.125296051]]]}},
{"type":"Feature","properties":{"plot_id":10,"poly_line":"1_1","strip_id":3},"geometry":{"type":"Polygon","coordinates":[[[-16.696416243,39.125957428],[-16.696416944,39.126618804],[-16.696521038,39.126618737],[-16.696520336,39.125957361],[-16.696416243,39.125957428]]]}},
{"type":"Feature","properties":{"plot_id":1,"poly_line":"1_1","strip_id":4},"geometry":{"type":"Polygon","coordinates":[[[-16.696514021,39.120001896],[-16.696514721,39.12066315],[-16.696618806,39.120663083],[-16.696618105,39.120001829],[-16.696514021,39.120001896]]]}},
{"type":"Feature","properties":{"plot_id":2,"poly_line":"1_1","strip_id":4},"geometry":{"type":"Polygon","coordinates":[[[-16.696514721,39.12066315],[-16.696515421,39.121324404],[-16.696619508,39.121324337],[-16.696618806,39.120663083],[-16.696514721,39.12066315]]]}},
{"type":"Feature","properties":{"plot_id":3,"poly_line":"1_1","strip_id":4},"geometry":{"type":"Polygon","coordinates":[[[-16.696515421,39.121324404],[-16.696516122,39.121985658],[-16.69662021,39.121985591],[-16.696619508,39.121324337],[-16.696515421,39.121324404]]]}},
{"type":"Feature","properties":{"plot_id":4,"poly_line":"1_1","strip_id":4},"geometry":{"type":"Polygon","coordinates":[[[-16.696516122,39.121985658],[-16.696516823,39.122646912],[-16.696620911,39.122646845],[-16.69662021,39.121985591],[-16.696516122,39.121985658]]]}},
{"type":"Feature","properties":{"plot_id":5,"poly_line":"1_1","strip_id":4},"geometry":{"type":"Polygon","coordinates":[[[-16.696516823,39.122646912],[-16.696517524,39.123308165],[-16.696621614,39.123308098],[-16.696620911,39.122646845],[-16.696516823,39.122646912]]]}},
{"type":"Feature","properties":{"plot_id":6,"poly_line":"1_1","strip_id":4},"geometry":{"type":"Polygon","coordinates":[[[-16.696517524,39.123308165],[-16.696518226,39.123969419],[-16.696622316,39.123969352],[-16.696621614,39.123308098],[-16.696517524,39.123308165]]]}},
{"type":"Feature","properties":{"plot_id":7,"poly_line":"1_1","strip_id":4},"geometry":{"type":"Polygon","coordinates":[[[-16.696518226,39.123969419],[-16.696518927,39.124630673],[-16.696623019,39.124630606],[-16.696622316,39.123969352],[-16.696518226,39.123969419]]]}},
{"type":"Feature","properties":{"plot_id":8,"poly_line":"1_1","strip_id":4},"geometry":{"type":"Polygon","coordinates":[[[-16.696518927,39.124630673],[-16.696519629,39.125291926],[-16.696623722,39.125291859],[-16.696623019,39.124630606],[-16.696518927,39.124630673]]]}},
{"type":"Feature","properties":{"plot_id":9,"poly_line":"1_1","strip_id":4},"geometry":{"type":"Polygon","coordinates":[[[-16.696519629,39.125291926],[-16.696520331,39.125953179],[-16.696624425,39.125953112],[-16.696623722,39.125291859],[-16.696519629,39.125291926]]]}},
{"type":"Feature","properties":{"plot_id":10,"poly_line":"1_1","strip_id":4},"geometry":{"type":"Polygon","coordinates":[[[-16.696520331,39.125953179],[-16.696521034,39.126614433],[-16.696625128,39.126614366],[-16.696624425,39.125953112],[-16.696520331,39.125953179]]]}},
{"type":"Feature","properties":{"plot_id":1,"poly_line":"1_1","strip_id":5},"geometry":{"type":"Polygon","coordinates":[[[-16.696618102,39.119998754],[-16.696618803,39.120659885],[-16.696722888,39.120659818],[-16.696722186,39.119998687],[-16.696618102,39.119998754]]]}},
{"type":"Feature","properties":{"plot_id":2,"poly_line":"1_1","strip_id":5},"geometry":{"type":"Polygon","coordinates":[[[-16.696618803,39.120659885],[-16.696619504,39.121321016],[-16.696723591,39.121320949],[-16.696722888,39.120659818],[-16.696618803,39.120659885]]]}},
{"type":"Feature","properties":{"plot_id":3,"poly_line":"1_1","strip_id":5},"geometry":{"type":"Polygon","coordinates":[[[-16.696619504,39.121321016],[-16.696620206,39.121982147],[-16.696724293,39.12198208],[-16.696723591,39.121320949],[-16.696619504,39.121321016]]]}},
{"type":"Feature","properties":{"plot_id":4,"poly_line":"1_1","strip_id":5},"geometry":{"type":"Polygon","coordinates":[[[-16.696620206,39.121982147],[-16.696620908,39.122643278],[-16.696724996,39.122643211],[-16.696724293,39.12198208],[-16.696620206,39.121982147]]]}},
{"type":"Feature","properties":{"plot_id":5,"poly_line":"1_1","strip_id":5},"geometry":{"type":"Polygon","coordinates":[[[-16.696620908,39.122643278],[-16.69662161,39.123304409],[-16.696725699,39.123304342],[-16.696724996,39.122643211],[-16.696620908,39.122643278]]]}},
{"type":"Feature","properties":{"plot_id":6,"poly_line":"1_1","strip_id":5},"geometry":{"type":"Polygon","coordinates":[[[-16.69662161,39.123304409],[-16.696622312,39.12396554],[-16.696726402,39.123965472],[-16.696725699,39.123304342],[-16.69662161,39.123304409]]]}},
{"type":"Feature","properties":{"plot_id":7,"poly_line":"1_1","strip_id":5},"geometry":{"type":"Polygon","coordinates":[[[-16.696622312,39.12396554],[-16.696623014,39.12462667],[-16.696727106,39.124626603],[-16.696726402,39.123965472],[-16.696622312,39.12396554]]]}},
{"type":"Feature","properties":{"plot_id":8,"poly_line":"1_1","strip_id":5},"geometry":{"type":"Polygon","coordinates":[[[-16.696623014,39.12462667],[-16.696623717,39.125287801],[-16.696727809,39.125287733],[-16.696727106,39.124626603],[-16.696623014,39.12462667]]]}},
{"type":"Feature","properties":{"plot_id":9,"poly_line":"1_1","strip_id":5},"geometry":{"type":"Polygon","coordinates":[[[-16.696623717,39.125287801],[-16.69662442,39.125948931],[-16.696728513,39.125948864],[-16.696727809,39.125287733],[-16.696623717,39.125287801]]]}},
{"type":"Feature","properties":{"plot_id":10,"poly_line":"1_1","strip_id":5},"geometry":{"type":"Polygon","coordinates":[[[-16.69662442,39.125948931],[-16.696625123,39.126610062],[-16.696729218,39.126609994],[-16.696728513,39.125948864],[-16.69662442,39.125948931]]]}},
{"type":"Feature","properties":{"plot_id":1,"poly_line":"1_1","strip_id":6},"geometry":{"type":"Polygon","coordinates":[[[-16.696722183,39.119995612],[-16.696722885,39.12065662],[-16.69682697,39.120656553],[-16.696826268,39.119995545],[-16.696722183,39.119995612]]]}},
{"type":"Feature","properties":{"plot_id":2,"poly_line":"1_1","strip_id":6},"geometry":{"type":"Polygon","coordinates":[[[-16.696722885,39.12065662],[-16.696723587,39.121317628],[-16.696827674,39.121317561],[-16.69682697,39.120656553],[-16.696722885,39.12065662]]]}},
{"type":"Feature","properties":{"plot_id":3,"poly_line":"1_1","strip_id":6},"geometry":{"type":"Polygon","coordinates":[[[-16.696723587,39.121317628],[-16.69672429,39.121978636],[-16.696828377,39.121978569],[-16.696827674,39.121317561],[-16.696723587,39.121317628]]]}},
{"type":"Feature","properties":{"plot_id":4,"poly_line":"1_1","strip_id":6},"geometry":{"type":"Polygon","coordinates":[[[-16.69672429,39.121978636],[-16.696724992,39.122639644],[-16.696829081,39.122639577],[-16.696828377,39.121978569],[-16.69672429,39.121978636]]]}},
{"type":"Feature","properties":{"plot_id":5,"poly_line":"1_1","strip_id":6},"geometry":{"type":"Polygon","coordinates":[[[-16.696724992,39.122639644],[-16.696725695,39.123300652],[-16.696829784,39.123300585],[-16.696829081,39.122639577],[-16.696724992,39.122639644]]]}},
{"type":"Feature","properties":{"plot_id":6,"poly_line":"1_1","strip_id":6},"geometry":{"type":"Polygon","coordinates":[[[-16.696725695,39.123300652],[-16.696726398,39.12396166],[-16.696830489,39.123961593],[-16.696829784,39.123300585],[-16.696725695,39.123300652]]]}},
{"type":"Feature","properties":{"plot_id":7,"poly_line":"1_1","strip_id":6},"geometry":{"type":"Polygon","coordinates":[[[-16.696726398,39.12396166],[-16.696727102,39.124622668],[-16.696831193,39.1246226],[-16.696830489,39.123961593],[-16.696726398,39.12396166]]]}},
{"type":"Feature","properties":{"plot_id":8,"poly_line":"1_1","strip_id":6},"geometry":{"type":"Polygon","coordinates":[[[-16.696727102,39.124622668],[-16.696727805,39.125283675],[-16.696831897,39.125283608],[-16.696831193,39.1246226],[-16.696727102,39.124622668]]]}},
{"type":"Feature","properties":{"plot_id":9,"poly_line":"1_1","strip_id":6},"geometry":{"type":"Polygon","coordinates":[[[-16.696727805,39.125283675],[-16.696728509,39.125944683],[-16.696832602,39.125944615],[-16.696831897,39.125283608],[-16.696727805,39.125283675]]]}},
{"type":"Feature","properties":{"plot_id":10,"poly_line":"1_1","strip_id":6},"geometry":{"type":"Polygon","coordinates":[[[-16.696728509,39.125944683],[-16.696729213,39.12660569],[-16.696833307,39.126605623],[-16.696832602,39.125944615],[-16.696728509,39.125944683]]]}},
{"type":"Feature","properties":{"plot_id":1,"poly_line":"1_1","strip_id":7},"geometry":{"type":"Polygon","coordinates":[[[-16.696826264,39.11999247],[-16.696826967,39.120653355],[-16.696931052,39.120653288],[-16.696930349,39.119992403],[-16.696826264,39.11999247]]]}},
{"type":"Feature","properties":{"plot_id":2,"poly_line":"1_1","strip_id":7},"geometry":{"type":"Polygon","coordinates":[[[-16.696826967,39.120653355],[-16.69682767,39.12131424],[-16.696931756,39.121314173],[-16.696931052,39.120653288],[-16.696826967,39.120653355]]]}},
{"type":"Feature","properties":{"plot_id":3,"poly_line":"1_1","strip_id":7},"geometry":{"type":"Polygon","coordinates":[[[-16.69682767,39.12131424],[-16.696828373,39.121975125],[-16.696932461,39.121975058],[-16.696931756,39.121314173],[-16.69682767,39.12131424]]]}},
{"type":"Feature","properties":{"plot_id":4,"poly_line":"1_1","strip_id":7},"geometry":{"type":"Polygon","coordinates":[[[-16.696828373,39.121975125],[-16.696829077,39.12263601],[-16.696933165,39.122635943],[-16.696932461,39.121975058],[-16.696828373,39.121975125]]]}},
{"type":"Feature","properties":{"plot_id":5,"poly_line":"1_1","strip_id":7},"geometry":{"type":"Polygon","coordinates":[[[-16.696829077,39.12263601],[-16.69682978,39.123296895],[-16.69693387,39.123296828],[-16.696933165,39.122635943],[-16.696829077,39.12263601]]]}},
{"type":"Feature","properties":{"plot_id":6,"poly_line":"1_1","strip_id":7},"geometry":{"type":"Polygon","coordinates":[[[-16.69682978,39.123296895],[-16.696830484,39.12395778],[-16.696934575,39.123957713],[-16.69693387,39.123296828],[-16.69682978,39.123296895]]]}},
{"type":"Feature","properties":{"plot_id":7,"poly_line":"1_1","strip_id":7},"geometry":{"type":"Polygon","coordinates":[[[-16.696830484,39.12395778],[-16.696831189,39.124618665],[-16.69693528,39.124618597],[-16.696934575,39.123957713],[-16.696830484,39.12395778]]]}},
{"type":"Feature","properties":{"plot_id":8,"poly_line":"1_1","strip_id":7},"geometry":{"type":"Polygon","coordinates":[[[-16.696831189,39.124618665],[-16.696831893,39.12527955],[-16.696935985,39.125279482],[-16.69693528,39.124618597],[-16.696831189,39.124618665]]]}},
{"type":"Feature","properties":{"plot_id":9,"poly_line":"1_1","strip_id":7},"geometry":{"type":"Polygon","coordinates":[[[-16.696831893,39.12527955],[-16.696832598,39.125940434],[-16.696936691,39.125940367],[-16.696935985,39.125279482],[-16.696831893,39.12527955]]]}},
{"type":"Feature","properties":{"plot_id":10,"poly_line":"1_1","strip_id":7},"geometry":{"type":"Polygon","coordinates":[[[-16.696832598,39.125940434],[-16.696833303,39.126601319],[-16.696937397,39.126601251],[-16.696936691,39.125940367],[-16.696832598,39.125940434]]]}},
{"type":"Feature","properties":{"plot_id":1,"poly_line":"1_1","strip_id":8},"geometry":{"type":"Polygon","coordinates":[[[-16.696930345,39.119989328],[-16.696931049,39.12065009],[-16.697035134,39.120650023],[-16.69703443,39.11998926],[-16.696930345,39.119989328]]]}},
{"type":"Feature","properties":{"plot_id":2,"poly_line":"1_1","strip_id":8},"geometry":{"type":"Polygon","coordinates":[[[-16.696931049,39.12065009],[-16.696931753,39.121310852],[-16.697035839,39.121310785],[-16.697035134,39.120650023],[-16.696931049,39.12065009]]]}},
{"type":"Feature","properties":{"plot_id":3,"poly_line":"1_1","strip_id":8},"geometry":{"type":"Polygon","coordinates":[[[-16.696931753,39.121310852],[-16.696932457,39.121971614],[-16.697036544,39.121971547],[-16.697035839,39.121310785],[-16.696931753,39.121310852]]]}},
{"type":"Feature","properties":{"plot_id":4,"poly_line":"1_1","strip_id":8},"geometry":{"type":"Polygon","coordinates":[[[-16.696932457,39.121971614],[-16.696933161,39.122632376],[-16.69703725,39.122632309],[-16.697036544,39.121971547],[-16.696932457,39.121971614]]]}},
{"type":"Feature","properties":{"plot_id":5,"poly_line":"1_1","strip_id":8},"geometry":{"type":"Polygon","coordinates":[[[-16.696933161,39.122632376],[-16.696933866,39.123293138],[-16.697037955,39.123293071],[-16.69703725,39.122632309],[-16.696933161,39.122632376]]]}},
{"type":"Feature","properties":{"plot_id":6,"poly_line":"1_1","strip_id":8},"geometry":{"type":"Polygon","coordinates":[[[-16.696933866,39.123293138],[-16.696934571,39.1239539],[-16.697038661,39.123953833],[-16.697037955,39.123293071],[-16.696933866,39.123293138]]]}},
{"type":"Feature","properties":{"plot_id":7,"poly_line":"1_1","strip_id":8},"geometry":{"type":"Polygon","coordinates":[[[-16.696934571,39.1239539],[-16.696935276,39.124614662],[-16.697039367,39.124614595],[-16.697038661,39.123953833],[-16.696934571,39.1239539]]]}},
{"type":"Feature","properties":{"plot_id":8,"poly_line":"1_1","strip_id":8},"geometry":{"type":"Polygon","coordinates":[[[-16.696935276,39.124614662],[-16.696935981,39.125275424],[-16.697040073,39.125275356],[-16.697039367,39.124614595],[-16.696935276,39.124614662]]]}},
{"type":"Feature","properties":{"plot_id":9,"poly_line":"1_1","strip_id":8},"geometry":{"type":"Polygon","coordinates":[[[-16.696935981,39.125275424],[-16.696936686,39.125936186],[-16.69704078,39.125936118],[-16.697040073,39.125275356],[-16.696935981,39.125275424]]]}},
{"type":"Feature","properties":{"plot_id":10,"poly_line":"1_1","strip_id":8},"geometry":{"type":"Polygon","coordinates":[[[-16.696936686,39.125936186],[-16.696937392,39.126596947],[-16.697041486,39.12659688],[-16.69704078,39.125936118],[-16.696936686,39.125936186]]]}},
{"type":"Feature","properties":{"plot_id":1,"poly_line":"1_1","strip_id":9},"geometry":{"type":"Polygon","coordinates":[[[-16.697034427,39.119986185],[-16.697035131,39.120646825],[-16.697139216,39.120646757],[-16.697138511,39.119986118],[-16.697034427,39.119986185]]]}},
{"type":"Feature","properties":{"plot_id":2,"poly_line":"1_1","strip_id":9},"geometry":{"type":"Polygon","coordinates":[[[-16.697035131,39.120646825],[-16.697035836,39.121307464],[-16.697139922,39.121307396],[-16.697139216,39.120646757],[-16.697035131,39.120646825]]]}},
{"type":"Feature","properties":{"plot_id":3,"poly_line":"1_1","strip_id":9},"geometry":{"type":"Polygon","coordinates":[[[-16.697035836,39.121307464],[-16.697036541,39.121968103],[-16.697140628,39.121968036],[-16.697139922,39.121307396],[-16.697035836,39.121307464]]]}},
{"type":"Feature","properties":{"plot_id":4,"poly_line":"1_1","strip_id":9},"geometry":{"type":"Polygon","coordinates":[[[-16.697036541,39.121968103],[-16.697037246,39.122628742],[-16.697141334,39.122628675],[-16.697140628,39.121968036],[-16.697036541,39.121968103]]]}},
{"type":"Feature","properties":{"plot_id":5,"poly_line":"1_1","strip_id":9},"geometry":{"type":"Polygon","coordinates":[[[-16.697037246,39.122628742],[-16.697037951,39.123289381],[-16.697142041,39.123289314],[-16.697141334,39.122628675],[-16.697037246,39.122628742]]]}},
{"type":"Feature","properties":{"plot_id":6,"poly_line":"1_1","strip_id":9},"geometry":{"type":"Polygon","coordinates":[[[-16.697037951,39.123289381],[-16.697038657,39.12395002],[-16.697142747,39.123949953],[-16.697142041,39.123289314],[-16.697037951,39.123289381]]]}},
{"type":"Feature","properties":{"plot_id":7,"poly_line":"1_1","strip_id":9},"geometry":{"type":"Polygon","coordinates":[[[-16.697038657,39.12395002],[-16.697039363,39.124610659],[-16.697143454,39.124610592],[-16.697142747,39.123949953],[-16.697038657,39.12395002]]]}},
{"type":"Feature","properties":{"plot_id":8,"poly_line":"1_1","strip_id":9},"geometry":{"type":"Polygon","coordinates":[[[-16.697039363,39.124610659],[-16.697040069,39.125271298],[-16.697144161,39.12527123],[-16.697143454,39.124610592],[-16.697039363,39.124610659]]]}},
{"type":"Feature","properties":{"plot_id":9,"poly_line":"1_1","strip_id":9},"geometry":{"type":"Polygon","coordinates":[[[-16.697040069,39.125271298],[-16.697040775,39.125931937],[-16.697144868,39.125931869],[-16.697144161,39.12527123],[-16.697040069,39.125271298]]]}},
{"type":"Feature","properties":{"plot_id":10,"poly_line":"1_1","strip_id":9},"geometry":{"type":"Polygon","coordinates":[[[-16.697040775,39.125931937],[-16.697041482,39.126592576],[-16.697145576,39.126592508],[-16.697144868,39.125931869],[-16.697040775,39.125931937]]]}},
{"type":"Feature","properties":{"plot_id":1,"poly_line":"1_1","strip_id":10},"geometry":{"type":"Polygon","coordinates":[[[-16.697138508,39.119983043],[-16.697139213,39.120643559],[-16.697243298,39.120643492],[-16.697242592,39.119982975],[-16.697138508,39.119983043]]]}},
{"type":"Feature","properties":{"plot_id":2,"poly_line":"1_1","strip_id":10},"geometry":{"type":"Polygon","coordinates":[[[-16.697139213,39.120643559],[-16.697139919,39.121304075],[-16.697244005,39.121304008],[-16.697243298,39.120643492],[-16.697139213,39.120643559]]]}},
{"type":"Feature","properties":{"plot_id":3,"poly_line":"1_1","strip_id":10},"geometry":{"type":"Polygon","coordinates":[[[-16.697139919,39.121304075],[-16.697140624,39.121964592],[-16.697244712,39.121964524],[-16.697244005,39.121304008],[-16.697139919,39.121304075]]]}},
{"type":"Feature","properties":{"plot_id":4,"poly_line":"1_1","strip_id":10},"geometry":{"type":"Polygon","coordinates":[[[-16.697140624,39.121964592],[-16.69714133,39.122625108],[-16.697245419,39.12262504],[-16.697244712,39.121964524],[-16.697140624,39.121964592]]]}},
{"type":"Feature","properties":{"plot_id":5,"poly_line":"1_1","strip_id":10},"geometry":{"type":"Polygon","coordinates":[[[-16.69714133,39.122625108],[-16.697142037,39.123285624],[-16.697246126,39.123285557],[-16.697245419,39.12262504],[-16.69714133,39.122625108]]]}},
{"type":"Feature","properties":{"plot_id":6,"poly_line":"1_1","strip_id":10},"geometry":{"type":"Polygon","coordinates":[[[-16.697142037,39.123285624],[-16.697142743,39.12394614],[-16.697246833,39.123946073],[-16.697246126,39.123285557],[-16.697142037,39.123285624]]]}},
{"type":"Feature","properties":{"plot_id":7,"poly_line":"1_1","strip_id":10},"geometry":{"type":"Polygon","coordinates":[[[-16.697142743,39.12394614],[-16.69714345,39.124606656],[-16.697247541,39.124606589],[-16.697246833,39.123946073],[-16.697142743,39.12394614]]]}},
{"type":"Feature","properties":{"plot_id":8,"poly_line":"1_1","strip_id":10},"geometry":{"type":"Polygon","coordinates":[[[-16.69714345,39.124606656],[-16.697144157,39.125267172],[-16.697248249,39.125267105],[-16.697247541,39.124606589],[-16.69714345,39.124606656]]]}},
{"type":"Feature","properties":{"plot_id":9,"poly_line":"1_1","strip_id":10},"geometry":{"type":"Polygon","coordinates":[[[-16.697144157,39.125267172],[-16.697144864,39.125927688],[-16.697248957,39.12592762],[-16.697248249,39.125267105],[-16.697144157,39.125267172]]]}},
{"type":"Feature","properties":{"plot_id":10,"poly_line":"1_1","strip_id":10},"geometry":{"type":"Polygon","coordinates":[[[-16.697144864,39.125927688],[-16.697145571,39.126588204],[-16.697249665,39.126588136],[-16.697248957,39.12592762],[-16.697144864,39.125927688]]]}},
{"type":"Feature","properties":{"plot_id":1,"poly_line":"1_1","strip_id":11},"geometry":{"type":"Polygon","coordinates":[[[-16.697242589,39.1199799],[-16.697243295,39.120640294],[-16.69734738,39.120640226],[-16.697346673,39.119979833],[-16.697242589,39.1199799]]]}},
{"type":"Feature","properties":{"plot_id":2,"poly_line":"1_1","strip_id":11},"geometry":{"type":"Polygon","coordinates":[[[-16.697243295,39.120640294],[-16.697244001,39.121300687],[-16.697348088,39.121300619],[-16.69734738,39.120640226],[-16.697243295,39.120640294]]]}},
{"type":"Feature","properties":{"plot_id":3,"poly_line":"1_1","strip_id":11},"geometry":{"type":"Polygon","coordinates":[[[-16.697244001,39.121300687],[-16.697244708,39.12196108],[-16.697348795,39.121961013],[-16.697348088,39.121300619],[-16.697244001,39.121300687]]]}},
{"type":"Feature","properties":{"plot_id":4,"poly_line":"1_1","strip_id":11},"geometry":{"type":"Polygon","coordinates":[[[-16.697244708,39.12196108],[-16.697245415,39.122621474],[-16.697349503,39.122621406],[-16.697348795,39.121961013],[-16.697244708,39.12196108]]]}},
{"type":"Feature","properties":{"plot_id":5,"poly_line":"1_1","strip_id":11},"geometry":{"type":"Polygon","coordinates":[[[-16.697245415,39.122621474],[-16.697246122,39.123281867],[-16.697350211,39.123281799],[-16.697349503,39.122621406],[-16.697245415,39.122621474]]]}},
{"type":"Feature","properties":{"plot_id":6,"poly_line":"1_1","strip_id":11},"geometry":{"type":"Polygon","coordinates":[[[-16.697246122,39.123281867],[-16.697246829,39.12394226],[-16.697350919,39.123942192],[-16.697350211,39.123281799],[-16.697246122,39.123281867]]]}},
{"type":"Feature","properties":{"plot_id":7,"poly_line":"1_1","strip_id":11},"geometry":{"type":"Polygon","coordinates":[[[-16.697246829,39.12394226],[-16.697247537,39.124602653],[-16.697351628,39.124602585],[-16.697350919,39.123942192],[-16.697246829,39.12394226]]]}},
{"type":"Feature","properties":{"plot_id":8,"poly_line":"1_1","strip_id":11},"geometry":{"type":"Polygon","coordinates":[[[-16.697247537,39.124602653],[-16.697248245,39.125263046],[-16.697352337,39.125262978],[-16.697351628,39.124602585],[-16.697247537,39.124602653]]]}},
{"type":"Feature","properties":{"plot_id":9,"poly_line":"1_1","strip_id":11},"geometry":{"type":"Polygon","coordinates":[[[-16.697248245,39.125263046],[-16.697248953,39.125923439],[-16.697353046,39.125923371],[-16.697352337,39.125262978],[-16.697248245,39.125263046]]]}},
{"type":"Feature","properties":{"plot_id":10,"poly_line":"1_1","strip_id":11},"geometry":{"type":"Polygon","coordinates":[[[-16.697248953,39.125923439],[-16.697249661,39.126583832],[-16.697353755,39.126583764],[-16.697353046,39.125923371],[-16.697248953,39.125923439]]]}},
{"type":"Feature","properties":{"plot_id":1,"poly_line":"1_1","strip_id":12},"geometry":{"type":"Polygon","coordinates":[[[-16.69734667,39.119976757],[-16.697347377,39.120637028],[-16.697451462,39.12063696],[-16.697450754,39.11997669],[-16.69734667,39.119976757]]]}},
{"type":"Feature","properties":{"plot_id":2,"poly_line":"1_1","strip_id":12},"geometry":{"type":"Polygon","coordinates":[[[-16.697347377,39.120637028],[-16.697348084,39.121297299],[-16.697452171,39.121297231],[-16.697451462,39.12063696],[-16.697347377,39.120637028]]]}},
{"type":"Feature","properties":{"plot_id":3,"poly_line":"1_1","strip_id":12},"geometry":{"type":"Polygon","coordinates":[[[-16.697348084,39.121297299],[-16.697348792,39.121957569],[-16.697452879,39.121957501],[-16.697452171,39.121297231],[-16.697348084,39.121297299]]]}},
{"type":"Feature","properties":{"plot_id":4,"poly_line":"1_1","strip_id":12},"geometry":{"type":"Polygon","coordinates":[[[-16.697348792,39.121957569],[-16.697349499,39.122617839],[-16.697453588,39.122617772],[-16.697452879,39.121957501],[-16.697348792,39.121957569]]]}},
{"type":"Feature","properties":{"plot_id":5,"poly_line":"1_1","strip_id":12},"geometry":{"type":"Polygon","coordinates":[[[-16.697349499,39.122617839],[-16.697350207,39.12327811],[-16.697454296,39.123278042],[-16.697453588,39.122617772],[-16.697349499,39.122617839]]]}},
{"type":"Feature","properties":{"plot_id":6,"poly_line":"1_1","strip_id":12},"geometry":{"type":"Polygon","coordinates":[[[-16.697350207,39.12327811],[-16.697350915,39.12393838],[-16.697455006,39.123938312],[-16.697454296,39.123278042],[-16.697350207,39.12327811]]]}},
{"type":"Feature","properties":{"plot_id":7,"poly_line":"1_1","strip_id":12},"geometry":{"type":"Polygon","coordinates":[[[-16.697350915,39.12393838],[-16.697351624,39.12459865],[-16.697455715,39.124598582],[-16.697455006,39.123938312],[-16.697350915,39.12393838]]]}},
{"type":"Feature","properties":{"plot_id":8,"poly_line":"1_1","strip_id":12},"geometry":{"type":"Polygon","coordinates":[[[-16.697351624,39.12459865],[-16.697352332,39.12525892],[-16.697456425,39.125258852],[-16.697455715,39.124598582],[-16.697351624,39.12459865]]]}},
{"type":"Feature","properties":{"plot_id":9,"poly_line":"1_1","strip_id":12},"geometry":{"type":"Polygon","coordinates":[[[-16.697352332,39.12525892],[-16.697353041,39.12591919],[-16.697457134,39.125919122],[-16.697456425,39.125258852],[-16.697352332,39.12525892]]]}},
{"type":"Feature","properties":{"plot_id":10,"poly_line":"1_1","strip_id":12},"geometry":{"type":"Polygon","coordinates":[[[-16.697353041,39.12591919],[-16.69735375,39.12657946],[-16.697457845,39.126579392],[-16.697457134,39.125919122],[-16.697353041,39.12591919]]]}},
{"type":"Feature","properties":{"plot_id":1,"poly_line":"1_1","strip_id":13},"geometry":{"type":"Polygon","coordinates":[[[-16.697450751,39.119973615],[-16.697451459,39.120633762],[-16.697555544,39.120633695],[-16.697554836,39.119973547],[-16.697450751,39.119973615]]]}},
{"type":"Feature","properties":{"plot_id":2,"poly_line":"1_1","strip_id":13},"geometry":{"type":"Polygon","coordinates":[[[-16.697451459,39.120633762],[-16.697452167,39.12129391],[-16.697556253,39.121293842],[-16.697555544,39.120633695],[-16.697451459,39.120633762]]]}},
{"type":"Feature","properties":{"plot_id":3,"poly_line":"1_1","strip_id":13},"geometry":{"type":"Polygon","coordinates":[[[-16.697452167,39.12129391],[-16.697452875,39.121954057],[-16.697556963,39.12195399],[-16.697556253,39.121293842],[-16.697452167,39.12129391]]]}},
{"type":"Feature","properties":{"plot_id":4,"poly_line":"1_1","strip_id":13},"geometry":{"type":"Polygon","coordinates":[[[-16.697452875,39.121954057],[-16.697453584,39.122614205],[-16.697557672,39.122614137],[-16.697556963,39.12195399],[-16.697452875,39.121954057]]]}},
{"type":"Feature","properties":{"plot_id":5,"poly_line":"1_1","strip_id":13},"geometry":{"type":"Polygon","coordinates":[[[-16.697453584,39.122614205],[-16.697454293,39.123274352],[-16.697558382,39.123274284],[-16.697557672,39.122614137],[-16.697453584,39.122614205]]]}},
{"type":"Feature","properties":{"plot_id":6,"poly_line":"1_1","strip_id":13},"geometry":{"type":"Polygon","coordinates":[[[-16.697454293,39.123274352],[-16.697455002,39.1239345],[-16.697559092,39.123934432],[-16.697558382,39.123274284],[-16.697454293,39.123274352]]]}},
{"type":"Feature","properties":{"plot_id":7,"poly_line":"1_1","strip_id":13},"geometry":{"type":"Polygon","coordinates":[[[-16.697455002,39.1239345],[-16.697455711,39.124594647],[-16.697559802,39.124594579],[-16.697559092,39.123934432],[-16.697455002,39.1239345]]]}},
{"type":"Feature","properties":{"plot_id":8,"poly_line":"1_1","strip_id":13},"geometry":{"type":"Polygon","coordinates":[[[-16.697455711,39.124594647],[-16.69745642,39.125254794],[-16.697560512,39.125254726],[-16.697559802,39.124594579],[-16.697455711,39.124594647]]]}},
{"type":"Feature","properties":{"plot_id":9,"poly_line":"1_1","strip_id":13},"geometry":{"type":"Polygon","coordinates":[[[-16.69745642,39.125254794],[-16.69745713,39.125914941],[-16.697561223,39.125914873],[-16.697560512,39.125254726],[-16.69745642,39.125254794]]]}},
{"type":"Feature","properties":{"plot_id":10,"poly_line":"1_1","strip_id":13},"geometry":{"type":"Polygon","coordinates":[[[-16.69745713,39.125914941],[-16.69745784,39.126575088],[-16.697561934,39.12657502],[-16.697561223,39.125914873],[-16.69745713,39.125914941]]]}},
{"type":"Feature","properties":{"plot_id":1,"poly_line":"1_1","strip_id":14},"geometry":{"type":"Polygon","coordinates":[[[-16.697554832,39.119970472],[-16.697555541,39.120630496],[-16.697659626,39.120630429],[-16.697658917,39.119970404],[-16.697554832,39.119970472]]]}},
{"type":"Feature","properties":{"plot_id":2,"poly_line":"1_1","strip_id":14},"geometry":{"type":"Polygon","coordinates":[[[-16.697555541,39.120630496],[-16.69755625,39.121290521],[-16.697660336,39.121290453],[-16.697659626,39.120630429],[-16.697555541,39.120630496]]]}},
{"type":"Feature","properties":{"plot_id":3,"poly_line":"1_1","strip_id":14},"geometry":{"type":"Polygon","coordinates":[[[-16.69755625,39.121290521],[-16.697556959,39.121950546],[-16.697661046,39.121950478],[-16.697660336,39.121290453],[-16.69755625,39.121290521]]]}},
{"type":"Feature","properties":{"plot_id":4,"poly_line":"1_1","strip_id":14},"geometry":{"type":"Polygon","coordinates":[[[-16.697556959,39.121950546],[-16.697557668,39.12261057],[-16.697661757,39.122610502],[-16.697661046,39.121950478],[-16.697556959,39.121950546]]]}},
{"type":"Feature","properties":{"plot_id":5,"poly_line":"1_1","strip_id":14},"geometry":{"type":"Polygon","coordinates":[[[-16.697557668,39.12261057],[-16.697558378,39.123270595],[-16.697662467,39.123270527],[-16.697661757,39.122610502],[-16.697557668,39.12261057]]]}},
{"type":"Feature","properties":{"plot_id":6,"poly_line":"1_1","strip_id":14},"geometry":{"type":"Polygon","coordinates":[[[-16.697558378,39.123270595],[-16.697559088,39.123930619],[-16.697663178,39.123930551],[-16.697662467,39.123270527],[-16.697558378,39.123270595]]]}},
{"type":"Feature","properties":{"plot_id":7,"poly_line":"1_1","strip_id":14},"geometry":{"type":"Polygon","coordinates":[[[-16.697559088,39.123930619],[-16.697559798,39.124590643],[-16.697663889,39.124590575],[-16.697663178,39.123930551],[-16.697559088,39.123930619]]]}},
{"type":"Feature","properties":{"plot_id":8,"poly_line":"1_1","strip_id":14},"geometry":{"type":"Polygon","coordinates":[[[-16.697559798,39.124590643],[-16.697560508,39.125250668],[-16.6976646,39.1252506],[-16.697663889,39.124590575],[-16.697559798,39.124590643]]]}},
{"type":"Feature","properties":{"plot_id":9,"poly_line":"1_1","strip_id":14},"geometry":{"type":"Polygon","coordinates":[[[-16.697560508,39.125250668],[-16.697561219,39.125910692],[-16.697665312,39.125910624],[-16.6976646,39.1252506],[-16.697560508,39.125250668]]]}},
{"type":"Feature","properties":{"plot_id":10,"poly_line":"1_1","strip_id":14},"geometry":{"type":"Polygon","coordinates":[[[-16.697561219,39.125910692],[-16.697561929,39.126570716],[-16.697666023,39.126570648],[-16.697665312,39.125910624],[-16.697561219,39.125910692]]]}},
{"type":"Feature","properties":{"plot_id":1,"poly_line":"1_1","strip_id":15},"geometry":{"type":"Polygon","coordinates":[[[-16.697658913,39.119967329],[-16.697659623,39.120627231],[-16.697763708,39.120627163],[-16.697762998,39.119967261],[-16.697658913,39.119967329]]]}},
{"type":"Feature","properties":{"plot_id":2,"poly_line":"1_1","strip_id":15},"geometry":{"type":"Polygon","coordinates":[[[-16.697659623,39.120627231],[-16.697660333,39.121287132],[-16.697764419,39.121287064],[-16.697763708,39.120627163],[-16.697659623,39.120627231]]]}},
{"type":"Feature","properties":{"plot_id":3,"poly_line":"1_1","strip_id":15},"geometry":{"type":"Polygon","coordinates":[[[-16.697660333,39.121287132],[-16.697661042,39.121947034],[-16.69776513,39.121946966],[-16.697764419,39.121287064],[-16.697660333,39.121287132]]]}},
{"type":"Feature","properties":{"plot_id":4,"poly_line":"1_1","strip_id":15},"geometry":{"type":"Polygon","coordinates":[[[-16.697661042,39.121947034],[-16.697661753,39.122606936],[-16.697765841,39.122606868],[-16.69776513,39.121946966],[-16.697661042,39.121947034]]]}},
{"type":"Feature","properties":{"plot_id":5,"poly_line":"1_1","strip_id":15},"geometry":{"type":"Polygon","coordinates":[[[-16.697661753,39.122606936],[-16.697662463,39.123266837],[-16.697766552,39.123266769],[-16.697765841,39.122606868],[-16.697661753,39.122606936]]]}},
{"type":"Feature","properties":{"plot_id":6,"poly_line":"1_1","strip_id":15},"geometry":{"type":"Polygon","coordinates":[[[-16.697662463,39.123266837],[-16.697663174,39.123926739],[-16.697767264,39.123926671],[-16.697766552,39.123266769],[-16.697662463,39.123266837]]]}},
{"type":"Feature","properties":{"plot_id":7,"poly_line":"1_1","strip_id":15},"geometry":{"type":"Polygon","coordinates":[[[-16.697663174,39.123926739],[-16.697663885,39.12458664],[-16.697767976,39.124586572],[-16.697767264,39.123926671],[-16.697663174,39.123926739]]]}},
{"type":"Feature","properties":{"plot_id":8,"poly_line":"1_1","strip_id":15},"geometry":{"type":"Polygon","coordinates":[[[-16.697663885,39.12458664],[-16.697664596,39.125246541],[-16.697768688,39.125246473],[-16.697767976,39.124586572],[-16.697663885,39.12458664]]]}},
{"type":"Feature","properties":{"plot_id":9,"poly_line":"1_1","strip_id":15},"geometry":{"type":"Polygon","coordinates":[[[-16.697664596,39.125246541],[-16.697665307,39.125906443],[-16.6977694,39.125906374],[-16.697768688,39.125246473],[-16.697664596,39.125246541]]]}},
{"type":"Feature","properties":{"plot_id":10,"poly_line":"1_1","strip_id":15},"geometry":{"type":"Polygon","coordinates":[[[-16.697665307,39.125906443],[-16.697666019,39.126566344],[-16.697770113,39.126566276],[-16.6977694,39.125906374],[-16.697665307,39.125906443]]]}},
{"type":"Feature","properties":{"plot_id":1,"poly_line":"1_1","strip_id":16},"geometry":{"type":"Polygon","coordinates":[[[-16.697762994,39.119964186],[-16.697763705,39.120623965],[-16.69786779,39.120623897],[-16.697867079,39.119964118],[-16.697762994,39.119964186]]]}},
{"type":"Feature","properties":{"plot_id":2,"poly_line":"1_1","strip_id":16},"geometry":{"type":"Polygon","coordinates":[[[-16.697763705,39.120623965],[-16.697764415,39.121283743],[-16.697868502,39.121283675],[-16.69786779,39.120623897],[-16.697763705,39.120623965]]]}},
{"type":"Feature","properties":{"plot_id":3,"poly_line":"1_1","strip_id":16},"geometry":{"type":"Polygon","coordinates":[[[-16.697764415,39.121283743],[-16.697765126,39.121943522],[-16.697869213,39.121943454],[-16.697868502,39.121283675],[-16.697764415,39.121283743]]]}},
{"type":"Feature","properties":{"plot_id":4,"poly_line":"1_1","strip_id":16},"geometry":{"type":"Polygon","coordinates":[[[-16.697765126,39.121943522],[-16.697765837,39.122603301],[-16.697869925,39.122603233],[-16.697869213,39.121943454],[-16.697765126,39.121943522]]]}},
{"type":"Feature","properties":{"plot_id":5,"poly_line":"1_1","strip_id":16},"geometry":{"type":"Polygon","coordinates":[[[-16.697765837,39.122603301],[-16.697766548,39.123263079],[-16.697870638,39.123263011],[-16.697869925,39.122603233],[-16.697765837,39.122603301]]]}},
{"type":"Feature","properties":{"plot_id":6,"poly_line":"1_1","strip_id":16},"geometry":{"type":"Polygon","coordinates":[[[-16.697766548,39.123263079],[-16.69776726,39.123922858],[-16.69787135,39.12392279],[-16.697870638,39.123263011],[-16.697766548,39.123263079]]]}},
{"type":"Feature","properties":{"plot_id":7,"poly_line":"1_1","strip_id":16},"geometry":{"type":"Polygon","coordinates":[[[-16.69776726,39.123922858],[-16.697767972,39.124582636],[-16.697872063,39.124582568],[-16.69787135,39.12392279],[-16.69776726,39.123922858]]]}},
{"type":"Feature","properties":{"plot_id":8,"poly_line":"1_1","strip_id":16},"geometry":{"type":"Polygon","coordinates":[[[-16.697767972,39.124582636],[-16.697768684,39.125242415],[-16.697872776,39.125242347],[-16.697872063,39.124582568],[-16.697767972,39.124582636]]]}},
{"type":"Feature","properties":{"plot_id":9,"poly_line":"1_1","strip_id":16},"geometry":{"type":"Polygon","coordinates":[[[-16.697768684,39.125242415],[-16.697769396,39.125902193],[-16.697873489,39.125902125],[-16.697872776,39.125242347],[-16.697768684,39.125242415]]]}},
{"type":"Feature","properties":{"plot_id":10,"poly_line":"1_1","strip_id":16},"geometry":{"type":"Polygon","coordinates":[[[-16.697769396,39.125902193],[-16.697770108,39.126561971],[-16.697874202,39.126561903],[-16.697873489,39.125902125],[-16.697769396,39.125902193]]]}},
{"type":"Feature","properties":{"plot_id":1,"poly_line":"1_1","strip_id":17},"geometry":{"type":"Polygon","coordinates":[[[-16.697867075,39.119961043],[-16.697867787,39.120620699],[-16.697971872,39.12062063],[-16.69797116,39.119960974],[-16.697867075,39.119961043]]]}},
{"type":"Feature","properties":{"plot_id":2,"poly_line":"1_1","strip_id":17},"geometry":{"type":"Polygon","coordinates":[[[-16.697867787,39.120620699],[-16.697868498,39.121280354],[-16.697972584,39.121280286],[-16.697971872,39.12062063],[-16.697867787,39.120620699]]]}},
{"type":"Feature","properties":{"plot_id":3,"poly_line":"1_1","strip_id":17},"geometry":{"type":"Polygon","coordinates":[[[-16.697868498,39.121280354],[-16.69786921,39.12194001],[-16.697973297,39.121939942],[-16.697972584,39.121280286],[-16.697868498,39.121280354]]]}},
{"type":"Feature","properties":{"plot_id":4,"poly_line":"1_1","strip_id":17},"geometry":{"type":"Polygon","coordinates":[[[-16.69786921,39.12194001],[-16.697869922,39.122599666],[-16.69797401,39.122599598],[-16.697973297,39.121939942],[-16.69786921,39.12194001]]]}},
{"type":"Feature","properties":{"plot_id":5,"poly_line":"1_1","strip_id":17},"geometry":{"type":"Polygon","coordinates":[[[-16.697869922,39.122599666],[-16.697870634,39.123259322],[-16.697974723,39.123259253],[-16.69797401,39.122599598],[-16.697869922,39.122599666]]]}},
{"type":"Feature","properties":{"plot_id":6,"poly_line":"1_1","strip_id":17},"geometry":{"type":"Polygon","coordinates":[[[-16.697870634,39.123259322],[-16.697871346,39.123918977],[-16.697975436,39.123918909],[-16.697974723,39.123259253],[-16.697870634,39.123259322]]]}},
{"type":"Feature","properties":{"plot_id":7,"poly_line":"1_1","strip_id":17},"geometry":{"type":"Polygon","coordinates":[[[-16.697871346,39.123918977],[-16.697872059,39.124578633],[-16.69797615,39.124578565],[-16.697975436,39.123918909],[-16.697871346,39.123918977]]]}},
{"type":"Feature","properties":{"plot_id":8,"poly_line":"1_1","strip_id":17},"geometry":{"type":"Polygon","coordinates":[[[-16.697872059,39.124578633],[-16.697872771,39.125238288],[-16.697976863,39.12523822],[-16.69797615,39.124578565],[-16.697872059,39.124578633]]]}},
{"type":"Feature","properties":{"plot_id":9,"poly_line":"1_1","strip_id":17},"geometry":{"type":"Polygon","coordinates":[[[-16.697872771,39.125238288],[-16.697873484,39.125897944],[-16.697977578,39.125897875],[-16.697976863,39.12523822],[-16.697872771,39.125238288]]]}},
{"type":"Feature","properties":{"plot_id":10,"poly_line":"1_1","strip_id":17},"geometry":{"type":"Polygon","coordinates":[[[-16.697873484,39.125897944],[-16.697874198,39.126557599],[-16.697978292,39.126557531],[-16.697977578,39.125897875],[-16.697873484,39.125897944]]]}},
{"type":"Feature","properties":{"plot_id":1,"poly_line":"1_1","strip_id":18},"geometry":{"type":"Polygon","coordinates":[[[-16.697971156,39.119957899],[-16.697971868,39.120617432],[-16.698075954,39.120617364],[-16.698075241,39.119957831],[-16.697971156,39.119957899]]]}},
{"type":"Feature","properties":{"plot_id":2,"poly_line":"1_1","strip_id":18},"geometry":{"type":"Polygon","coordinates":[[[-16.697971868,39.120617432],[-16.697972581,39.121276965],[-16.698076667,39.121276897],[-16.698075954,39.120617364],[-16.697971868,39.120617432]]]}},
{"type":"Feature","properties":{"plot_id":3,"poly_line":"1_1","strip_id":18},"geometry":{"type":"Polygon","coordinates":[[[-16.697972581,39.121276965],[-16.697973293,39.121936498],[-16.69807738,39.12193643],[-16.698076667,39.121276897],[-16.697972581,39.121276965]]]}},
{"type":"Feature","properties":{"plot_id":4,"poly_line":"1_1","strip_id":18},"geometry":{"type":"Polygon","coordinates":[[[-16.697973293,39.121936498],[-16.697974006,39.122596031],[-16.698078094,39.122595963],[-16.69807738,39.12193643],[-16.697973293,39.121936498]]]}},
{"type":"Feature","properties":{"plot_id":5,"poly_line":"1_1","strip_id":18},"geometry":{"type":"Polygon","coordinates":[[[-16.697974006,39.122596031],[-16.697974719,39.123255564],[-16.698078808,39.123255496],[-16.698078094,39.122595963],[-16.697974006,39.122596031]]]}},
{"type":"Feature","properties":{"plot_id":6,"poly_line":"1_1","strip_id":18},"geometry":{"type":"Polygon","coordinates":[[[-16.697974719,39.123255564],[-16.697975432,39.123915097],[-16.698079522,39.123915028],[-16.698078808,39.123255496],[-16.697974719,39.123255564]]]}},
{"type":"Feature","properties":{"plot_id":7,"poly_line":"1_1","strip_id":18},"geometry":{"type":"Polygon","coordinates":[[[-16.697975432,39.123915097],[-16.697976145,39.124574629],[-16.698080237,39.124574561],[-16.698079522,39.123915028],[-16.697975432,39.123915097]]]}},
{"type":"Feature","properties":{"plot_id":8,"poly_line":"1_1","strip_id":18},"geometry":{"type":"Polygon","coordinates":[[[-16.697976145,39.124574629],[-16.697976859,39.125234162],[-16.698080951,39.125234093],[-16.698080237,39.124574561],[-16.697976145,39.124574629]]]}},
{"type":"Feature","properties":{"plot_id":9,"poly_line":"1_1","strip_id":18},"geometry":{"type":"Polygon","coordinates":[[[-16.697976859,39.125234162],[-16.697977573,39.125893694],[-16.698081666,39.125893626],[-16.698080951,39.125234093],[-16.697976859,39.125234162]]]}},
{"type":"Feature","properties":{"plot_id":10,"poly_line":"1_1","strip_id":18},"geometry":{"type":"Polygon","coordinates":[[[-16.697977573,39.125893694],[-16.697978287,39.126553227],[-16.698082381,39.126553158],[-16.698081666,39.125893626],[-16.697977573,39.125893694]]]}},
{"type":"Feature","properties":{"plot_id":1,"poly_line":"1_1","strip_id":19},"geometry":{"type":"Polygon","coordinates":[[[-16.698075238,39.119954756],[-16.69807595,39.120614166],[-16.698180036,39.120614098],[-16.698179322,39.119954688],[-16.698075238,39.119954756]]]}},
{"type":"Feature","properties":{"plot_id":2,"poly_line":"1_1","strip_id":19},"geometry":{"type":"Polygon","coordinates":[[[-16.69807595,39.120614166],[-16.698076663,39.121273576],[-16.69818075,39.121273508],[-16.698180036,39.120614098],[-16.69807595,39.120614166]]]}},
{"type":"Feature","properties":{"plot_id":3,"poly_line":"1_1","strip_id":19},"geometry":{"type":"Polygon","coordinates":[[[-16.698076663,39.121273576],[-16.698077377,39.121932986],[-16.698181464,39.121932918],[-16.69818075,39.121273508],[-16.698076663,39.121273576]]]}},
{"type":"Feature","properties":{"plot_id":4,"poly_line":"1_1","strip_id":19},"geometry":{"type":"Polygon","coordinates":[[[-16.698077377,39.121932986],[-16.69807809,39.122592396],[-16.698182179,39.122592328],[-16.698181464,39.121932918],[-16.698077377,39.121932986]]]}},
{"type":"Feature","properties":{"plot_id":5,"poly_line":"1_1","strip_id":19},"geometry":{"type":"Polygon","coordinates":[[[-16.69807809,39.122592396],[-16.698078804,39.123251806],[-16.698182893,39.123251737],[-16.698182179,39.122592328],[-16.69807809,39.122592396]]]}},
{"type":"Feature","properties":{"plot_id":6,"poly_line":"1_1","strip_id":19},"geometry":{"type":"Polygon","coordinates":[[[-16.698078804,39.123251806],[-16.698079518,39.123911216],[-16.698183608,39.123911147],[-16.698182893,39.123251737],[-16.698078804,39.123251806]]]}},
{"type":"Feature","properties":{"plot_id":7,"poly_line":"1_1","strip_id":19},"geometry":{"type":"Polygon","coordinates":[[[-16.698079518,39.123911216],[-16.698080232,39.124570625],[-16.698184323,39.124570557],[-16.698183608,39.123911147],[-16.698079518,39.123911216]]]}},
{"type":"Feature","properties":{"plot_id":8,"poly_line":"1_1","strip_id":19},"geometry":{"type":"Polygon","coordinates":[[[-16.698080232,39.124570625],[-16.698080947,39.125230035],[-16.698185039,39.125229967],[-16.698184323,39.124570557],[-16.698080232,39.124570625]]]}},
{"type":"Feature","properties":{"plot_id":9,"poly_line":"1_1","strip_id":19},"geometry":{"type":"Polygon","coordinates":[[[-16.698080947,39.125230035],[-16.698081662,39.125889445],[-16.698185755,39.125889376],[-16.698185039,39.125229967],[-16.698080947,39.125230035]]]}},
{"type":"Feature","properties":{"plot_id":10,"poly_line":"1_1","strip_id":19},"geometry":{"type":"Polygon","coordinates":[[[-16.698081662,39.125889445],[-16.698082377,39.126548854],[-16.698186471,39.126548785],[-16.698185755,39.125889376],[-16.698081662,39.125889445]]]}},
{"type":"Feature","properties":{"plot_id":1,"poly_line":"1_1","strip_id":20},"geometry":{"type":"Polygon","coordinates":[[[-16.698179319,39.119951613],[-16.698180032,39.1206109],[-16.698284118,39.120610831],[-16.698283403,39.119951544],[-16.698179319,39.119951613]]]}},
{"type":"Feature","properties":{"plot_id":2,"poly_line":"1_1","strip_id":20},"geometry":{"type":"Polygon","coordinates":[[[-16.698180032,39.1206109],[-16.698180746,39.121270187],[-16.698284832,39.121270118],[-16.698284118,39.120610831],[-16.698180032,39.1206109]]]}},
{"type":"Feature","properties":{"plot_id":3,"poly_line":"1_1","strip_id":20},"geometry":{"type":"Polygon","coordinates":[[[-16.698180746,39.121270187],[-16.69818146,39.121929474],[-16.698285548,39.121929405],[-16.698284832,39.121270118],[-16.698180746,39.121270187]]]}},
{"type":"Feature","properties":{"plot_id":4,"poly_line":"1_1","strip_id":20},"geometry":{"type":"Polygon","coordinates":[[[-16.69818146,39.121929474],[-16.698182175,39.122588761],[-16.698286263,39.122588692],[-16.698285548,39.121929405],[-16.69818146,39.121929474]]]}},
{"type":"Feature","properties":{"plot_id":5,"poly_line":"1_1","strip_id":20},"geometry":{"type":"Polygon","coordinates":[[[-16.698182175,39.122588761],[-16.698182889,39.123248048],[-16.698286978,39.123247979],[-16.698286263,39.122588692],[-16.698182175,39.122588761]]]}},
{"type":"Feature","properties":{"plot_id":6,"poly_line":"1_1","strip_id":20},"geometry":{"type":"Polygon","coordinates":[[[-16.698182889,39.123248048],[-16.698183604,39.123907335],[-16.698287694,39.123907266],[-16.698286978,39.123247979],[-16.698182889,39.123248048]]]}},
{"type":"Feature","properties":{"plot_id":7,"poly_line":"1_1","strip_id":20},"geometry":{"type":"Polygon","coordinates":[[[-16.698183604,39.123907335],[-16.698184319,39.124566621],[-16.69828841,39.124566553],[-16.698287694,39.123907266],[-16.698183604,39.123907335]]]}},
{"type":"Feature","properties":{"plot_id":8,"poly_line":"1_1","strip_id":20},"geometry":{"type":"Polygon","coordinates":[[[-16.698184319,39.124566621],[-16.698185035,39.125225908],[-16.698289127,39.12522584],[-16.69828841,39.124566553],[-16.698184319,39.124566621]]]}},
{"type":"Feature","properties":{"plot_id":9,"poly_line":"1_1","strip_id":20},"geometry":{"type":"Polygon","coordinates":[[[-16.698185035,39.125225908],[-16.69818575,39.125885195],[-16.698289843,39.125885126],[-16.698289127,39.12522584],[-16.698185035,39.125225908]]]}},
{"type":"Feature","properties":{"plot_id":10,"poly_line":"1_1","strip_id":20},"geometry":{"type":"Polygon","coordinates":[[[-16.69818575,39.125885195],[-16.698186466,39.126544481],[-16.69829056,39.126544413],[-16.698289843,39.125885126],[-16.69818575,39.125885195]]]}},
{"type":"Feature","properties":{"plot_id":1,"poly_line":"1_1","strip_id":21},"geometry":{"type":"Polygon","coordinates":[[[-16.698283403,39.119951712],[-16.698284197,39.120683756],[-16.698388282,39.120683688],[-16.698387487,39.119951644],[-16.698283403,39.119951712]]]}},
{"type":"Feature","properties":{"plot_id":2,"poly_line":"1_1","strip_id":21},"geometry":{"type":"Polygon","coordinates":[[[-16.698284197,39.120683756],[-16.69828499,39.121415801],[-16.698389077,39.121415732],[-16.698388282,39.120683688],[-16.698284197,39.120683756]]]}},
{"type":"Feature","properties":{"plot_id":3,"poly_line":"1_1","strip_id":21},"geometry":{"type":"Polygon","coordinates":[[[-16.69828499,39.121415801],[-16.698285785,39.122147845],[-16.698389872,39.122147776],[-16.698389077,39.121415732],[-16.69828499,39.121415801]]]}},
{"type":"Feature","properties":{"plot_id":4,"poly_line":"1_1","strip_id":21},"geometry":{"type":"Polygon","coordinates":[[[-16.698285785,39.122147845],[-16.698286579,39.122879889],[-16.698390668,39.122879821],[-16.698389872,39.122147776],[-16.698285785,39.122147845]]]}},
{"type":"Feature","properties":{"plot_id":5,"poly_line":"1_1","strip_id":21},"geometry":{"type":"Polygon","coordinates":[[[-16.698286579,39.122879889],[-16.698287374,39.123611933],[-16.698391463,39.123611865],[-16.698390668,39.122879821],[-16.698286579,39.122879889]]]}},
{"type":"Feature","properties":{"plot_id":6,"poly_line":"1_1","strip_id":21},"geometry":{"type":"Polygon","coordinates":[[[-16.698287374,39.123611933],[-16.698288169,39.124343977],[-16.698392259,39.124343909],[-16.698391463,39.123611865],[-16.698287374,39.123611933]]]}},
{"type":"Feature","properties":{"plot_id":7,"poly_line":"1_1","strip_id":21},"geometry":{"type":"Polygon","coordinates":[[[-16.698288169,39.124343977],[-16.698288964,39.125076021],[-16.698393056,39.125075952],[-16.698392259,39.124343909],[-16.698288169,39.124343977]]]}},
{"type":"Feature","properties":{"plot_id":8,"poly_line":"1_1","strip_id":21},"geometry":{"type":"Polygon","coordinates":[[[-16.698288964,39.125076021],[-16.698289759,39.125808065],[-16.698393852,39.125807996],[-16.698393056,39.125075952],[-16.698288964,39.125076021]]]}},
{"type":"Feature","properties":{"plot_id":9,"poly_line":"1_1","strip_id":21},"geometry":{"type":"Polygon","coordinates":[[[-16.698289759,39.125808065],[-16.698290555,39.126540109],[-16.698394649,39.12654004],[-16.698393852,39.125807996],[-16.698289759,39.125808065]]]}},
{"type":"Feature","properties":{"plot_id":1,"poly_line":"1_1","strip_id":22},"geometry":{"type":"Polygon","coordinates":[[[-16.698387495,39.119958857],[-16.698388288,39.120689621],[-16.698492374,39.120689553],[-16.69849158,39.119958788],[-16.698387495,39.119958857]]]}},
{"type":"Feature","properties":{"plot_id":2,"poly_line":"1_1","strip_id":22},"geometry":{"type":"Polygon","coordinates":[[[-16.698388288,39.120689621],[-16.698389082,39.121420386],[-16.698493168,39.121420317],[-16.698492374,39.120689553],[-16.698388288,39.120689621]]]}},
{"type":"Feature","properties":{"plot_id":3,"poly_line":"1_1","strip_id":22},"geometry":{"type":"Polygon","coordinates":[[[-16.698389082,39.121420386],[-16.698389876,39.122151151],[-16.698493963,39.122151082],[-16.698493168,39.121420317],[-16.698389082,39.121420386]]]}},
{"type":"Feature","properties":{"plot_id":4,"poly_line":"1_1","strip_id":22},"geometry":{"type":"Polygon","coordinates":[[[-16.698389876,39.122151151],[-16.69839067,39.122881915],[-16.698494758,39.122881846],[-16.698493963,39.122151082],[-16.698389876,39.122151151]]]}},
{"type":"Feature","properties":{"plot_id":5,"poly_line":"1_1","strip_id":22},"geometry":{"type":"Polygon","coordinates":[[[-16.69839067,39.122881915],[-16.698391464,39.123612679],[-16.698495554,39.123612611],[-16.698494758,39.122881846],[-16.69839067,39.122881915]]]}},
{"type":"Feature","properties":{"plot_id":6,"poly_line":"1_1","strip_id":22},"geometry":{"type":"Polygon","coordinates":[[[-16.698391464,39.123612679],[-16.698392259,39.124343444],[-16.69849635,39.124343375],[-16.698495554,39.123612611],[-16.698391464,39.123612679]]]}},
{"type":"Feature","properties":{"plot_id":7,"poly_line":"1_1","strip_id":22},"geometry":{"type":"Polygon","coordinates":[[[-16.698392259,39.124343444],[-16.698393054,39.125074208],[-16.698497146,39.125074139],[-16.69849635,39.124343375],[-16.698392259,39.124343444]]]}},
{"type":"Feature","properties":{"plot_id":8,"poly_line":"1_1","strip_id":22},"geometry":{"type":"Polygon","coordinates":[[[-16.698393054,39.125074208],[-16.698393849,39.125804972],[-16.698497942,39.125804903],[-16.698497146,39.125074139],[-16.698393054,39.125074208]]]}},
{"type":"Feature","properties":{"plot_id":9,"poly_line":"1_1","strip_id":22},"geometry":{"type":"Polygon","coordinates":[[[-16.698393849,39.125804972],[-16.698394645,39.126535736],[-16.698498739,39.126535667],[-16.698497942,39.125804903],[-16.698393849,39.125804972]]]}},
{"type":"Feature","properties":{"plot_id":1,"poly_line":"1_1","strip_id":23},"geometry":{"type":"Polygon","coordinates":[[[-16.698491587,39.119966001],[-16.69849238,39.120695486],[-16.698596466,39.120695418],[-16.698595672,39.119965933],[-16.698491587,39.119966001]]]}},
{"type":"Feature","properties":{"plot_id":2,"poly_line":"1_1","strip_id":23},"geometry":{"type":"Polygon","coordinates":[[[-16.69849238,39.120695486],[-16.698493174,39.121424971],[-16.69859726,39.121424903],[-16.698596466,39.120695418],[-16.69849238,39.120695486]]]}},
{"type":"Feature","properties":{"plot_id":3,"poly_line":"1_1","strip_id":23},"geometry":{"type":"Polygon","coordinates":[[[-16.698493174,39.121424971],[-16.698493967,39.122154456],[-16.698598055,39.122154387],[-16.69859726,39.121424903],[-16.698493174,39.121424971]]]}},
{"type":"Feature","properties":{"plot_id":4,"poly_line":"1_1","strip_id":23},"geometry":{"type":"Polygon","coordinates":[[[-16.698493967,39.122154456],[-16.698494761,39.122883941],[-16.698598849,39.122883872],[-16.698598055,39.122154387],[-16.698493967,39.122154456]]]}},
{"type":"Feature","properties":{"plot_id":5,"poly_line":"1_1","strip_id":23},"geometry":{"type":"Polygon","coordinates":[[[-16.698494761,39.122883941],[-16.698495555,39.123613425],[-16.698599645,39.123613357],[-16.698598849,39.122883872],[-16.698494761,39.122883941]]]}},
{"type":"Feature","properties":{"plot_id":6,"poly_line":"1_1","strip_id":23},"geometry":{"type":"Polygon","coordinates":[[[-16.698495555,39.123613425],[-16.698496349,39.12434291],[-16.69860044,39.124342841],[-16.698599645,39.123613357],[-16.698495555,39.123613425]]]}},
{"type":"Feature","properties":{"plot_id":7,"poly_line":"1_1","strip_id":23},"geometry":{"type":"Polygon","coordinates":[[[-16.698496349,39.12434291],[-16.698497144,39.125072394],[-16.698601236,39.125072325],[-16.69860044,39.124342841],[-16.698496349,39.12434291]]]}},
{"type":"Feature","properties":{"plot_id":8,"poly_line":"1_1","strip_id":23},"geometry":{"type":"Polygon","coordinates":[[[-16.698497144,39.125072394],[-16.698497939,39.125801879],[-16.698602032,39.12580181],[-16.698601236,39.125072325],[-16.698497144,39.125072394]]]}},
{"type":"Feature","properties":{"plot_id":9,"poly_line":"1_1","strip_id":23},"geometry":{"type":"Polygon","coordinates":[[[-16.698497939,39.125801879],[-16.698498734,39.126531363],[-16.698602828,39.126531294],[-16.698602032,39.12580181],[-16.698497939,39.125801879]]]}},
{"type":"Feature","properties":{"plot_id":1,"poly_line":"1_1","strip_id":24},"geometry":{"type":"Polygon","coordinates":[[[-16.69859568,39.119973146],[-16.698596472,39.120701351],[-16.698700558,39.120701282],[-16.698699764,39.119973077],[-16.69859568,39.119973146]]]}},
{"type":"Feature","properties":{"plot_id":2,"poly_line":"1_1","strip_id":24},"geometry":{"type":"Polygon","coordinates":[[[-16.698596472,39.120701351],[-16.698597265,39.121429556],[-16.698701352,39.121429488],[-16.698700558,39.120701282],[-16.698596472,39.120701351]]]}},
{"type":"Feature","properties":{"plot_id":3,"poly_line":"1_1","strip_id":24},"geometry":{"type":"Polygon","coordinates":[[[-16.698597265,39.121429556],[-16.698598058,39.122157761],[-16.698702146,39.122157693],[-16.698701352,39.121429488],[-16.698597265,39.121429556]]]}},
{"type":"Feature","properties":{"plot_id":4,"poly_line":"1_1","strip_id":24},"geometry":{"type":"Polygon","coordinates":[[[-16.698598058,39.122157761],[-16.698598852,39.122885966],[-16.69870294,39.122885898],[-16.698702146,39.122157693],[-16.698598058,39.122157761]]]}},
{"type":"Feature","properties":{"plot_id":5,"poly_line":"1_1","strip_id":24},"geometry":{"type":"Polygon","coordinates":[[[-16.698598852,39.122885966],[-16.698599645,39.123614171],[-16.698703735,39.123614102],[-16.69870294,39.122885898],[-16.698598852,39.122885966]]]}},
{"type":"Feature","properties":{"plot_id":6,"poly_line":"1_1","strip_id":24},"geometry":{"type":"Polygon","coordinates":[[[-16.698599645,39.123614171],[-16.698600439,39.124342376],[-16.69870453,39.124342307],[-16.698703735,39.123614102],[-16.698599645,39.123614171]]]}},
{"type":"Feature","properties":{"plot_id":7,"poly_line":"1_1","strip_id":24},"geometry":{"type":"Polygon","coordinates":[[[-16.698600439,39.124342376],[-16.698601234,39.125070581],[-16.698705326,39.125070512],[-16.69870453,39.124342307],[-16.698600439,39.124342376]]]}},
{"type":"Feature","properties":{"plot_id":8,"poly_line":"1_1","strip_id":24},"geometry":{"type":"Polygon","coordinates":[[[-16.698601234,39.125070581],[-16.698602028,39.125798785],[-16.698706121,39.125798716],[-16.698705326,39.125070512],[-16.698601234,39.125070581]]]}},
{"type":"Feature","properties":{"plot_id":9,"poly_line":"1_1","strip_id":24},"geometry":{"type":"Polygon","coordinates":[[[-16.698602028,39.125798785],[-16.698602823,39.12652699],[-16.698706917,39.126526921],[-16.698706121,39.125798716],[-16.698602028,39.125798785]]]}},
{"type":"Feature","properties":{"plot_id":1,"poly_line":"1_1","strip_id":25},"geometry":{"type":"Polygon","coordinates":[[[-16.698699765,39.119974039],[-16.698700558,39.120701659],[-16.698804643,39.12070159],[-16.698803849,39.11997397],[-16.698699765,39.119974039]]]}},
{"type":"Feature","properties":{"plot_id":2,"poly_line":"1_1","strip_id":25},"geometry":{"type":"Polygon","coordinates":[[[-16.698700558,39.120701659],[-16.698701351,39.121429279],[-16.698805438,39.12142921],[-16.698804643,39.12070159],[-16.698700558,39.120701659]]]}},
{"type":"Feature","properties":{"plot_id":3,"poly_line":"1_1","strip_id":25},"geometry":{"type":"Polygon","coordinates":[[[-16.698701351,39.121429279],[-16.698702145,39.122156899],[-16.698806233,39.12215683],[-16.698805438,39.12142921],[-16.698701351,39.121429279]]]}},
{"type":"Feature","properties":{"plot_id":4,"poly_line":"1_1","strip_id":25},"geometry":{"type":"Polygon","coordinates":[[[-16.698702145,39.122156899],[-16.698702939,39.122884519],[-16.698807027,39.12288445],[-16.698806233,39.12215683],[-16.698702145,39.122156899]]]}},
{"type":"Feature","properties":{"plot_id":5,"poly_line":"1_1","strip_id":25},"geometry":{"type":"Polygon","coordinates":[[[-16.698702939,39.122884519],[-16.698703733,39.123612139],[-16.698807823,39.12361207],[-16.698807027,39.12288445],[-16.698702939,39.122884519]]]}},
{"type":"Feature","properties":{"plot_id":6,"poly_line":"1_1","strip_id":25},"geometry":{"type":"Polygon","coordinates":[[[-16.698703733,39.123612139],[-16.698704527,39.124339758],[-16.698808618,39.124339689],[-16.698807823,39.12361207],[-16.698703733,39.123612139]]]}},
{"type":"Feature","properties":{"plot_id":7,"poly_line":"1_1","strip_id":25},"geometry":{"type":"Polygon","coordinates":[[[-16.698704527,39.124339758],[-16.698705322,39.125067378],[-16.698809414,39.125067309],[-16.698808618,39.124339689],[-16.698704527,39.124339758]]]}},
{"type":"Feature","properties":{"plot_id":8,"poly_line":"1_1","strip_id":25},"geometry":{"type":"Polygon","coordinates":[[[-16.698705322,39.125067378],[-16.698706117,39.125794997],[-16.69881021,39.125794928],[-16.698809414,39.125067309],[-16.698705322,39.125067378]]]}},
{"type":"Feature","properties":{"plot_id":9,"poly_line":"1_1","strip_id":25},"geometry":{"type":"Polygon","coordinates":[[[-16.698706117,39.125794997],[-16.698706913,39.126522617],[-16.698811007,39.126522548],[-16.69881021,39.125794928],[-16.698706117,39.125794997]]]}},
{"type":"Feature","properties":{"plot_id":1,"poly_line":"1_1","strip_id":26},"geometry":{"type":"Polygon","coordinates":[[[-16.698803849,39.119973319],[-16.698804642,39.120700533],[-16.698908728,39.120700464],[-16.698907933,39.11997325],[-16.698803849,39.119973319]]]}},
{"type":"Feature","properties":{"plot_id":2,"poly_line":"1_1","strip_id":26},"geometry":{"type":"Polygon","coordinates":[[[-16.698804642,39.120700533],[-16.698805436,39.121427747],[-16.698909523,39.121427678],[-16.698908728,39.120700464],[-16.698804642,39.120700533]]]}},
{"type":"Feature","properties":{"plot_id":3,"poly_line":"1_1","strip_id":26},"geometry":{"type":"Polygon","coordinates":[[[-16.698805436,39.121427747],[-16.69880623,39.122154961],[-16.698910318,39.122154892],[-16.698909523,39.121427678],[-16.698805436,39.121427747]]]}},
{"type":"Feature","properties":{"plot_id":4,"poly_line":"1_1","strip_id":26},"geometry":{"type":"Polygon","coordinates":[[[-16.69880623,39.122154961],[-16.698807025,39.122882175],[-16.698911114,39.122882106],[-16.698910318,39.122154892],[-16.69880623,39.122154961]]]}},
{"type":"Feature","properties":{"plot_id":5,"poly_line":"1_1","strip_id":26},"geometry":{"type":"Polygon","coordinates":[[[-16.698807025,39.122882175],[-16.69880782,39.123609389],[-16.698911909,39.12360932],[-16.698911114,39.122882106],[-16.698807025,39.122882175]]]}},
{"type":"Feature","properties":{"plot_id":6,"poly_line":"1_1","strip_id":26},"geometry":{"type":"Polygon","coordinates":[[[-16.69880782,39.123609389],[-16.698808615,39.124336603],[-16.698912706,39.124336534],[-16.698911909,39.12360932],[-16.69880782,39.123609389]]]}},
{"type":"Feature","properties":{"plot_id":7,"poly_line":"1_1","strip_id":26},"geometry":{"type":"Polygon","coordinates":[[[-16.698808615,39.124336603],[-16.69880941,39.125063816],[-16.698913502,39.125063747],[-16.698912706,39.124336534],[-16.698808615,39.124336603]]]}},
{"type":"Feature","properties":{"plot_id":8,"poly_line":"1_1","strip_id":26},"geometry":{"type":"Polygon","coordinates":[[[-16.69880941,39.125063816],[-16.698810206,39.12579103],[-16.698914299,39.125790961],[-16.698913502,39.125063747],[-16.69880941,39.125063816]]]}},
{"type":"Feature","properties":{"plot_id":9,"poly_line":"1_1","strip_id":26},"geometry":{"type":"Polygon","coordinates":[[[-16.698810206,39.12579103],[-16.698811002,39.126518243],[-16.698915096,39.126518174],[-16.698914299,39.125790961],[-16.698810206,39.12579103]]]}},
{"type":"Feature","properties":{"plot_id":1,"poly_line":"1_1","strip_id":27},"geometry":{"type":"Polygon","coordinates":[[[-16.698907929,39.119969115],[-16.698908723,39.12069631],[-16.699012809,39.120696241],[-16.699012013,39.119969046],[-16.698907929,39.119969115]]]}},
{"type":"Feature","properties":{"plot_id":2,"poly_line":"1_1","strip_id":27},"geometry":{"type":"Polygon","coordinates":[[[-16.698908723,39.12069631],[-16.698909518,39.121423506],[-16.699013605,39.121423436],[-16.699012809,39.120696241],[-16.698908723,39.12069631]]]}},
{"type":"Feature","properties":{"plot_id":3,"poly_line":"1_1","strip_id":27},"geometry":{"type":"Polygon","coordinates":[[[-16.698909518,39.121423506],[-16.698910313,39.122150701],[-16.699014401,39.122150632],[-16.699013605,39.121423436],[-16.698909518,39.121423506]]]}},
{"type":"Feature","properties":{"plot_id":4,"poly_line":"1_1","strip_id":27},"geometry":{"type":"Polygon","coordinates":[[[-16.698910313,39.122150701],[-16.698911109,39.122877896],[-16.699015198,39.122877827],[-16.699014401,39.122150632],[-16.698910313,39.122150701]]]}},
{"type":"Feature","properties":{"plot_id":5,"poly_line":"1_1","strip_id":27},"geometry":{"type":"Polygon","coordinates":[[[-16.698911109,39.122877896],[-16.698911905,39.123605091],[-16.699015995,39.123605022],[-16.699015198,39.122877827],[-16.698911109,39.122877896]]]}},
{"type":"Feature","properties":{"plot_id":6,"poly_line":"1_1","strip_id":27},"geometry":{"type":"Polygon","coordinates":[[[-16.698911905,39.123605091],[-16.698912701,39.124332286],[-16.699016792,39.124332217],[-16.699015995,39.123605022],[-16.698911905,39.123605091]]]}},
{"type":"Feature","properties":{"plot_id":7,"poly_line":"1_1","strip_id":27},"geometry":{"type":"Polygon","coordinates":[[[-16.698912701,39.124332286],[-16.698913497,39.125059481],[-16.699017589,39.125059411],[-16.699016792,39.124332217],[-16.698912701,39.124332286]]]}},
{"type":"Feature","properties":{"plot_id":8,"poly_line":"1_1","strip_id":27},"geometry":{"type":"Polygon","coordinates":[[[-16.698913497,39.125059481],[-16.698914294,39.125786675],[-16.699018387,39.125786606],[-16.699017589,39.125059411],[-16.698913497,39.125059481]]]}},
{"type":"Feature","properties":{"plot_id":9,"poly_line":"1_1","strip_id":27},"geometry":{"type":"Polygon","coordinates":[[[-16.698914294,39.125786675],[-16.698915091,39.12651387],[-16.699019185,39.126513801],[-16.699018387,39.125786606],[-16.698914294,39.125786675]]]}},
{"type":"Feature","properties":{"plot_id":1,"poly_line":"1_1","strip_id":28},"geometry":{"type":"Polygon","coordinates":[[[-16.699012008,39.119964808],[-16.699012804,39.120691996],[-16.699116889,39.120691927],[-16.699116093,39.119964739],[-16.699012008,39.119964808]]]}},
{"type":"Feature","properties":{"plot_id":2,"poly_line":"1_1","strip_id":28},"geometry":{"type":"Polygon","coordinates":[[[-16.699012804,39.120691996],[-16.6990136,39.121419184],[-16.699117686,39.121419115],[-16.699116889,39.120691927],[-16.699012804,39.120691996]]]}},
{"type":"Feature","properties":{"plot_id":3,"poly_line":"1_1","strip_id":28},"geometry":{"type":"Polygon","coordinates":[[[-16.6990136,39.121419184],[-16.699014396,39.122146372],[-16.699118484,39.122146303],[-16.699117686,39.121419115],[-16.6990136,39.121419184]]]}},
{"type":"Feature","properties":{"plot_id":4,"poly_line":"1_1","strip_id":28},"geometry":{"type":"Polygon","coordinates":[[[-16.699014396,39.122146372],[-16.699015193,39.12287356],[-16.699119282,39.12287349],[-16.699118484,39.122146303],[-16.699014396,39.122146372]]]}},
{"type":"Feature","properties":{"plot_id":5,"poly_line":"1_1","strip_id":28},"geometry":{"type":"Polygon","coordinates":[[[-16.699015193,39.12287356],[-16.69901599,39.123600747],[-16.69912008,39.123600678],[-16.699119282,39.12287349],[-16.699015193,39.12287356]]]}},
{"type":"Feature","properties":{"plot_id":6,"poly_line":"1_1","strip_id":28},"geometry":{"type":"Polygon","coordinates":[[[-16.69901599,39.123600747],[-16.699016787,39.124327935],[-16.699120878,39.124327865],[-16.69912008,39.123600678],[-16.69901599,39.123600747]]]}},
{"type":"Feature","properties":{"plot_id":7,"poly_line":"1_1","strip_id":28},"geometry":{"type":"Polygon","coordinates":[[[-16.699016787,39.124327935],[-16.699017585,39.125055122],[-16.699121676,39.125055053],[-16.699120878,39.124327865],[-16.699016787,39.124327935]]]}},
{"type":"Feature","properties":{"plot_id":8,"poly_line":"1_1","strip_id":28},"geometry":{"type":"Polygon","coordinates":[[[-16.699017585,39.125055122],[-16.699018382,39.125782309],[-16.699122475,39.12578224],[-16.699121676,39.125055053],[-16.699017585,39.125055122]]]}},
{"type":"Feature","properties":{"plot_id":9,"poly_line":"1_1","strip_id":28},"geometry":{"type":"Polygon","coordinates":[[[-16.699018382,39.125782309],[-16.69901918,39.126509497],[-16.699123274,39.126509427],[-16.699122475,39.12578224],[-16.699018382,39.125782309]]]}},
{"type":"Feature","properties":{"plot_id":1,"poly_line":"1_1","strip_id":29},"geometry":{"type":"Polygon","coordinates":[[[-16.699116088,39.119960502],[-16.699116885,39.120687682],[-16.69922097,39.120687613],[-16.699220172,39.119960432],[-16.699116088,39.119960502]]]}},
{"type":"Feature","properties":{"plot_id":2,"poly_line":"1_1","strip_id":29},"geometry":{"type":"Polygon","coordinates":[[[-16.699116885,39.120687682],[-16.699117682,39.121414863],[-16.699221768,39.121414793],[-16.69922097,39.120687613],[-16.699116885,39.120687682]]]}},
{"type":"Feature","properties":{"plot_id":3,"poly_line":"1_1","strip_id":29},"geometry":{"type":"Polygon","coordinates":[[[-16.699117682,39.121414863],[-16.699118479,39.122142043],[-16.699222567,39.122141974],[-16.699221768,39.121414793],[-16.699117682,39.121414863]]]}},
{"type":"Feature","properties":{"plot_id":4,"poly_line":"1_1","strip_id":29},"geometry":{"type":"Polygon","coordinates":[[[-16.699118479,39.122142043],[-16.699119277,39.122869223],[-16.699223365,39.122869154],[-16.699222567,39.122141974],[-16.699118479,39.122142043]]]}},
{"type":"Feature","properties":{"plot_id":5,"poly_line":"1_1","strip_id":29},"geometry":{"type":"Polygon","coordinates":[[[-16.699119277,39.122869223],[-16.699120075,39.123596403],[-16.699224165,39.123596334],[-16.699223365,39.122869154],[-16.699119277,39.122869223]]]}},
{"type":"Feature","properties":{"plot_id":6,"poly_line":"1_1","strip_id":29},"geometry":{"type":"Polygon","coordinates":[[[-16.699120075,39.123596403],[-16.699120873,39.124323583],[-16.699224964,39.124323514],[-16.699224165,39.123596334],[-16.699120075,39.123596403]]]}},
{"type":"Feature","properties":{"plot_id":7,"poly_line":"1_1","strip_id":29},"geometry":{"type":"Polygon","coordinates":[[[-16.699120873,39.124323583],[-16.699121672,39.125050763],[-16.699225763,39.125050694],[-16.699224964,39.124323514],[-16.699120873,39.124323583]]]}},
{"type":"Feature","properties":{"plot_id":8,"poly_line":"1_1","strip_id":29},"geometry":{"type":"Polygon","coordinates":[[[-16.699121672,39.125050763],[-16.699122471,39.125777943],[-16.699226563,39.125777874],[-16.699225763,39.125050694],[-16.699121672,39.125050763]]]}},
{"type":"Feature","properties":{"plot_id":9,"poly_line":"1_1","strip_id":29},"geometry":{"type":"Polygon","coordinates":[[[-16.699122471,39.125777943],[-16.69912327,39.126505123],[-16.699227364,39.126505054],[-16.699226563,39.125777874],[-16.699122471,39.125777943]]]}},
{"type":"Feature","properties":{"plot_id":1,"poly_line":"1_1","strip_id":30},"geometry":{"type":"Polygon","coordinates":[[[-16.699220168,39.119956195],[-16.699220965,39.120683368],[-16.699325051,39.120683299],[-16.699324252,39.119956126],[-16.699220168,39.119956195]]]}},
{"type":"Feature","properties":{"plot_id":2,"poly_line":"1_1","strip_id":30},"geometry":{"type":"Polygon","coordinates":[[[-16.699220965,39.120683368],[-16.699221764,39.121410541],[-16.69932585,39.121410472],[-16.699325051,39.120683299],[-16.699220965,39.120683368]]]}},
{"type":"Feature","properties":{"plot_id":3,"poly_line":"1_1","strip_id":30},"geometry":{"type":"Polygon","coordinates":[[[-16.699221764,39.121410541],[-16.699222562,39.122137714],[-16.69932665,39.122137644],[-16.69932585,39.121410472],[-16.699221764,39.121410541]]]}},
{"type":"Feature","properties":{"plot_id":4,"poly_line":"1_1","strip_id":30},"geometry":{"type":"Polygon","coordinates":[[[-16.699222562,39.122137714],[-16.699223361,39.122864887],[-16.699327449,39.122864817],[-16.69932665,39.122137644],[-16.699222562,39.122137714]]]}},
{"type":"Feature","properties":{"plot_id":5,"poly_line":"1_1","strip_id":30},"geometry":{"type":"Polygon","coordinates":[[[-16.699223361,39.122864887],[-16.69922416,39.123592059],[-16.69932825,39.12359199],[-16.699327449,39.122864817],[-16.699223361,39.122864887]]]}},
{"type":"Feature","properties":{"plot_id":6,"poly_line":"1_1","strip_id":30},"geometry":{"type":"Polygon","coordinates":[[[-16.69922416,39.123592059],[-16.699224959,39.124319232],[-16.69932905,39.124319163],[-16.69932825,39.12359199],[-16.69922416,39.123592059]]]}},
{"type":"Feature","properties":{"plot_id":7,"poly_line":"1_1","strip_id":30},"geometry":{"type":"Polygon","coordinates":[[[-16.699224959,39.124319232],[-16.699225759,39.125046405],[-16.699329851,39.125046335],[-16.69932905,39.124319163],[-16.699224959,39.124319232]]]}},
{"type":"Feature","properties":{"plot_id":8,"poly_line":"1_1","strip_id":30},"geometry":{"type":"Polygon","coordinates":[[[-16.699225759,39.125046405],[-16.699226559,39.125773577],[-16.699330652,39.125773508],[-16.699329851,39.125046335],[-16.699225759,39.125046405]]]}},
{"type":"Feature","properties":{"plot_id":9,"poly_line":"1_1","strip_id":30},"geometry":{"type":"Polygon","coordinates":[[[-16.699226559,39.125773577],[-16.699227359,39.12650075],[-16.699331453,39.12650068],[-16.699330652,39.125773508],[-16.699226559,39.125773577]]]}},
{"type":"Feature","properties":{"plot_id":1,"poly_line":"1_1","strip_id":31},"geometry":{"type":"Polygon","coordinates":[[[-16.699324247,39.119951888],[-16.699325046,39.120679054],[-16.699429132,39.120678984],[-16.699428332,39.119951819],[-16.699324247,39.119951888]]]}},
{"type":"Feature","properties":{"plot_id":2,"poly_line":"1_1","strip_id":31},"geometry":{"type":"Polygon","coordinates":[[[-16.699325046,39.120679054],[-16.699325845,39.121406219],[-16.699429932,39.12140615],[-16.699429132,39.120678984],[-16.699325046,39.120679054]]]}},
{"type":"Feature","properties":{"plot_id":3,"poly_line":"1_1","strip_id":31},"geometry":{"type":"Polygon","coordinates":[[[-16.699325845,39.121406219],[-16.699326645,39.122133385],[-16.699430732,39.122133315],[-16.699429932,39.12140615],[-16.699325845,39.121406219]]]}},
{"type":"Feature","properties":{"plot_id":4,"poly_line":"1_1","strip_id":31},"geometry":{"type":"Polygon","coordinates":[[[-16.699326645,39.122133385],[-16.699327445,39.12286055],[-16.699431533,39.122860481],[-16.699430732,39.122133315],[-16.699326645,39.122133385]]]}},
{"type":"Feature","properties":{"plot_id":5,"poly_line":"1_1","strip_id":31},"geometry":{"type":"Polygon","coordinates":[[[-16.699327445,39.12286055],[-16.699328245,39.123587716],[-16.699432334,39.123587646],[-16.699431533,39.122860481],[-16.699327445,39.12286055]]]}},
{"type":"Feature","properties":{"plot_id":6,"poly_line":"1_1","strip_id":31},"geometry":{"type":"Polygon","coordinates":[[[-16.699328245,39.123587716],[-16.699329045,39.124314881],[-16.699433136,39.124314811],[-16.699432334,39.123587646],[-16.699328245,39.123587716]]]}},
{"type":"Feature","properties":{"plot_id":7,"poly_line":"1_1","strip_id":31},"geometry":{"type":"Polygon","coordinates":[[[-16.699329045,39.124314881],[-16.699329846,39.125042046],[-16.699433938,39.125041976],[-16.699433136,39.124314811],[-16.699329045,39.124314881]]]}},
{"type":"Feature","properties":{"plot_id":8,"poly_line":"1_1","strip_id":31},"geometry":{"type":"Polygon","coordinates":[[[-16.699329846,39.125042046],[-16.699330647,39.125769211],[-16.69943474,39.125769141],[-16.699433938,39.125041976],[-16.699329846,39.125042046]]]}},
{"type":"Feature","properties":{"plot_id":9,"poly_line":"1_1","strip_id":31},"geometry":{"type":"Polygon","coordinates":[[[-16.699330647,39.125769211],[-16.699331448,39.126496376],[-16.699435542,39.126496306],[-16.69943474,39.125769141],[-16.699330647,39.125769211]]]}},
{"type":"Feature","properties":{"plot_id":1,"poly_line":"1_1","strip_id":32},"geometry":{"type":"Polygon","coordinates":[[[-16.699428327,39.119947581],[-16.699429127,39.120674739],[-16.699533212,39.12067467],[-16.699532411,39.119947511],[-16.699428327,39.119947581]]]}},
{"type":"Feature","properties":{"plot_id":2,"poly_line":"1_1","strip_id":32},"geometry":{"type":"Polygon","coordinates":[[[-16.699429127,39.120674739],[-16.699429927,39.121401897],[-16.699534014,39.121401828],[-16.699533212,39.12067467],[-16.699429127,39.120674739]]]}},
{"type":"Feature","properties":{"plot_id":3,"poly_line":"1_1","strip_id":32},"geometry":{"type":"Polygon","coordinates":[[[-16.699429927,39.121401897],[-16.699430728,39.122129056],[-16.699534815,39.122128986],[-16.699534014,39.121401828],[-16.699429927,39.121401897]]]}},
{"type":"Feature","properties":{"plot_id":4,"poly_line":"1_1","strip_id":32},"geometry":{"type":"Polygon","coordinates":[[[-16.699430728,39.122129056],[-16.699431529,39.122856214],[-16.699535617,39.122856144],[-16.699534815,39.122128986],[-16.699430728,39.122129056]]]}},
{"type":"Feature","properties":{"plot_id":5,"poly_line":"1_1","strip_id":32},"geometry":{"type":"Polygon","coordinates":[[[-16.699431529,39.122856214],[-16.69943233,39.123583371],[-16.699536419,39.123583302],[-16.699535617,39.122856144],[-16.699431529,39.122856214]]]}},
{"type":"Feature","properties":{"plot_id":6,"poly_line":"1_1","strip_id":32},"geometry":{"type":"Polygon","coordinates":[[[-16.69943233,39.123583371],[-16.699433131,39.124310529],[-16.699537222,39.12431046],[-16.699536419,39.123583302],[-16.69943233,39.123583371]]]}},
{"type":"Feature","properties":{"plot_id":7,"poly_line":"1_1","strip_id":32},"geometry":{"type":"Polygon","coordinates":[[[-16.699433131,39.124310529],[-16.699433933,39.125037687],[-16.699538025,39.125037617],[-16.699537222,39.12431046],[-16.699433131,39.124310529]]]}},
{"type":"Feature","properties":{"plot_id":8,"poly_line":"1_1","strip_id":32},"geometry":{"type":"Polygon","coordinates":[[[-16.699433933,39.125037687],[-16.699434735,39.125764845],[-16.699538828,39.125764775],[-16.699538025,39.125037617],[-16.699433933,39.125037687]]]}},
{"type":"Feature","properties":{"plot_id":9,"poly_line":"1_1","strip_id":32},"geometry":{"type":"Polygon","coordinates":[[[-16.699434735,39.125764845],[-16.699435537,39.126492002],[-16.699539631,39.126491932],[-16.699538828,39.125764775],[-16.699434735,39.125764845]]]}},
{"type":"Feature","properties":{"plot_id":1,"poly_line":"1_1","strip_id":33},"geometry":{"type":"Polygon","coordinates":[[[-16.699532406,39.119943274],[-16.699533208,39.120670425],[-16.699637293,39.120670355],[-16.699636491,39.119943204],[-16.699532406,39.119943274]]]}},
{"type":"Feature","properties":{"plot_id":2,"poly_line":"1_1","strip_id":33},"geometry":{"type":"Polygon","coordinates":[[[-16.699533208,39.120670425],[-16.699534009,39.121397576],[-16.699638095,39.121397506],[-16.699637293,39.120670355],[-16.699533208,39.120670425]]]}},
{"type":"Feature","properties":{"plot_id":3,"poly_line":"1_1","strip_id":33},"geometry":{"type":"Polygon","coordinates":[[[-16.699534009,39.121397576],[-16.699534811,39.122124726],[-16.699638898,39.122124656],[-16.699638095,39.121397506],[-16.699534009,39.121397576]]]}},
{"type":"Feature","properties":{"plot_id":4,"poly_line":"1_1","strip_id":33},"geometry":{"type":"Polygon","coordinates":[[[-16.699534811,39.122124726],[-16.699535612,39.122851877],[-16.699639701,39.122851807],[-16.699638898,39.122124656],[-16.699534811,39.122124726]]]}},
{"type":"Feature","properties":{"plot_id":5,"poly_line":"1_1","strip_id":33},"geometry":{"type":"Polygon","coordinates":[[[-16.699535612,39.122851877],[-16.699536415,39.123579027],[-16.699640504,39.123578958],[-16.699639701,39.122851807],[-16.699535612,39.122851877]]]}},
{"type":"Feature","properties":{"plot_id":6,"poly_line":"1_1","strip_id":33},"geometry":{"type":"Polygon","coordinates":[[[-16.699536415,39.123579027],[-16.699537217,39.124306178],[-16.699641308,39.124306108],[-16.699640504,39.123578958],[-16.699536415,39.123579027]]]}},
{"type":"Feature","properties":{"plot_id":7,"poly_line":"1_1","strip_id":33},"geometry":{"type":"Polygon","coordinates":[[[-16.699537217,39.124306178],[-16.69953802,39.125033328],[-16.699642112,39.125033258],[-16.699641308,39.124306108],[-16.699537217,39.124306178]]]}},
{"type":"Feature","properties":{"plot_id":8,"poly_line":"1_1","strip_id":33},"geometry":{"type":"Polygon","coordinates":[[[-16.69953802,39.125033328],[-16.699538823,39.125760478],[-16.699642916,39.125760408],[-16.699642112,39.125033258],[-16.69953802,39.125033328]]]}},
{"type":"Feature","properties":{"plot_id":9,"poly_line":"1_1","strip_id":33},"geometry":{"type":"Polygon","coordinates":[[[-16.699538823,39.125760478],[-16.699539626,39.126487628],[-16.69964372,39.126487558],[-16.699642916,39.125760408],[-16.699538823,39.125760478]]]}},
{"type":"Feature","properties":{"plot_id":1,"poly_line":"1_1","strip_id":34},"geometry":{"type":"Polygon","coordinates":[[[-16.699636486,39.119938967],[-16.699637288,39.12066611],[-16.699741374,39.12066604],[-16.69974057,39.119938897],[-16.699636486,39.119938967]]]}},
{"type":"Feature","properties":{"plot_id":2,"poly_line":"1_1","strip_id":34},"geometry":{"type":"Polygon","coordinates":[[[-16.699637288,39.12066611],[-16.699638091,39.121393254],[-16.699742177,39.121393184],[-16.699741374,39.12066604],[-16.699637288,39.12066611]]]}},
{"type":"Feature","properties":{"plot_id":3,"poly_line":"1_1","strip_id":34},"geometry":{"type":"Polygon","coordinates":[[[-16.699638091,39.121393254],[-16.699638893,39.122120397],[-16.699742981,39.122120327],[-16.699742177,39.121393184],[-16.699638091,39.121393254]]]}},
{"type":"Feature","properties":{"plot_id":4,"poly_line":"1_1","strip_id":34},"geometry":{"type":"Polygon","coordinates":[[[-16.699638893,39.122120397],[-16.699639696,39.12284754],[-16.699743785,39.12284747],[-16.699742981,39.122120327],[-16.699638893,39.122120397]]]}},
{"type":"Feature","properties":{"plot_id":5,"poly_line":"1_1","strip_id":34},"geometry":{"type":"Polygon","coordinates":[[[-16.699639696,39.12284754],[-16.6996405,39.123574683],[-16.699744589,39.123574613],[-16.699743785,39.12284747],[-16.699639696,39.12284754]]]}},
{"type":"Feature","properties":{"plot_id":6,"poly_line":"1_1","strip_id":34},"geometry":{"type":"Polygon","coordinates":[[[-16.6996405,39.123574683],[-16.699641303,39.124301826],[-16.699745394,39.124301756],[-16.699744589,39.123574613],[-16.6996405,39.123574683]]]}},
{"type":"Feature","properties":{"plot_id":7,"poly_line":"1_1","strip_id":34},"geometry":{"type":"Polygon","coordinates":[[[-16.699641303,39.124301826],[-16.699642107,39.125028969],[-16.699746199,39.125028899],[-16.699745394,39.124301756],[-16.699641303,39.124301826]]]}},
{"type":"Feature","properties":{"plot_id":8,"poly_line":"1_1","strip_id":34},"geometry":{"type":"Polygon","coordinates":[[[-16.699642107,39.125028969],[-16.699642911,39.125756112],[-16.699747004,39.125756042],[-16.699746199,39.125028899],[-16.699642107,39.125028969]]]}},
{"type":"Feature","properties":{"plot_id":9,"poly_line":"1_1","strip_id":34},"geometry":{"type":"Polygon","coordinates":[[[-16.699642911,39.125756112],[-16.699643716,39.126483254],[-16.699747809,39.126483184],[-16.699747004,39.125756042],[-16.699642911,39.125756112]]]}},
{"type":"Feature","properties":{"plot_id":1,"poly_line":"1_1","strip_id":35},"geometry":{"type":"Polygon","coordinates":[[[-16.699740566,39.11993466],[-16.699741369,39.120661796],[-16.699845454,39.120661726],[-16.69984465,39.11993459],[-16.699740566,39.11993466]]]}},
{"type":"Feature","properties":{"plot_id":2,"poly_line":"1_1","strip_id":35},"geometry":{"type":"Polygon","coordinates":[[[-16.699741369,39.120661796],[-16.699742172,39.121388931],[-16.699846259,39.121388862],[-16.699845454,39.120661726],[-16.699741369,39.120661796]]]}},
{"type":"Feature","properties":{"plot_id":3,"poly_line":"1_1","strip_id":35},"geometry":{"type":"Polygon","coordinates":[[[-16.699742172,39.121388931],[-16.699742976,39.122116067],[-16.699847064,39.122115997],[-16.699846259,39.121388862],[-16.699742172,39.121388931]]]}},
{"type":"Feature","properties":{"plot_id":4,"poly_line":"1_1","strip_id":35},"geometry":{"type":"Polygon","coordinates":[[[-16.699742976,39.122116067],[-16.69974378,39.122843203],[-16.699847869,39.122843133],[-16.699847064,39.122115997],[-16.699742976,39.122116067]]]}},
{"type":"Feature","properties":{"plot_id":5,"poly_line":"1_1","strip_id":35},"geometry":{"type":"Polygon","coordinates":[[[-16.69974378,39.122843203],[-16.699744584,39.123570339],[-16.699848674,39.123570269],[-16.699847869,39.122843133],[-16.69974378,39.122843203]]]}},
{"type":"Feature","properties":{"plot_id":6,"poly_line":"1_1","strip_id":35},"geometry":{"type":"Polygon","coordinates":[[[-16.699744584,39.123570339],[-16.699745389,39.124297474],[-16.69984948,39.124297404],[-16.699848674,39.123570269],[-16.699744584,39.123570339]]]}},
{"type":"Feature","properties":{"plot_id":7,"poly_line":"1_1","strip_id":35},"geometry":{"type":"Polygon","coordinates":[[[-16.699745389,39.124297474],[-16.699746194,39.12502461],[-16.699850286,39.12502454],[-16.69984948,39.124297404],[-16.699745389,39.124297474]]]}},
{"type":"Feature","properties":{"plot_id":8,"poly_line":"1_1","strip_id":35},"geometry":{"type":"Polygon","coordinates":[[[-16.699746194,39.12502461],[-16.699746999,39.125751745],[-16.699851092,39.125751675],[-16.699850286,39.12502454],[-16.699746194,39.12502461]]]}},
{"type":"Feature","properties":{"plot_id":9,"poly_line":"1_1","strip_id":35},"geometry":{"type":"Polygon","coordinates":[[[-16.699746999,39.125751745],[-16.699747805,39.12647888],[-16.699851899,39.12647881],[-16.699851092,39.125751675],[-16.699746999,39.125751745]]]}},
{"type":"Feature","properties":{"plot_id":1,"poly_line":"1_1","strip_id":36},"geometry":{"type":"Polygon","coordinates":[[[-16.699844645,39.119930352],[-16.69984545,39.120657481],[-16.699949535,39.120657411],[-16.69994873,39.119930282],[-16.699844645,39.119930352]]]}},
{"type":"Feature","properties":{"plot_id":2,"poly_line":"1_1","strip_id":36},"geometry":{"type":"Polygon","coordinates":[[[-16.69984545,39.120657481],[-16.699846254,39.121384609],[-16.69995034,39.121384539],[-16.699949535,39.120657411],[-16.69984545,39.120657481]]]}},
{"type":"Feature","properties":{"plot_id":3,"poly_line":"1_1","strip_id":36},"geometry":{"type":"Polygon","coordinates":[[[-16.699846254,39.121384609],[-16.699847059,39.122111738],[-16.699951146,39.122111668],[-16.69995034,39.121384539],[-16.699846254,39.121384609]]]}},
{"type":"Feature","properties":{"plot_id":4,"poly_line":"1_1","strip_id":36},"geometry":{"type":"Polygon","coordinates":[[[-16.699847059,39.122111738],[-16.699847864,39.122838866],[-16.699951953,39.122838796],[-16.699951146,39.122111668],[-16.699847059,39.122111738]]]}},
{"type":"Feature","properties":{"plot_id":5,"poly_line":"1_1","strip_id":36},"geometry":{"type":"Polygon","coordinates":[[[-16.699847864,39.122838866],[-16.699848669,39.123565994],[-16.699952759,39.123565924],[-16.699951953,39.122838796],[-16.699847864,39.122838866]]]}},
{"type":"Feature","properties":{"plot_id":6,"poly_line":"1_1","strip_id":36},"geometry":{"type":"Polygon","coordinates":[[[-16.699848669,39.123565994],[-16.699849475,39.124293122],[-16.699953566,39.124293052],[-16.699952759,39.123565924],[-16.699848669,39.123565994]]]}},
{"type":"Feature","properties":{"plot_id":7,"poly_line":"1_1","strip_id":36},"geometry":{"type":"Polygon","coordinates":[[[-16.699849475,39.124293122],[-16.699850281,39.12502025],[-16.699954373,39.12502018],[-16.699953566,39.124293052],[-16.699849475,39.124293122]]]}},
{"type":"Feature","properties":{"plot_id":8,"poly_line":"1_1","strip_id":36},"geometry":{"type":"Polygon","coordinates":[[[-16.699850281,39.12502025],[-16.699851087,39.125747378],[-16.69995518,39.125747308],[-16.699954373,39.12502018],[-16.699850281,39.12502025]]]}},
{"type":"Feature","properties":{"plot_id":9,"poly_line":"1_1","strip_id":36},"geometry":{"type":"Polygon","coordinates":[[[-16.699851087,39.125747378],[-16.699851894,39.126474506],[-16.699955988,39.126474436],[-16.69995518,39.125747308],[-16.699851087,39.125747378]]]}},
{"type":"Feature","properties":{"plot_id":1,"poly_line":"1_1","strip_id":37},"geometry":{"type":"Polygon","coordinates":[[[-16.699948725,39.119926045],[-16.69994953,39.120653166],[-16.700053615,39.120653096],[-16.700052809,39.119925975],[-16.699948725,39.119926045]]]}},
{"type":"Feature","properties":{"plot_id":2,"poly_line":"1_1","strip_id":37},"geometry":{"type":"Polygon","coordinates":[[[-16.69994953,39.120653166],[-16.699950336,39.121380287],[-16.700054422,39.121380217],[-16.700053615,39.120653096],[-16.69994953,39.120653166]]]}},
{"type":"Feature","properties":{"plot_id":3,"poly_line":"1_1","strip_id":37},"geometry":{"type":"Polygon","coordinates":[[[-16.699950336,39.121380287],[-16.699951142,39.122107408],[-16.700055229,39.122107338],[-16.700054422,39.121380217],[-16.699950336,39.121380287]]]}},
{"type":"Feature","properties":{"plot_id":4,"poly_line":"1_1","strip_id":37},"geometry":{"type":"Polygon","coordinates":[[[-16.699951142,39.122107408],[-16.699951948,39.122834529],[-16.700056036,39.122834459],[-16.700055229,39.122107338],[-16.699951142,39.122107408]]]}},
{"type":"Feature","properties":{"plot_id":5,"poly_line":"1_1","strip_id":37},"geometry":{"type":"Polygon","coordinates":[[[-16.699951948,39.122834529],[-16.699952754,39.12356165],[-16.700056844,39.123561579],[-16.700056036,39.122834459],[-16.699951948,39.122834529]]]}},
{"type":"Feature","properties":{"plot_id":6,"poly_line":"1_1","strip_id":37},"geometry":{"type":"Polygon","coordinates":[[[-16.699952754,39.12356165],[-16.699953561,39.12428877],[-16.700057652,39.1242887],[-16.700056844,39.123561579],[-16.699952754,39.12356165]]]}},
{"type":"Feature","properties":{"plot_id":7,"poly_line":"1_1","strip_id":37},"geometry":{"type":"Polygon","coordinates":[[[-16.699953561,39.12428877],[-16.699954368,39.125015891],[-16.70005846,39.125015821],[-16.700057652,39.1242887],[-16.699953561,39.12428877]]]}},
{"type":"Feature","properties":{"plot_id":8,"poly_line":"1_1","strip_id":37},"geometry":{"type":"Polygon","coordinates":[[[-16.699954368,39.125015891],[-16.699955175,39.125743011],[-16.700059268,39.125742941],[-16.70005846,39.125015821],[-16.699954368,39.125015891]]]}},
{"type":"Feature","properties":{"plot_id":9,"poly_line":"1_1","strip_id":37},"geometry":{"type":"Polygon","coordinates":[[[-16.699955175,39.125743011],[-16.699955983,39.126470132],[-16.700060077,39.126470062],[-16.700059268,39.125742941],[-16.699955175,39.125743011]]]}},
{"type":"Feature","properties":{"plot_id":1,"poly_line":"1_1","strip_id":38},"geometry":{"type":"Polygon","coordinates":[[[-16.700052804,39.119921737],[-16.700053611,39.120648851],[-16.700157696,39.120648781],[-16.700156889,39.119921667],[-16.700052804,39.119921737]]]}},
{"type":"Feature","properties":{"plot_id":2,"poly_line":"1_1","strip_id":38},"geometry":{"type":"Polygon","coordinates":[[[-16.700053611,39.120648851],[-16.700054417,39.121375965],[-16.700158504,39.121375894],[-16.700157696,39.120648781],[-16.700053611,39.120648851]]]}},
{"type":"Feature","properties":{"plot_id":3,"poly_line":"1_1","strip_id":38},"geometry":{"type":"Polygon","coordinates":[[[-16.700054417,39.121375965],[-16.700055224,39.122103078],[-16.700159312,39.122103008],[-16.700158504,39.121375894],[-16.700054417,39.121375965]]]}},
{"type":"Feature","properties":{"plot_id":4,"poly_line":"1_1","strip_id":38},"geometry":{"type":"Polygon","coordinates":[[[-16.700055224,39.122103078],[-16.700056032,39.122830192],[-16.70016012,39.122830121],[-16.700159312,39.122103008],[-16.700055224,39.122103078]]]}},
{"type":"Feature","properties":{"plot_id":5,"poly_line":"1_1","strip_id":38},"geometry":{"type":"Polygon","coordinates":[[[-16.700056032,39.122830192],[-16.700056839,39.123557305],[-16.700160929,39.123557235],[-16.70016012,39.122830121],[-16.700056032,39.122830192]]]}},
{"type":"Feature","properties":{"plot_id":6,"poly_line":"1_1","strip_id":38},"geometry":{"type":"Polygon","coordinates":[[[-16.700056839,39.123557305],[-16.700057647,39.124284418],[-16.700161738,39.124284348],[-16.700160929,39.123557235],[-16.700056839,39.123557305]]]}},
{"type":"Feature","properties":{"plot_id":7,"poly_line":"1_1","strip_id":38},"geometry":{"type":"Polygon","coordinates":[[[-16.700057647,39.124284418],[-16.700058455,39.125011531],[-16.700162547,39.125011461],[-16.700161738,39.124284348],[-16.700057647,39.124284418]]]}},
{"type":"Feature","properties":{"plot_id":8,"poly_line":"1_1","strip_id":38},"geometry":{"type":"Polygon","coordinates":[[[-16.700058455,39.125011531],[-16.700059263,39.125738645],[-16.700163356,39.125738574],[-16.700162547,39.125011461],[-16.700058455,39.125011531]]]}},
{"type":"Feature","properties":{"plot_id":9,"poly_line":"1_1","strip_id":38},"geometry":{"type":"Polygon","coordinates":[[[-16.700059263,39.125738645],[-16.700060072,39.126465758],[-16.700164166,39.126465687],[-16.700163356,39.125738574],[-16.700059263,39.125738645]]]}},
{"type":"Feature","properties":{"plot_id":1,"poly_line":"1_1","strip_id":39},"geometry":{"type":"Polygon","coordinates":[[[-16.700156884,39.11991743],[-16.700157691,39.120644536],[-16.700261777,39.120644466],[-16.700260968,39.119917359],[-16.700156884,39.11991743]]]}},
{"type":"Feature","properties":{"plot_id":2,"poly_line":"1_1","strip_id":39},"geometry":{"type":"Polygon","coordinates":[[[-16.700157691,39.120644536],[-16.700158499,39.121371642],[-16.700262585,39.121371572],[-16.700261777,39.120644466],[-16.700157691,39.120644536]]]}},
{"type":"Feature","properties":{"plot_id":3,"poly_line":"1_1","strip_id":39},"geometry":{"type":"Polygon","coordinates":[[[-16.700158499,39.121371642],[-16.700159307,39.122098748],[-16.700263394,39.122098678],[-16.700262585,39.121371572],[-16.700158499,39.121371642]]]}},
{"type":"Feature","properties":{"plot_id":4,"poly_line":"1_1","strip_id":39},"geometry":{"type":"Polygon","coordinates":[[[-16.700159307,39.122098748],[-16.700160115,39.122825854],[-16.700264204,39.122825784],[-16.700263394,39.122098678],[-16.700159307,39.122098748]]]}},
{"type":"Feature","properties":{"plot_id":5,"poly_line":"1_1","strip_id":39},"geometry":{"type":"Polygon","coordinates":[[[-16.700160115,39.122825854],[-16.700160924,39.12355296],[-16.700265013,39.12355289],[-16.700264204,39.122825784],[-16.700160115,39.122825854]]]}},
{"type":"Feature","properties":{"plot_id":6,"poly_line":"1_1","strip_id":39},"geometry":{"type":"Polygon","coordinates":[[[-16.700160924,39.12355296],[-16.700161733,39.124280066],[-16.700265823,39.124279996],[-16.700265013,39.12355289],[-16.700160924,39.12355296]]]}},
{"type":"Feature","properties":{"plot_id":7,"poly_line":"1_1","strip_id":39},"geometry":{"type":"Polygon","coordinates":[[[-16.700161733,39.124280066],[-16.700162542,39.125007172],[-16.700266634,39.125007102],[-16.700265823,39.124279996],[-16.700161733,39.124280066]]]}},
{"type":"Feature","properties":{"plot_id":8,"poly_line":"1_1","strip_id":39},"geometry":{"type":"Polygon","coordinates":[[[-16.700162542,39.125007172],[-16.700163351,39.125734278],[-16.700267444,39.125734207],[-16.700266634,39.125007102],[-16.700162542,39.125007172]]]}},
{"type":"Feature","properties":{"plot_id":9,"poly_line":"1_1","strip_id":39},"geometry":{"type":"Polygon","coordinates":[[[-16.700163351,39.125734278],[-16.700164161,39.126461383],[-16.700268255,39.126461313],[-16.700267444,39.125734207],[-16.700163351,39.125734278]]]}},
{"type":"Feature","properties":{"plot_id":1,"poly_line":"1_1","strip_id":40},"geometry":{"type":"Polygon","coordinates":[[[-16.700260963,39.119913122],[-16.700261772,39.120640221],[-16.700365857,39.12064015],[-16.700365048,39.119913052],[-16.700260963,39.119913122]]]}},
{"type":"Feature","properties":{"plot_id":2,"poly_line":"1_1","strip_id":40},"geometry":{"type":"Polygon","coordinates":[[[-16.700261772,39.120640221],[-16.700262581,39.12136732],[-16.700366667,39.121367249],[-16.700365857,39.12064015],[-16.700261772,39.120640221]]]}},
{"type":"Feature","properties":{"plot_id":3,"poly_line":"1_1","strip_id":40},"geometry":{"type":"Polygon","coordinates":[[[-16.700262581,39.12136732],[-16.70026339,39.122094418],[-16.700367477,39.122094348],[-16.700366667,39.121367249],[-16.700262581,39.12136732]]]}},
{"type":"Feature","properties":{"plot_id":4,"poly_line":"1_1","strip_id":40},"geometry":{"type":"Polygon","coordinates":[[[-16.70026339,39.122094418],[-16.700264199,39.122821517],[-16.700368288,39.122821447],[-16.700367477,39.122094348],[-16.70026339,39.122094418]]]}},
{"type":"Feature","properties":{"plot_id":5,"poly_line":"1_1","strip_id":40},"geometry":{"type":"Polygon","coordinates":[[[-16.700264199,39.122821517],[-16.700265009,39.123548615],[-16.700369098,39.123548545],[-16.700368288,39.122821447],[-16.700264199,39.122821517]]]}},
{"type":"Feature","properties":{"plot_id":6,"poly_line":"1_1","strip_id":40},"geometry":{"type":"Polygon","coordinates":[[[-16.700265009,39.123548615],[-16.700265819,39.124275714],[-16.700369909,39.124275643],[-16.700369098,39.123548545],[-16.700265009,39.123548615]]]}},
{"type":"Feature","properties":{"plot_id":7,"poly_line":"1_1","strip_id":40},"geometry":{"type":"Polygon","coordinates":[[[-16.700265819,39.124275714],[-16.700266629,39.125002812],[-16.700370721,39.125002742],[-16.700369909,39.124275643],[-16.700265819,39.124275714]]]}},
{"type":"Feature","properties":{"plot_id":8,"poly_line":"1_1","strip_id":40},"geometry":{"type":"Polygon","coordinates":[[[-16.700266629,39.125002812],[-16.700267439,39.12572991],[-16.700371532,39.12572984],[-16.700370721,39.125002742],[-16.700266629,39.125002812]]]}},
{"type":"Feature","properties":{"plot_id":9,"poly_line":"1_1","strip_id":40},"geometry":{"type":"Polygon","coordinates":[[[-16.700267439,39.12572991],[-16.70026825,39.126457009],[-16.700372344,39.126456938],[-16.700371532,39.12572984],[-16.700267439,39.12572991]]]}},
{"type":"Feature","properties":{"plot_id":1,"poly_line":"1_1","strip_id":41},"geometry":{"type":"Polygon","coordinates":[[[-16.700365043,39.119908814],[-16.700365852,39.120635906],[-16.700469938,39.120635835],[-16.700469127,39.119908744],[-16.700365043,39.119908814]]]}},
{"type":"Feature","properties":{"plot_id":2,"poly_line":"1_1","strip_id":41},"geometry":{"type":"Polygon","coordinates":[[[-16.700365852,39.120635906],[-16.700366662,39.121362997],[-16.700470749,39.121362926],[-16.700469938,39.120635835],[-16.700365852,39.120635906]]]}},
{"type":"Feature","properties":{"plot_id":3,"poly_line":"1_1","strip_id":41},"geometry":{"type":"Polygon","coordinates":[[[-16.700366662,39.121362997],[-16.700367472,39.122090088],[-16.70047156,39.122090018],[-16.700470749,39.121362926],[-16.700366662,39.121362997]]]}},
{"type":"Feature","properties":{"plot_id":4,"poly_line":"1_1","strip_id":41},"geometry":{"type":"Polygon","coordinates":[[[-16.700367472,39.122090088],[-16.700368283,39.122817179],[-16.700472371,39.122817109],[-16.70047156,39.122090018],[-16.700367472,39.122090088]]]}},
{"type":"Feature","properties":{"plot_id":5,"poly_line":"1_1","strip_id":41},"geometry":{"type":"Polygon","coordinates":[[[-16.700368283,39.122817179],[-16.700369094,39.12354427],[-16.700473183,39.1235442],[-16.700472371,39.122817109],[-16.700368283,39.122817179]]]}},
{"type":"Feature","properties":{"plot_id":6,"poly_line":"1_1","strip_id":41},"geometry":{"type":"Polygon","coordinates":[[[-16.700369094,39.12354427],[-16.700369905,39.124271362],[-16.700473995,39.124271291],[-16.700473183,39.1235442],[-16.700369094,39.12354427]]]}},
{"type":"Feature","properties":{"plot_id":7,"poly_line":"1_1","strip_id":41},"geometry":{"type":"Polygon","coordinates":[[[-16.700369905,39.124271362],[-16.700370716,39.124998452],[-16.700474807,39.124998382],[-16.700473995,39.124271291],[-16.700369905,39.124271362]]]}},
{"type":"Feature","properties":{"plot_id":8,"poly_line":"1_1","strip_id":41},"geometry":{"type":"Polygon","coordinates":[[[-16.700370716,39.124998452],[-16.700371527,39.125725543],[-16.70047562,39.125725473],[-16.700474807,39.124998382],[-16.700370716,39.124998452]]]}},
{"type":"Feature","properties":{"plot_id":9,"poly_line":"1_1","strip_id":41},"geometry":{"type":"Polygon","coordinates":[[[-16.700371527,39.125725543],[-16.700372339,39.126452634],[-16.700476433,39.126452563],[-16.70047562,39.125725473],[-16.700371527,39.125725543]]]}},
{"type":"Feature","properties":{"plot_id":1,"poly_line":"1_1","strip_id":42},"geometry":{"type":"Polygon","coordinates":[[[-16.700469122,39.119904506],[-16.700469933,39.12063159],[-16.700574018,39.12063152],[-16.700573207,39.119904436],[-16.700469122,39.119904506]]]}},
{"type":"Feature","properties":{"plot_id":2,"poly_line":"1_1","strip_id":42},"geometry":{"type":"Polygon","coordinates":[[[-16.700469933,39.12063159],[-16.700470744,39.121358674],[-16.70057483,39.121358604],[-16.700574018,39.12063152],[-16.700469933,39.12063159]]]}},
{"type":"Feature","properties":{"plot_id":3,"poly_line":"1_1","strip_id":42},"geometry":{"type":"Polygon","coordinates":[[[-16.700470744,39.121358674],[-16.700471555,39.122085758],[-16.700575642,39.122085687],[-16.70057483,39.121358604],[-16.700470744,39.121358674]]]}},
{"type":"Feature","properties":{"plot_id":4,"poly_line":"1_1","strip_id":42},"geometry":{"type":"Polygon","coordinates":[[[-16.700471555,39.122085758],[-16.700472367,39.122812842],[-16.700576455,39.122812771],[-16.700575642,39.122085687],[-16.700471555,39.122085758]]]}},
{"type":"Feature","properties":{"plot_id":5,"poly_line":"1_1","strip_id":42},"geometry":{"type":"Polygon","coordinates":[[[-16.700472367,39.122812842],[-16.700473178,39.123539925],[-16.700577268,39.123539855],[-16.700576455,39.122812771],[-16.700472367,39.122812842]]]}},
{"type":"Feature","properties":{"plot_id":6,"poly_line":"1_1","strip_id":42},"geometry":{"type":"Polygon","coordinates":[[[-16.700473178,39.123539925],[-16.70047399,39.124267009],[-16.700578081,39.124266938],[-16.700577268,39.123539855],[-16.700473178,39.123539925]]]}},
{"type":"Feature","properties":{"plot_id":7,"poly_line":"1_1","strip_id":42},"geometry":{"type":"Polygon","coordinates":[[[-16.70047399,39.124267009],[-16.700474803,39.124994093],[-16.700578894,39.124994022],[-16.700578081,39.124266938],[-16.70047399,39.124267009]]]}},
{"type":"Feature","properties":{"plot_id":8,"poly_line":"1_1","strip_id":42},"geometry":{"type":"Polygon","coordinates":[[[-16.700474803,39.124994093],[-16.700475615,39.125721176],[-16.700579708,39.125721105],[-16.700578894,39.124994022],[-16.700474803,39.124994093]]]}},
{"type":"Feature","properties":{"plot_id":9,"poly_line":"1_1","strip_id":42},"geometry":{"type":"Polygon","coordinates":[[[-16.700475615,39.125721176],[-16.700476428,39.126448259],[-16.700580522,39.126448189],[-16.700579708,39.125721105],[-16.700475615,39.125721176]]]}}
]
}
