{
"type": "FeatureCollection",
"name": "headlands",
"xy_coordinate_resolution": 1e-09,
"features": [
{"type":"Feature","properties":{"rate":34000.0,"strip_id":null,"plot_id":null,"type":"headland"},"geometry":{"type":"Polygon","coordinates":[[[-98.9926084,43.5769644],[-98.9926137,43.5767782],[-98.9926089,43.5763018],[-98.9925868,43.5740833],[-98.9925654,43.5719493],[-98.9916847,43.5719546],[-98.991138,43.5719579],[-98.9910993,43.5719576],[-98.9898361,43.5719489],[-98.989647,43.5719476],[-98.9887399,43.5719413],[-98.9883625,43.5719387],[-98.9881982,43.5719379],[-98.9873713,43.5719338],[-98.9862521,43.5719282],[-98.9853742,43.5719238],[-98.9851401,43.5719227],[-98.9845165,43.5719196],[-98.9844411,43.5719193],[-98.9831882,43.5719148],[-98.9829437,43.5719339],[-98.9828512,43.5719818],[-98.9828291,43.572031],[-98.9828256,43.5729129],[-98.9828046,43.5781659],[-98.9828909,43.5782674],[-98.9830032,43.5783009],[-98.9860232,43.5783392],[-98.9890035,43.5783679],[-98.9904346,43.5783702],[-98.991997,43.5783727],[-98.9924068,43.5783871],[-98.9925323,43.5783775],[-98.9925685,43.5783637],[-98.9926084,43.5769644]],[[-98.9848469,43.5765345],[-98.9848998,43.5766015],[-98.9848667,43.5768265],[-98.9848254,43.576855],[-98.9846449,43.5769793],[-98.9844952,43.5770824],[-98.9843975,43.5771089],[-98.9843249,43.5771089],[-98.9842984,43.5770946],[-98.9842522,43.5770611],[-98.9842191,43.5770132],[-98.9842191,43.5769653],[-98.9842323,43.5768361],[-98.9842125,43.5767882],[-98.9841927,43.5767499],[-98.9841596,43.5767164],[-98.9841134,43.576702],[-98.9840539,43.5766685],[-98.9840341,43.5766398],[-98.9840473,43.5765919],[-98.9840737,43.5765393],[-98.9841861,43.5765105],[-98.9842984,43.576501],[-98.9843843,43.5764962],[-98.9845363,43.5764962],[-98.9847081,43.5765153],[-98.9848469,43.5765345]],[[-98.992368262,43.572280256],[-98.992368269,43.572280258],[-98.992368275,43.572280259],[-98.992368281,43.572280262],[-98.992368286,43.572280265],[-98.992368291,43.572280268],[-98.992368296,43.57228027],[-98.992368301,43.572280273],[-98.992368306,43.572280277],[-98.992368311,43.57228028],[-98.992368314,43.572280284],[-98.992368318,43.572280287],[-98.992368322,43.572280291],[-98.992368325,43.572280296],[-98.992368328,43.572280299],[-98.992368332,43.572280304],[-98.992368334,43.572280308],[-98.992368335,43.572280313],[-98.992368338,43.572280317],[-98.992368339,43.572280322],[-98.99236834,43.572280326],[-98.992368342,43.572280331],[-98.992368342,43.572280336],[-98.992368342,43.572280341],[-98.992364003,43.573001947],[-98.992364003,43.573001952],[-98.992364003,43.573001956],[-98.992364003,43.573001957],[-98.992359665,43.573723554],[-98.992359665,43.573723559],[-98.992359665,43.573723559],[-98.992357363,43.574106312],[-98.992470483,43.574106672],[-98.99247049,43.574106672],[-98.992470496,43.574106672],[-98.992470502,43.574106673],[-98.992470509,43.574106674],[-98.992470516,43.574106675],[-98.992470522,43.574106676],[-98.992470528,43.574106678],[-98.992470533,43.57410668],[-98.992470539,43.574106682],[-98.992470545,43.574106684],[-98.99247055,43.574106687],[-98.992470555,43.57410669],[-98.992470561,43.574106692],[-98.992470566,43.574106695],[-98.99247057,43.574106699],[-98.992470575,43.574106702],[-98.992470579,43.574106706],[-98.992470582,43.574106709],[-98.992470586,43.574106713],[-98.99247059,43.574106717],[-98.992470594,43.574106721],[-98.992470596,43.574106726],[-98.992470599,43.57410673],[-98.992470601,43.574106735],[-98.992470602,43.574106739],[-98.992470603,43.574106744],[-98.992470605,43.574106748],[-98.992470606,43.574106753],[-98.992470606,43.574106758],[-98.992470606,43.574106762],[-98.992465857,43.574896844],[-98.992465857,43.574896849],[-98.992465857,43.574896854],[-98.992465857,43.574896854],[-98.992461108,43.575686926],[-98.992461108,43.575686931],[-98.992461108,43.575686931],[-98.992456359,43.576477008],[-98.992456359,43.576477013],[-98.992456359,43.576477013],[-98.99245161,43.57726709],[-98.99245161,43.577267095],[-98.992451609,43.577267095],[-98.99244686,43.578057171],[-98.992446859,43.578057176],[-98.992446859,43.578057181],[-98.992446858,43.578057186],[-98.992446856,43.57805719],[-98.992446855,43.578057195],[-98.992446854,43.578057199],[-98.992446851,43.578057204],[-98.992446849,43.578057208],[-98.992446846,43.578057213],[-98.992446843,43.578057216],[-98.992446839,43.578057221],[-98.992446835,43.578057224],[-98.992446832,43.578057228],[-98.992446828,43.578057232],[-98.992446823,43.578057235],[-98.992446818,43.578057238],[-98.992446813,43.578057241],[-98.992446808,43.578057244],[-98.992446803,43.578057247],[-98.992446797,43.57805725],[-98.992446792,43.578057251],[-98.992446786,43.578057253],[-98.99244678,43.578057255],[-98.992446773,43.578057257],[-98.992446767,43.578057258],[-98.992446761,43.578057259],[-98.992446755,43.57805726],[-98.992446749,43.57805726],[-98.992446741,43.578057261],[-98.992446735,43.578057261],[-98.992333484,43.578056901],[-98.992333478,43.578056901],[-98.992333472,43.578056901],[-98.992333464,43.5780569],[-98.992333458,43.578056899],[-98.992333452,43.578056898],[-98.992333446,43.578056896],[-98.992333439,43.578056895],[-98.992333433,43.578056894],[-98.992333428,43.578056891],[-98.992333422,43.578056889],[-98.992333417,43.578056886],[-98.992333411,43.578056884],[-98.992333406,43.578056881],[-98.992333401,43.578056878],[-98.992333396,43.578056875],[-98.992333392,43.578056871],[-98.992333387,43.578056867],[-98.992333384,43.578056864],[-98.99233338,43.57805686],[-98.992333378,43.578056856],[-98.992333374,43.578056851],[-98.992333371,43.578056848],[-98.992333369,43.578056843],[-98.992333366,43.578056839],[-98.992333365,43.578056834],[-98.992333364,43.57805683],[-98.992333363,43.578056825],[-98.992333361,43.578056821],[-98.992333361,43.578056815],[-98.99233336,43.578056811],[-98.992333381,43.578053282],[-98.992220255,43.578052922],[-98.992220248,43.578052922],[-98.992220242,43.578052922],[-98.992220235,43.578052921],[-98.992220229,43.57805292],[-98.992220222,43.57805292],[-98.992220216,43.578052918],[-98.99222021,43.578052916],[-98.992220204,43.578052914],[-98.992220199,43.578052912],[-98.992220193,43.578052911],[-98.992220188,43.578052908],[-98.992220181,43.578052905],[-98.992220177,43.578052902],[-98.992220172,43.578052899],[-98.992220167,43.578052896],[-98.992220163,43.578052893],[-98.992220159,43.578052889],[-98.992220154,43.578052885],[-98.992220151,43.578052881],[-98.992220148,43.578052877],[-98.992220144,43.578052873],[-98.992220142,43.578052868],[-98.992220139,43.578052865],[-98.992220137,43.57805286],[-98.992220136,43.578052856],[-98.992220134,43.578052851],[-98.992220133,43.578052846],[-98.992220132,43.578052841],[-98.992220132,43.578052837],[-98.992220132,43.578052832],[-98.992220153,43.578049303],[-98.992107025,43.578048944],[-98.992107019,43.578048944],[-98.992107013,43.578048943],[-98.992107005,43.578048943],[-98.992106999,43.578048942],[-98.992106993,43.57804894],[-98.992106987,43.578048939],[-98.992106981,43.578048937],[-98.992106974,43.578048936],[-98.992106969,43.578048934],[-98.992106963,43.578048931],[-98.992106958,43.578048929],[-98.992106952,43.578048927],[-98.992106947,43.578048923],[-98.992106942,43.57804892],[-98.992106938,43.578048917],[-98.992106933,43.578048914],[-98.99210693,43.57804891],[-98.992106925,43.578048906],[-98.992106921,43.578048902],[-98.992106919,43.578048899],[-98.992106915,43.578048894],[-98.992106912,43.57804889],[-98.99210691,43.578048885],[-98.992106907,43.578048881],[-98.992106906,43.578048876],[-98.992106905,43.578048872],[-98.992106904,43.578048867],[-98.992106903,43.578048863],[-98.992106903,43.578048858],[-98.992106903,43.578048854],[-98.992106924,43.578045324],[-98.991993796,43.578044965],[-98.991993789,43.578044965],[-98.991993783,43.578044964],[-98.991993777,43.578044963],[-98.99199377,43.578044962],[-98.991993763,43.578044961],[-98.991993757,43.57804496],[-98.991993751,43.578044959],[-98.991993746,43.578044957],[-98.99199374,43.578044955],[-98.991993734,43.578044952],[-98.991993729,43.57804495],[-98.991993723,43.578044947],[-98.991993718,43.578044944],[-98.991993713,43.578044942],[-98.991993709,43.578044938],[-98.991993704,43.578044934],[-98.9919937,43.578044931],[-98.991993695,43.578044927],[-98.991993692,43.578044924],[-98.991993689,43.578044919],[-98.991993685,43.578044915],[-98.991993683,43.578044911],[-98.99199368,43.578044906],[-98.991993678,43.578044902],[-98.991993677,43.578044897],[-98.991993676,43.578044893],[-98.991993674,43.578044888],[-98.991993673,43.578044884],[-98.991993673,43.578044879],[-98.991993673,43.578044874],[-98.991993681,43.578043537],[-98.991880677,43.578043178],[-98.991880676,43.578043268],[-98.991880676,43.578043272],[-98.991880676,43.578043277],[-98.991880675,43.578043281],[-98.991880674,43.578043287],[-98.991880672,43.578043291],[-98.99188067,43.578043296],[-98.991880669,43.5780433],[-98.991880666,43.578043304],[-98.991880663,43.578043308],[-98.99188066,43.578043313],[-98.991880656,43.578043316],[-98.991880653,43.578043321],[-98.991880649,43.578043325],[-98.991880644,43.578043328],[-98.99188064,43.578043331],[-98.991880635,43.578043334],[-98.99188063,43.578043337],[-98.991880625,43.578043341],[-98.991880619,43.578043343],[-98.991880614,43.578043345],[-98.991880608,43.578043348],[-98.991880603,43.57804335],[-98.991880597,43.578043352],[-98.991880591,43.578043353],[-98.991880585,43.578043354],[-98.991880578,43.578043355],[-98.991880572,43.578043356],[-98.991880565,43.578043357],[-98.991880559,43.578043357],[-98.991880552,43.578043357],[-98.991767425,43.578042997],[-98.991767424,43.578043087],[-98.991767424,43.578043091],[-98.991767424,43.578043097],[-98.991767423,43.578043101],[-98.991767421,43.578043106],[-98.99176742,43.57804311],[-98.991767418,43.578043115],[-98.991767417,43.578043119],[-98.991767414,43.578043124],[-98.99176741,43.578043128],[-98.991767408,43.578043132],[-98.991767404,43.578043136],[-98.9917674,43.57804314],[-98.991767397,43.578043144],[-98.991767392,43.578043147],[-98.991767388,43.578043151],[-98.991767383,43.578043153],[-98.991767378,43.578043157],[-98.991767373,43.57804316],[-98.991767367,43.578043162],[-98.991767362,43.578043165],[-98.991767356,43.578043167],[-98.991767351,43.578043169],[-98.991767345,43.578043171],[-98.991767338,43.578043172],[-98.991767332,43.578043174],[-98.991767326,43.578043175],[-98.99176732,43.578043176],[-98.991767312,43.578043176],[-98.991767306,43.578043177],[-98.9917673,43.578043177],[-98.991654172,43.578042817],[-98.991654172,43.578042907],[-98.991654172,43.578042911],[-98.991654172,43.578042916],[-98.991654171,43.57804292],[-98.991654169,43.578042925],[-98.991654168,43.57804293],[-98.991654166,43.578042935],[-98.991654164,43.578042938],[-98.991654161,43.578042943],[-98.991654158,43.578042947],[-98.991654156,43.578042952],[-98.991654152,43.578042955],[-98.991654148,43.578042959],[-98.991654144,43.578042962],[-98.99165414,43.578042966],[-98.991654136,43.57804297],[-98.991654131,43.578042973],[-98.991654126,43.578042976],[-98.991654121,43.578042979],[-98.991654115,43.578042981],[-98.99165411,43.578042984],[-98.991654104,43.578042987],[-98.991654099,43.578042989],[-98.991654092,43.57804299],[-98.991654086,43.578042991],[-98.99165408,43.578042993],[-98.991654074,43.578042994],[-98.991654068,43.578042995],[-98.99165406,43.578042996],[-98.991654054,43.578042996],[-98.991654048,43.578042996],[-98.99154092,43.578042636],[-98.99154092,43.578042725],[-98.99154092,43.57804273],[-98.99154092,43.578042735],[-98.991540918,43.57804274],[-98.991540917,43.578042744],[-98.991540916,43.578042749],[-98.991540913,43.578042753],[-98.991540911,43.578042758],[-98.991540908,43.578042762],[-98.991540906,43.578042766],[-98.991540903,43.57804277],[-98.9915409,43.578042774],[-98.991540896,43.578042779],[-98.991540892,43.578042782],[-98.991540887,43.578042786],[-98.991540884,43.578042789],[-98.991540879,43.578042792],[-98.991540874,43.578042796],[-98.991540869,43.578042798],[-98.991540863,43.578042801],[-98.991540858,43.578042803],[-98.991540851,43.578042806],[-98.991540846,43.578042807],[-98.99154084,43.578042809],[-98.991540834,43.578042811],[-98.991540828,43.578042812],[-98.991540822,43.578042814],[-98.991540815,43.578042814],[-98.991540808,43.578042815],[-98.991540802,43.578042815],[-98.991540796,43.578042815],[-98.991427668,43.578042454],[-98.991427667,43.578042544],[-98.991427667,43.57804255],[-98.991427667,43.578042554],[-98.991427666,43.578042559],[-98.991427665,43.578042563],[-98.991427664,43.578042568],[-98.991427661,43.578042572],[-98.991427659,43.578042577],[-98.991427656,43.578042581],[-98.991427654,43.578042586],[-98.991427651,43.578042589],[-98.991427647,43.578042594],[-98.991427644,43.578042597],[-98.99142764,43.578042601],[-98.991427635,43.578042604],[-98.991427631,43.578042608],[-98.991427626,43.578042612],[-98.991427621,43.578042614],[-98.991427617,43.578042617],[-98.99142761,43.57804262],[-98.991427605,43.578042622],[-98.991427599,43.578042624],[-98.991427594,43.578042627],[-98.991427588,43.578042629],[-98.991427582,43.57804263],[-98.991427576,43.578042631],[-98.991427569,43.578042632],[-98.991427562,43.578042633],[-98.991427556,43.578042634],[-98.99142755,43.578042634],[-98.991427543,43.578042634],[-98.991314416,43.578042274],[-98.991314415,43.578042364],[-98.991314415,43.578042368],[-98.991314415,43.578042373],[-98.991314414,43.578042378],[-98.991314413,43.578042382],[-98.991314411,43.578042387],[-98.991314409,43.578042391],[-98.991314406,43.578042396],[-98.991314404,43.5780424],[-98.991314401,43.578042404],[-98.991314399,43.578042409],[-98.991314395,43.578042412],[-98.991314392,43.578042417],[-98.991314388,43.57804242],[-98.991314383,43.578042424],[-98.991314379,43.578042427],[-98.991314374,43.57804243],[-98.991314369,43.578042433],[-98.991314364,43.578042437],[-98.991314358,43.578042439],[-98.991314353,43.578042441],[-98.991314347,43.578042444],[-98.991314342,43.578042446],[-98.991314336,43.578042447],[-98.99131433,43.578042449],[-98.991314323,43.57804245],[-98.991314317,43.578042451],[-98.99131431,43.578042452],[-98.991314304,43.578042453],[-98.991314297,43.578042453],[-98.991314291,43.578042453],[-98.991201163,43.578042092],[-98.991201163,43.578042182],[-98.991201163,43.578042187],[-98.991201163,43.578042192],[-98.991201162,43.578042196],[-98.99120116,43.578042201],[-98.991201159,43.578042205],[-98.991201157,43.57804221],[-98.991201154,43.578042214],[-98.991201152,43.578042219],[-98.991201149,43.578042223],[-98.991201147,43.578042227],[-98.991201143,43.578042232],[-98.991201139,43.578042235],[-98.991201136,43.578042239],[-98.991201131,43.578042242],[-98.991201127,43.578042246],[-98.991201122,43.578042249],[-98.991201117,43.578042252],[-98.991201112,43.578042255],[-98.991201106,43.578042258],[-98.991201101,43.57804226],[-98.991201095,43.578042262],[-98.99120109,43.578042264],[-98.991201084,43.578042266],[-98.991201077,43.578042268],[-98.991201071,43.578042269],[-98.991201065,43.57804227],[-98.991201058,43.578042271],[-98.991201051,43.578042271],[-98.991201045,43.578042272],[-98.991201039,43.578042272],[-98.991087911,43.578041912],[-98.991087911,43.578042001],[-98.991087911,43.578042006],[-98.991087911,43.57804201],[-98.991087909,43.578042015],[-98.991087908,43.578042019],[-98.991087907,43.578042025],[-98.991087904,43.578042029],[-98.991087902,43.578042033],[-98.9910879,43.578042037],[-98.991087897,43.578042042],[-98.991087895,43.578042046],[-98.991087891,43.57804205],[-98.991087887,43.578042054],[-98.991087883,43.578042058],[-98.991087878,43.578042061],[-98.991087875,43.578042064],[-98.99108787,43.578042068],[-98.991087865,43.578042071],[-98.99108786,43.578042073],[-98.991087854,43.578042076],[-98.991087849,43.578042079],[-98.991087843,43.578042081],[-98.991087838,43.578042083],[-98.991087831,43.578042085],[-98.991087825,43.578042086],[-98.991087819,43.578042088],[-98.991087813,43.578042089],[-98.991087805,43.57804209],[-98.991087799,43.57804209],[-98.991087793,43.57804209],[-98.991087787,43.57804209],[-98.990974659,43.57804173],[-98.990974658,43.57804182],[-98.990974658,43.578041824],[-98.990974658,43.578041829],[-98.990974657,43.578041834],[-98.990974656,43.578041838],[-98.990974655,43.578041843],[-98.990974652,43.578041847],[-98.99097465,43.578041852],[-98.990974647,43.578041856],[-98.990974645,43.57804186],[-98.990974642,43.578041865],[-98.990974639,43.578041868],[-98.990974635,43.578041873],[-98.990974631,43.578041876],[-98.990974626,43.57804188],[-98.990974623,43.578041883],[-98.990974618,43.578041886],[-98.990974613,43.57804189],[-98.990974608,43.578041892],[-98.990974601,43.578041895],[-98.990974597,43.578041897],[-98.99097459,43.5780419],[-98.990974584,43.578041901],[-98.990974579,43.578041903],[-98.990974573,43.578041905],[-98.990974567,43.578041906],[-98.990974561,43.578041908],[-98.990974553,43.578041908],[-98.990974547,43.578041909],[-98.990974541,43.57804191],[-98.990974535,43.57804191],[-98.990861407,43.578041548],[-98.990861406,43.578041638],[-98.990861406,43.578041643],[-98.990861406,43.578041648],[-98.990861405,43.578041652],[-98.990861404,43.578041657],[-98.990861403,43.578041661],[-98.9908614,43.578041666],[-98.990861398,43.57804167],[-98.990861395,43.578041675],[-98.990861393,43.578041679],[-98.99086139,43.578041683],[-98.990861386,43.578041687],[-98.990861383,43.578041691],[-98.990861379,43.578041694],[-98.990861374,43.578041698],[-98.99086137,43.578041702],[-98.990861365,43.578041705],[-98.99086136,43.578041708],[-98.990861355,43.578041711],[-98.990861349,43.578041713],[-98.990861344,43.578041716],[-98.990861338,43.578041718],[-98.990861332,43.57804172],[-98.990861327,43.578041722],[-98.990861321,43.578041723],[-98.990861315,43.578041725],[-98.990861308,43.578041726],[-98.990861301,43.578041727],[-98.990861295,43.578041728],[-98.990861289,43.578041728],[-98.990861282,43.578041728],[-98.990748155,43.578041367],[-98.990748154,43.578041457],[-98.990748154,43.578041461],[-98.990748154,43.578041466],[-98.990748153,43.578041471],[-98.990748152,43.578041475],[-98.99074815,43.57804148],[-98.990748148,43.578041484],[-98.990748145,43.578041489],[-98.990748143,43.578041493],[-98.99074814,43.578041497],[-98.990748138,43.578041502],[-98.990748134,43.578041505],[-98.99074813,43.57804151],[-98.990748127,43.578041513],[-98.990748122,43.578041517],[-98.990748118,43.57804152],[-98.990748113,43.578041523],[-98.990748108,43.578041526],[-98.990748103,43.578041529],[-98.990748097,43.578041532],[-98.990748092,43.578041534],[-98.990748086,43.578041537],[-98.99074808,43.578041538],[-98.990748075,43.57804154],[-98.990748069,43.578041542],[-98.990748062,43.578041543],[-98.990748056,43.578041544],[-98.990748049,43.578041545],[-98.990748043,43.578041546],[-98.990748036,43.578041546],[-98.99074803,43.578041546],[-98.990634902,43.578041185],[-98.990634902,43.578041274],[-98.990634902,43.57804128],[-98.990634902,43.578041284],[-98.990634901,43.578041289],[-98.990634899,43.578041293],[-98.990634898,43.578041298],[-98.990634896,43.578041302],[-98.990634893,43.578041307],[-98.990634891,43.578041311],[-98.990634888,43.578041316],[-98.990634886,43.578041319],[-98.990634882,43.578041324],[-98.990634878,43.578041328],[-98.990634875,43.578041331],[-98.99063487,43.578041335],[-98.990634866,43.578041338],[-98.990634861,43.578041341],[-98.990634856,43.578041345],[-98.990634851,43.578041347],[-98.990634845,43.57804135],[-98.99063484,43.578041353],[-98.990634834,43.578041355],[-98.990634827,43.578041356],[-98.990634823,43.578041358],[-98.990634816,43.57804136],[-98.99063481,43.578041362],[-98.990634804,43.578041363],[-98.990634797,43.578041364],[-98.99063479,43.578041364],[-98.990634784,43.578041364],[-98.990634778,43.578041364],[-98.99052165,43.578041003],[-98.99052165,43.578041093],[-98.99052165,43.578041098],[-98.99052165,43.578041102],[-98.990521648,43.578041107],[-98.990521647,43.578041111],[-98.990521646,43.578041117],[-98.990521643,43.578041121],[-98.990521641,43.578041126],[-98.990521638,43.578041129],[-98.990521636,43.578041134],[-98.990521633,43.578041138],[-98.99052163,43.578041142],[-98.990521626,43.578041145],[-98.990521622,43.57804115],[-98.990521617,43.578041153],[-98.990521614,43.578041156],[-98.990521609,43.57804116],[-98.990521604,43.578041162],[-98.990521599,43.578041165],[-98.990521593,43.578041168],[-98.990521588,43.578041171],[-98.990521581,43.578041173],[-98.990521575,43.578041175],[-98.99052157,43.578041177],[-98.990521564,43.578041179],[-98.990521558,43.57804118],[-98.990521552,43.57804118],[-98.990521544,43.578041181],[-98.990521538,43.578041182],[-98.990521532,43.578041182],[-98.990521526,43.578041182],[-98.990408398,43.578040821],[-98.990408397,43.578040912],[-98.990408397,43.578040916],[-98.990408397,43.578040921],[-98.990408396,43.578040925],[-98.990408395,43.57804093],[-98.990408394,43.578040935],[-98.990408391,43.57804094],[-98.990408389,43.578040943],[-98.990408386,43.578040948],[-98.990408384,43.578040952],[-98.990408381,43.578040957],[-98.990408378,43.57804096],[-98.990408374,43.578040964],[-98.99040837,43.578040968],[-98.990408365,43.578040971],[-98.990408361,43.578040975],[-98.990408357,43.578040978],[-98.990408352,43.578040981],[-98.990408347,43.578040984],[-98.99040834,43.578040986],[-98.990408335,43.578040989],[-98.990408329,43.578040992],[-98.990408323,43.578040994],[-98.990408318,43.578040995],[-98.990408312,43.578040996],[-98.990408306,43.578040998],[-98.990408298,43.578040999],[-98.990408292,43.578041],[-98.990408286,43.578041001],[-98.99040828,43.578041001],[-98.990408274,43.578041001],[-98.990295146,43.57804064],[-98.990295145,43.57804073],[-98.990295145,43.578040735],[-98.990295145,43.578040739],[-98.990295144,43.578040744],[-98.990295143,43.578040749],[-98.990295141,43.578040754],[-98.990295139,43.578040758],[-98.990295137,43.578040763],[-98.990295134,43.578040766],[-98.990295132,43.578040771],[-98.990295128,43.578040775],[-98.990295125,43.578040779],[-98.990295122,43.578040783],[-98.990295118,43.578040787],[-98.990295113,43.57804079],[-98.990295109,43.578040793],[-98.990295104,43.578040797],[-98.990295099,43.5780408],[-98.990295094,43.578040803],[-98.990295088,43.578040806],[-98.990295083,43.578040808],[-98.990295077,43.57804081],[-98.990295071,43.578040812],[-98.990295066,43.578040814],[-98.99029506,43.578040816],[-98.990295054,43.578040817],[-98.990295046,43.578040818],[-98.99029504,43.578040818],[-98.990295034,43.578040819],[-98.990295028,43.578040819],[-98.990295021,43.578040819],[-98.990181894,43.578040458],[-98.990181893,43.578040549],[-98.990181893,43.578040553],[-98.990181892,43.578040558],[-98.990181892,43.578040563],[-98.99018189,43.578040567],[-98.990181889,43.578040572],[-98.990181887,43.578040576],[-98.990181884,43.578040581],[-98.990181882,43.578040585],[-98.990181879,43.578040589],[-98.990181876,43.578040594],[-98.990181873,43.578040597],[-98.990181869,43.578040602],[-98.990181866,43.578040605],[-98.990181861,43.578040609],[-98.990181856,43.578040612],[-98.990181852,43.578040615],[-98.990181847,43.578040619],[-98.990181842,43.578040621],[-98.990181836,43.578040624],[-98.990181831,43.578040626],[-98.990181825,43.578040629],[-98.990181819,43.57804063],[-98.990181814,43.578040632],[-98.990181807,43.578040634],[-98.990181801,43.578040635],[-98.990181794,43.578040636],[-98.990181788,43.578040637],[-98.990181781,43.578040638],[-98.990181775,43.578040638],[-98.990181769,43.578040639],[-98.990068641,43.578040276],[-98.990068641,43.578040367],[-98.990068641,43.578040371],[-98.99006864,43.578040377],[-98.99006864,43.578040381],[-98.990068638,43.578040386],[-98.990068637,43.57804039],[-98.990068635,43.578040395],[-98.990068632,43.578040399],[-98.99006863,43.578040404],[-98.990068627,43.578040408],[-98.990068623,43.578040412],[-98.990068621,43.578040416],[-98.990068617,43.57804042],[-98.990068612,43.578040423],[-98.990068609,43.578040427],[-98.990068604,43.578040431],[-98.9900686,43.578040433],[-98.990068595,43.578040437],[-98.990068589,43.57804044],[-98.990068584,43.578040442],[-98.990068579,43.578040445],[-98.990068573,43.578040447],[-98.990068566,43.578040449],[-98.99006856,43.57804045],[-98.990068555,43.578040452],[-98.990068549,43.578040453],[-98.990068542,43.578040455],[-98.990068535,43.578040456],[-98.990068529,43.578040456],[-98.990068523,43.578040457],[-98.990068517,43.578040457],[-98.989955389,43.578040094],[-98.989955389,43.578040185],[-98.989955389,43.57804019],[-98.989955387,43.578040195],[-98.989955387,43.578040199],[-98.989955386,43.578040204],[-98.989955385,43.578040208],[-98.989955382,43.578040213],[-98.98995538,43.578040217],[-98.989955377,43.578040222],[-98.989955375,43.578040226],[-98.989955371,43.57804023],[-98.989955369,43.578040234],[-98.989955365,43.578040238],[-98.98995536,43.578040242],[-98.989955356,43.578040245],[-98.989955351,43.578040249],[-98.989955348,43.578040252],[-98.989955343,43.578040255],[-98.989955337,43.578040258],[-98.989955332,43.578040261],[-98.989955327,43.578040263],[-98.98995532,43.578040265],[-98.989955314,43.578040267],[-98.989955308,43.578040269],[-98.989955303,43.57804027],[-98.989955297,43.578040272],[-98.989955289,43.578040273],[-98.989955283,43.578040274],[-98.989955277,43.578040274],[-98.989955271,43.578040275],[-98.989955265,43.578040275],[-98.989842137,43.578039913],[-98.989842136,43.578040004],[-98.989842136,43.578040008],[-98.989842135,43.578040013],[-98.989842135,43.578040017],[-98.989842134,43.578040022],[-98.989842131,43.578040026],[-98.98984213,43.578040031],[-98.989842128,43.578040035],[-98.989842125,43.57804004],[-98.989842123,43.578040044],[-98.989842119,43.578040048],[-98.989842117,43.578040052],[-98.989842113,43.578040056],[-98.989842108,43.57804006],[-98.989842104,43.578040063],[-98.989842099,43.578040067],[-98.989842095,43.57804007],[-98.989842091,43.578040073],[-98.989842084,43.578040076],[-98.989842079,43.578040079],[-98.989842074,43.578040081],[-98.989842068,43.578040083],[-98.989842062,43.578040086],[-98.989842056,43.578040088],[-98.989842051,43.578040088],[-98.989842043,43.57804009],[-98.989842037,43.578040091],[-98.989842031,43.578040092],[-98.989842025,43.578040093],[-98.989842019,43.578040093],[-98.989842012,43.578040093],[-98.989728885,43.578039731],[-98.989728884,43.578039822],[-98.989728884,43.578039826],[-98.989728883,43.578039831],[-98.989728883,43.578039835],[-98.989728882,43.57803984],[-98.989728879,43.578039845],[-98.989728878,43.57803985],[-98.989728875,43.578039853],[-98.989728873,43.578039858],[-98.989728871,43.578039862],[-98.989728867,43.578039867],[-98.989728864,43.57803987],[-98.989728861,43.578039874],[-98.989728856,43.578039878],[-98.989728852,43.578039881],[-98.989728847,43.578039885],[-98.989728843,43.578039888],[-98.989728838,43.578039891],[-98.989728832,43.578039894],[-98.989728827,43.578039896],[-98.989728822,43.578039899],[-98.989728816,43.578039902],[-98.98972881,43.578039904],[-98.989728804,43.578039905],[-98.989728797,43.578039906],[-98.989728791,43.578039908],[-98.989728785,43.578039909],[-98.989728779,43.57803991],[-98.989728773,43.578039911],[-98.989728766,43.578039911],[-98.98972876,43.578039911],[-98.989615632,43.578039549],[-98.989615632,43.578039639],[-98.989615632,43.578039644],[-98.989615631,43.578039648],[-98.989615631,43.578039653],[-98.989615629,43.578039658],[-98.989615627,43.578039663],[-98.989615626,43.578039667],[-98.989615623,43.578039672],[-98.989615621,43.578039676],[-98.989615618,43.57803968],[-98.989615615,43.578039685],[-98.989615612,43.578039688],[-98.989615608,43.578039693],[-98.989615603,43.578039696],[-98.9896156,43.5780397],[-98.989615595,43.578039703],[-98.989615591,43.578039706],[-98.989615586,43.578039709],[-98.98961558,43.578039712],[-98.989615575,43.578039715],[-98.98961557,43.578039717],[-98.989615564,43.57803972],[-98.989615558,43.578039721],[-98.989615551,43.578039723],[-98.989615545,43.578039725],[-98.989615539,43.578039726],[-98.989615533,43.578039727],[-98.989615527,43.578039728],[-98.98961552,43.578039729],[-98.989615514,43.578039729],[-98.989615508,43.578039729],[-98.98950238,43.578039367],[-98.98950238,43.578039457],[-98.98950238,43.578039462],[-98.989502378,43.578039466],[-98.989502378,43.578039472],[-98.989502377,43.578039476],[-98.989502375,43.578039481],[-98.989502374,43.578039485],[-98.989502371,43.57803949],[-98.989502369,43.578039494],[-98.989502366,43.578039498],[-98.989502362,43.578039502],[-98.98950236,43.578039506],[-98.989502356,43.57803951],[-98.989502351,43.578039514],[-98.989502348,43.578039517],[-98.989502343,43.578039521],[-98.989502339,43.578039524],[-98.989502334,43.578039527],[-98.989502328,43.57803953],[-98.989502323,43.578039533],[-98.989502318,43.578039535],[-98.989502312,43.578039537],[-98.989502305,43.578039539],[-98.989502299,43.578039541],[-98.989502293,43.578039543],[-98.989502287,43.578039544],[-98.989502281,43.578039545],[-98.989502274,43.578039545],[-98.989502268,43.578039546],[-98.989502262,43.578039546],[-98.989502256,43.578039547],[-98.989389128,43.578039184],[-98.989389128,43.578039275],[-98.989389128,43.578039279],[-98.989389126,43.578039285],[-98.989389126,43.578039289],[-98.989389125,43.578039294],[-98.989389123,43.578039298],[-98.989389121,43.578039303],[-98.989389119,43.578039307],[-98.989389116,43.578039312],[-98.989389114,43.578039316],[-98.98938911,43.57803932],[-98.989389108,43.578039324],[-98.989389104,43.578039328],[-98.989389099,43.578039331],[-98.989389095,43.578039335],[-98.98938909,43.578039339],[-98.989389087,43.578039341],[-98.989389082,43.578039345],[-98.989389075,43.578039348],[-98.989389071,43.57803935],[-98.989389066,43.578039353],[-98.989389059,43.578039355],[-98.989389053,43.578039357],[-98.989389047,43.578039358],[-98.989389041,43.57803936],[-98.989389035,43.578039361],[-98.989389028,43.578039363],[-98.989389022,43.578039364],[-98.989389016,43.578039364],[-98.98938901,43.578039365],[-98.989389004,43.578039365],[-98.989275876,43.578039002],[-98.989275875,43.578039092],[-98.989275875,43.578039098],[-98.989275874,43.578039102],[-98.989275874,43.578039107],[-98.989275873,43.578039111],[-98.98927587,43.578039116],[-98.989275869,43.57803912],[-98.989275867,43.578039125],[-98.989275864,43.578039129],[-98.989275862,43.578039134],[-98.989275858,43.578039137],[-98.989275855,43.578039142],[-98.989275852,43.578039145],[-98.989275847,43.578039149],[-98.989275843,43.578039153],[-98.989275838,43.578039156],[-98.989275834,43.57803916],[-98.989275829,43.578039162],[-98.989275823,43.578039165],[-98.989275818,43.578039168],[-98.989275813,43.578039171],[-98.989275807,43.578039172],[-98.989275801,43.578039174],[-98.989275795,43.578039176],[-98.989275789,43.578039178],[-98.989275782,43.57803918],[-98.989275776,43.57803918],[-98.98927577,43.578039181],[-98.989275764,43.578039181],[-98.989275758,43.578039182],[-98.98927575,43.578039182],[-98.989162624,43.57803882],[-98.989162623,43.57803891],[-98.989162623,43.578038915],[-98.989162622,43.578038919],[-98.989162622,43.578038924],[-98.989162621,43.578038928],[-98.989162618,43.578038933],[-98.989162617,43.578038937],[-98.989162614,43.578038942],[-98.989162612,43.578038946],[-98.989162609,43.578038951],[-98.989162606,43.578038955],[-98.989162603,43.578038959],[-98.9891626,43.578038963],[-98.989162595,43.578038966],[-98.989162591,43.57803897],[-98.989162586,43.578038973],[-98.989162581,43.578038977],[-98.989162576,43.57803898],[-98.989162571,43.578038982],[-98.989162566,43.578038985],[-98.989162561,43.578038988],[-98.989162555,43.57803899],[-98.989162549,43.578038992],[-98.989162543,43.578038994],[-98.989162536,43.578038995],[-98.98916253,43.578038997],[-98.989162524,43.578038998],[-98.989162518,43.578038999],[-98.989162512,43.578039],[-98.989162505,43.578039],[-98.989162498,43.578039],[-98.989049369,43.578038637],[-98.989049368,43.578038639],[-98.989049367,43.578038643],[-98.989049365,43.578038648],[-98.989049364,43.578038652],[-98.989049361,43.578038657],[-98.989049357,43.578038661],[-98.989049355,43.578038665],[-98.989049351,43.578038669],[-98.989049347,43.578038673],[-98.989049344,43.578038676],[-98.989049339,43.57803868],[-98.989049335,43.578038684],[-98.98904933,43.578038686],[-98.989049325,43.57803869],[-98.98904932,43.578038693],[-98.989049314,43.578038695],[-98.989049309,43.578038698],[-98.989049303,43.5780387],[-98.989049298,43.578038702],[-98.989049292,43.578038703],[-98.989049285,43.578038705],[-98.989049279,43.578038706],[-98.989049273,43.578038708],[-98.989049267,43.578038709],[-98.989049259,43.578038709],[-98.989049253,43.57803871],[-98.989049247,43.57803871],[-98.988935996,43.578038346],[-98.98893599,43.578038346],[-98.988935983,43.578038346],[-98.988935976,43.578038345],[-98.98893597,43.578038344],[-98.988935964,43.578038343],[-98.988935958,43.578038341],[-98.988935952,43.57803834],[-98.988935945,43.578038339],[-98.988935939,43.578038336],[-98.988935934,43.578038334],[-98.988935928,43.578038331],[-98.988935923,43.578038329],[-98.988935918,43.578038326],[-98.988935913,43.578038323],[-98.988935908,43.57803832],[-98.988935904,43.578038316],[-98.9889359,43.578038312],[-98.988935896,43.578038309],[-98.988935892,43.578038305],[-98.988935888,43.578038301],[-98.988935886,43.578038296],[-98.988935883,43.578038293],[-98.988935881,43.578038288],[-98.988935878,43.578038284],[-98.988935877,43.578038279],[-98.988935875,43.578038275],[-98.988935874,43.57803827],[-98.988935874,43.578038266],[-98.988935872,43.57803826],[-98.988935872,43.578038256],[-98.988935876,43.57803762],[-98.988822749,43.578037257],[-98.988822743,43.578037257],[-98.988822737,43.578037256],[-98.988822729,43.578037256],[-98.988822723,43.578037255],[-98.988822717,43.578037254],[-98.988822711,43.578037252],[-98.988822704,43.578037251],[-98.988822698,43.578037249],[-98.988822693,43.578037247],[-98.988822687,43.578037244],[-98.988822682,43.578037243],[-98.988822676,43.57803724],[-98.988822671,43.578037236],[-98.988822666,43.578037234],[-98.988822661,43.57803723],[-98.988822657,43.578037227],[-98.988822654,43.578037224],[-98.988822649,43.578037219],[-98.988822645,43.578037216],[-98.988822643,43.578037212],[-98.988822639,43.578037207],[-98.988822636,43.578037203],[-98.988822634,43.578037198],[-98.988822631,43.578037195],[-98.98882263,43.57803719],[-98.988822629,43.578037185],[-98.988822628,43.57803718],[-98.988822626,43.578037176],[-98.988822626,43.578037171],[-98.988822626,43.578037167],[-98.98882263,43.578036531],[-98.988709502,43.578036168],[-98.988709496,43.578036167],[-98.98870949,43.578036167],[-98.988709483,43.578036166],[-98.988709477,43.578036165],[-98.98870947,43.578036164],[-98.988709464,43.578036164],[-98.988709459,43.578036162],[-98.988709452,43.57803616],[-98.988709446,43.578036158],[-98.98870944,43.578036155],[-98.988709435,43.578036153],[-98.98870943,43.57803615],[-98.988709425,43.578036147],[-98.98870942,43.578036145],[-98.988709415,43.578036141],[-98.98870941,43.578036137],[-98.988709407,43.578036134],[-98.988709403,43.57803613],[-98.988709399,43.578036127],[-98.988709395,43.578036122],[-98.988709392,43.578036118],[-98.988709389,43.578036114],[-98.988709387,43.578036109],[-98.988709386,43.578036105],[-98.988709383,43.5780361],[-98.988709382,43.578036096],[-98.988709381,43.578036091],[-98.988709379,43.578036087],[-98.988709379,43.578036082],[-98.988709379,43.578036077],[-98.988709383,43.578035441],[-98.988596256,43.578035078],[-98.988596249,43.578035078],[-98.988596243,43.578035078],[-98.988596236,43.578035077],[-98.98859623,43.578035076],[-98.988596224,43.578035075],[-98.988596218,43.578035074],[-98.988596212,43.578035072],[-98.988596205,43.57803507],[-98.988596199,43.578035068],[-98.988596194,43.578035066],[-98.988596188,43.578035064],[-98.988596183,43.578035061],[-98.988596178,43.578035058],[-98.988596173,43.578035055],[-98.988596168,43.578035052],[-98.988596163,43.578035048],[-98.98859616,43.578035045],[-98.988596156,43.578035041],[-98.988596152,43.578035037],[-98.988596148,43.578035033],[-98.988596146,43.578035029],[-98.988596143,43.578035024],[-98.988596141,43.57803502],[-98.988596139,43.578035016],[-98.988596136,43.578035011],[-98.988596135,43.578035007],[-98.988596134,43.578035002],[-98.988596134,43.578034997],[-98.988596132,43.578034993],[-98.988596132,43.578034988],[-98.988596136,43.578034352],[-98.988483009,43.578033989],[-98.988483003,43.578033989],[-98.988482995,43.578033988],[-98.988482989,43.578033987],[-98.988482983,43.578033986],[-98.988482977,43.578033985],[-98.988482971,43.578033984],[-98.988482965,43.578033983],[-98.988482958,43.578033981],[-98.988482953,43.578033979],[-98.988482947,43.578033976],[-98.988482942,43.578033974],[-98.988482936,43.578033971],[-98.988482931,43.578033968],[-98.988482926,43.578033966],[-98.988482921,43.578033962],[-98.988482917,43.578033958],[-98.988482912,43.578033955],[-98.988482909,43.578033951],[-98.988482905,43.578033948],[-98.988482903,43.578033943],[-98.988482899,43.578033939],[-98.988482896,43.578033935],[-98.988482894,43.57803393],[-98.988482891,43.578033926],[-98.98848289,43.578033921],[-98.988482888,43.578033917],[-98.988482888,43.578033912],[-98.988482886,43.578033908],[-98.988482885,43.578033903],[-98.988482885,43.578033898],[-98.988482889,43.578033263],[-98.988369762,43.578032899],[-98.988369756,43.578032899],[-98.98836975,43.578032899],[-98.988369743,43.578032898],[-98.988369736,43.578032897],[-98.98836973,43.578032896],[-98.988369724,43.578032894],[-98.988369717,43.578032893],[-98.988369712,43.578032891],[-98.988369706,43.578032889],[-98.9883697,43.578032887],[-98.988369695,43.578032884],[-98.98836969,43.578032882],[-98.988369684,43.578032879],[-98.988369679,43.578032875],[-98.988369675,43.578032873],[-98.98836967,43.578032869],[-98.988369667,43.578032865],[-98.988369662,43.578032862],[-98.988369659,43.578032857],[-98.988369656,43.578032854],[-98.988369652,43.578032849],[-98.988369649,43.578032846],[-98.988369647,43.578032841],[-98.988369644,43.578032837],[-98.988369643,43.578032832],[-98.988369642,43.578032828],[-98.988369641,43.578032823],[-98.988369639,43.578032818],[-98.988369639,43.578032813],[-98.988369639,43.578032809],[-98.988369643,43.578032173],[-98.988256516,43.578031809],[-98.988256509,43.578031809],[-98.988256503,43.578031808],[-98.988256496,43.578031808],[-98.98825649,43.578031808],[-98.988256484,43.578031806],[-98.988256478,43.578031805],[-98.988256472,43.578031803],[-98.988256465,43.578031801],[-98.988256459,43.578031799],[-98.988256454,43.578031797],[-98.988256448,43.578031794],[-98.988256443,43.578031792],[-98.988256438,43.578031789],[-98.988256433,43.578031786],[-98.988256428,43.578031782],[-98.988256423,43.578031779],[-98.98825642,43.578031775],[-98.988256416,43.578031772],[-98.988256412,43.578031768],[-98.988256408,43.578031763],[-98.988256406,43.57803176],[-98.988256402,43.578031755],[-98.9882564,43.578031751],[-98.988256399,43.578031746],[-98.988256396,43.578031742],[-98.988256395,43.578031737],[-98.988256394,43.578031733],[-98.988256392,43.578031728],[-98.988256392,43.578031724],[-98.988256392,43.578031718],[-98.988256396,43.578031083],[-98.988143269,43.578030719],[-98.988143263,43.578030719],[-98.988143256,43.578030719],[-98.988143249,43.578030718],[-98.988143243,43.578030717],[-98.988143237,43.578030716],[-98.988143231,43.578030715],[-98.988143225,43.578030714],[-98.988143218,43.578030712],[-98.988143212,43.578030709],[-98.988143207,43.578030707],[-98.988143201,43.578030705],[-98.988143196,43.578030702],[-98.988143191,43.578030699],[-98.988143186,43.578030696],[-98.988143181,43.578030693],[-98.988143178,43.578030689],[-98.988143173,43.578030686],[-98.988143169,43.578030682],[-98.988143165,43.578030678],[-98.988143161,43.578030674],[-98.988143159,43.578030669],[-98.988143156,43.578030666],[-98.988143154,43.578030661],[-98.988143152,43.578030657],[-98.98814315,43.578030652],[-98.988143148,43.578030648],[-98.988143147,43.578030643],[-98.988143147,43.578030638],[-98.988143145,43.578030633],[-98.988143145,43.578030629],[-98.988143149,43.578029993],[-98.988030022,43.578029629],[-98.988030016,43.578029629],[-98.98803001,43.578029629],[-98.988030002,43.578029629],[-98.988029996,43.578029628],[-98.98802999,43.578029626],[-98.988029984,43.578029625],[-98.988029978,43.578029623],[-98.988029971,43.578029621],[-98.988029966,43.578029619],[-98.98802996,43.578029617],[-98.988029955,43.578029615],[-98.988029949,43.578029612],[-98.988029944,43.578029609],[-98.988029939,43.578029606],[-98.988029935,43.578029602],[-98.98802993,43.5780296],[-98.988029927,43.578029596],[-98.988029922,43.578029592],[-98.988029918,43.578029588],[-98.988029916,43.578029584],[-98.988029912,43.57802958],[-98.988029909,43.578029575],[-98.988029907,43.578029571],[-98.988029904,43.578029566],[-98.988029903,43.578029562],[-98.988029902,43.578029557],[-98.988029901,43.578029553],[-98.9880299,43.578029548],[-98.9880299,43.578029544],[-98.9880299,43.578029539],[-98.988029903,43.578028903],[-98.987916775,43.57802854],[-98.987916769,43.578028539],[-98.987916763,43.578028539],[-98.987916756,43.578028538],[-98.98791675,43.578028537],[-98.987916744,43.578028536],[-98.987916737,43.578028535],[-98.987916732,43.578028533],[-98.987916726,43.578028532],[-98.987916719,43.578028529],[-98.987916713,43.578028527],[-98.987916708,43.578028524],[-98.987916703,43.578028522],[-98.987916698,43.578028519],[-98.987916693,43.578028516],[-98.987916688,43.578028513],[-98.987916683,43.578028509],[-98.98791668,43.578028505],[-98.987916676,43.578028502],[-98.987916672,43.578028498],[-98.987916669,43.578028494],[-98.987916666,43.57802849],[-98.987916662,43.578028486],[-98.98791666,43.578028481],[-98.987916659,43.578028477],[-98.987916656,43.578028472],[-98.987916655,43.578028468],[-98.987916654,43.578028463],[-98.987916652,43.578028459],[-98.987916652,43.578028453],[-98.987916652,43.578028449],[-98.987916656,43.578027813],[-98.987803529,43.578027449],[-98.987803522,43.578027449],[-98.987803516,43.578027449],[-98.987803509,43.578027448],[-98.987803503,43.578027447],[-98.987803497,43.578027446],[-98.987803491,43.578027444],[-98.987803485,43.578027443],[-98.987803478,43.578027441],[-98.987803472,43.578027439],[-98.987803467,43.578027437],[-98.987803461,43.578027435],[-98.987803456,43.578027432],[-98.987803451,43.578027429],[-98.987803446,43.578027426],[-98.987803441,43.578027423],[-98.987803436,43.578027419],[-98.987803433,43.578027416],[-98.987803429,43.578027412],[-98.987803425,43.578027408],[-98.987803422,43.578027404],[-98.987803419,43.578027399],[-98.987803417,43.578027395],[-98.987803414,43.578027391],[-98.987803412,43.578027387],[-98.987803409,43.578027382],[-98.987803408,43.578027377],[-98.987803407,43.578027372],[-98.987803407,43.578027368],[-98.987803405,43.578027363],[-98.987803405,43.578027359],[-98.987803409,43.578026723],[-98.987690282,43.578026359],[-98.987690276,43.578026359],[-98.987690269,43.578026358],[-98.987690262,43.578026357],[-98.987690256,43.578026356],[-98.98769025,43.578026355],[-98.987690244,43.578026355],[-98.987690238,43.578026353],[-98.987690231,43.578026351],[-98.987690226,43.578026349],[-98.98769022,43.578026346],[-98.987690215,43.578026344],[-98.987690209,43.578026341],[-98.987690204,43.578026338],[-98.987690199,43.578026336],[-98.987690194,43.578026332],[-98.987690191,43.578026328],[-98.987690186,43.578026325],[-98.987690182,43.578026321],[-98.987690178,43.578026318],[-98.987690176,43.578026313],[-98.987690172,43.578026309],[-98.98769017,43.578026305],[-98.987690167,43.5780263],[-98.987690165,43.578026296],[-98.987690163,43.578026291],[-98.987690161,43.578026287],[-98.987690161,43.578026282],[-98.98769016,43.578026278],[-98.987690158,43.578026273],[-98.987690158,43.578026268],[-98.987690162,43.578025633],[-98.987577035,43.578025268],[-98.987577029,43.578025268],[-98.987577023,43.578025268],[-98.987577017,43.578025267],[-98.987577009,43.578025266],[-98.987577003,43.578025265],[-98.987576997,43.578025264],[-98.987576991,43.578025262],[-98.987576986,43.57802526],[-98.987576979,43.578025258],[-98.987576973,43.578025256],[-98.987576968,43.578025254],[-98.987576963,43.578025251],[-98.987576957,43.578025248],[-98.987576952,43.578025245],[-98.987576948,43.578025242],[-98.987576944,43.578025238],[-98.98757694,43.578025235],[-98.987576936,43.578025231],[-98.987576932,43.578025227],[-98.987576929,43.578025223],[-98.987576925,43.578025219],[-98.987576922,43.578025215],[-98.98757692,43.57802521],[-98.987576918,43.578025206],[-98.987576916,43.578025201],[-98.987576915,43.578025197],[-98.987576914,43.578025192],[-98.987576913,43.578025187],[-98.987576913,43.578025183],[-98.987576913,43.578025178],[-98.987576916,43.578024542],[-98.987463789,43.578024178],[-98.987463782,43.578024178],[-98.987463776,43.578024177],[-98.98746377,43.578024177],[-98.987463763,43.578024176],[-98.987463757,43.578024174],[-98.987463751,43.578024173],[-98.987463745,43.578024172],[-98.987463739,43.57802417],[-98.987463732,43.578024168],[-98.987463727,43.578024165],[-98.987463721,43.578024163],[-98.987463716,43.57802416],[-98.987463711,43.578024157],[-98.987463706,43.578024155],[-98.987463701,43.578024151],[-98.987463697,43.578024147],[-98.987463693,43.578024144],[-98.987463689,43.57802414],[-98.987463685,43.578024136],[-98.987463682,43.578024132],[-98.987463679,43.578024128],[-98.987463675,43.578024124],[-98.987463673,43.578024119],[-98.987463672,43.578024115],[-98.987463669,43.57802411],[-98.987463668,43.578024106],[-98.987463667,43.578024101],[-98.987463666,43.578024097],[-98.987463666,43.578024092],[-98.987463666,43.578024087],[-98.987463669,43.578023452],[-98.987350542,43.578023087],[-98.987350536,43.578023087],[-98.987350529,43.578023087],[-98.987350523,43.578023086],[-98.987350516,43.578023085],[-98.98735051,43.578023084],[-98.987350504,43.578023082],[-98.987350498,43.578023081],[-98.987350492,43.57802308],[-98.987350485,43.578023077],[-98.98735048,43.578023075],[-98.987350474,43.578023072],[-98.987350469,43.57802307],[-98.987350464,43.578023067],[-98.987350459,43.578023063],[-98.987350454,43.578023061],[-98.987350451,43.578023057],[-98.987350446,43.578023053],[-98.987350442,43.57802305],[-98.987350438,43.578023045],[-98.987350435,43.578023042],[-98.987350432,43.578023037],[-98.98735043,43.578023034],[-98.987350427,43.578023029],[-98.987350425,43.578023025],[-98.987350423,43.57802302],[-98.987350421,43.578023016],[-98.98735042,43.578023011],[-98.98735042,43.578023006],[-98.987350419,43.578023001],[-98.987350419,43.578022997],[-98.987350422,43.578022361],[-98.987237295,43.578021996],[-98.987237289,43.578021996],[-98.987237283,43.578021995],[-98.987237276,43.578021995],[-98.987237269,43.578021995],[-98.987237263,43.578021993],[-98.987237257,43.578021992],[-98.987237251,43.57802199],[-98.987237245,43.578021988],[-98.98723724,43.578021986],[-98.987237233,43.578021984],[-98.987237228,43.578021982],[-98.987237222,43.578021979],[-98.987237217,43.578021976],[-98.987237212,43.578021973],[-98.987237209,43.578021969],[-98.987237204,43.578021967],[-98.9872372,43.578021963],[-98.987237195,43.578021959],[-98.987237191,43.578021955],[-98.987237189,43.578021951],[-98.987237185,43.578021947],[-98.987237183,43.578021942],[-98.98723718,43.578021938],[-98.987237178,43.578021933],[-98.987237176,43.578021929],[-98.987237175,43.578021924],[-98.987237174,43.57802192],[-98.987237173,43.578021915],[-98.987237173,43.578021911],[-98.987237173,43.578021906],[-98.987237177,43.57802127],[-98.987124048,43.578020906],[-98.987124042,43.578020905],[-98.987124036,43.578020905],[-98.98712403,43.578020904],[-98.987124024,43.578020903],[-98.987124017,43.578020902],[-98.987124011,43.5780209],[-98.987124005,43.5780209],[-98.987123999,43.578020898],[-98.987123993,43.578020895],[-98.987123986,43.578020893],[-98.987123981,43.578020891],[-98.987123977,43.578020888],[-98.987123972,43.578020885],[-98.987123967,43.578020882],[-98.987123962,43.578020879],[-98.987123957,43.578020875],[-98.987123953,43.578020872],[-98.987123949,43.578020868],[-98.987123946,43.578020864],[-98.987123942,43.57802086],[-98.987123939,43.578020856],[-98.987123936,43.578020852],[-98.987123933,43.578020847],[-98.987123932,43.578020843],[-98.987123929,43.578020838],[-98.987123928,43.578020834],[-98.987123927,43.578020829],[-98.987123926,43.578020825],[-98.987123926,43.578020819],[-98.987123926,43.578020815],[-98.98712393,43.578020179],[-98.987010803,43.578019814],[-98.987010795,43.578019814],[-98.987010789,43.578019813],[-98.987010783,43.578019813],[-98.987010777,43.578019813],[-98.98701077,43.578019812],[-98.987010764,43.57801981],[-98.987010758,43.578019808],[-98.987010752,43.578019806],[-98.987010746,43.578019804],[-98.987010741,43.578019802],[-98.987010734,43.5780198],[-98.987010729,43.578019797],[-98.987010725,43.578019795],[-98.98701072,43.578019791],[-98.987010715,43.578019787],[-98.98701071,43.578019785],[-98.987010706,43.578019781],[-98.987010702,43.578019777],[-98.987010699,43.578019773],[-98.987010695,43.578019769],[-98.987010692,43.578019765],[-98.98701069,43.57801976],[-98.987010687,43.578019757],[-98.987010685,43.578019752],[-98.987010682,43.578019748],[-98.987010681,43.578019742],[-98.98701068,43.578019738],[-98.98701068,43.578019733],[-98.987010679,43.578019729],[-98.987010679,43.578019724],[-98.987010683,43.578019088],[-98.986897556,43.578018724],[-98.986897549,43.578018723],[-98.986897543,43.578018723],[-98.986897536,43.578018722],[-98.98689753,43.578018721],[-98.986897523,43.57801872],[-98.986897517,43.578018719],[-98.986897511,43.578018717],[-98.986897505,43.578018716],[-98.9868975,43.578018714],[-98.986897494,43.578018711],[-98.986897489,43.578018708],[-98.986897482,43.578018706],[-98.986897478,43.578018703],[-98.986897473,43.5780187],[-98.986897468,43.578018697],[-98.986897464,43.578018693],[-98.986897459,43.578018689],[-98.986897455,43.578018686],[-98.986897452,43.578018682],[-98.986897449,43.578018678],[-98.986897445,43.578018674],[-98.986897443,43.57801867],[-98.98689744,43.578018665],[-98.986897438,43.578018661],[-98.986897437,43.578018656],[-98.986897434,43.578018652],[-98.986897434,43.578018647],[-98.986897433,43.578018643],[-98.986897433,43.578018637],[-98.986897432,43.578018633],[-98.986897436,43.578017997],[-98.986784309,43.578017632],[-98.986784302,43.578017632],[-98.986784296,43.578017632],[-98.98678429,43.578017631],[-98.986784283,43.57801763],[-98.986784276,43.578017629],[-98.98678427,43.578017627],[-98.986784264,43.578017626],[-98.986784259,43.578017624],[-98.986784253,43.578017622],[-98.986784247,43.57801762],[-98.986784242,43.578017617],[-98.986784237,43.578017615],[-98.986784231,43.578017612],[-98.986784226,43.578017608],[-98.986784222,43.578017606],[-98.986784217,43.578017602],[-98.986784213,43.578017599],[-98.986784209,43.578017595],[-98.986784206,43.57801759],[-98.986784202,43.578017587],[-98.986784198,43.578017582],[-98.986784196,43.578017578],[-98.986784193,43.578017574],[-98.986784191,43.57801757],[-98.98678419,43.578017565],[-98.986784188,43.578017561],[-98.986784187,43.578017555],[-98.986784186,43.578017551],[-98.986784186,43.578017546],[-98.986784186,43.578017542],[-98.98678419,43.578016906],[-98.986671063,43.578016541],[-98.986671055,43.578016541],[-98.986671049,43.57801654],[-98.986671043,43.578016539],[-98.986671037,43.578016538],[-98.986671031,43.578016537],[-98.986671024,43.578016536],[-98.986671018,43.578016535],[-98.986671012,43.578016533],[-98.986671006,43.578016531],[-98.986671001,43.578016528],[-98.986670995,43.578016526],[-98.98667099,43.578016523],[-98.986670985,43.57801652],[-98.98667098,43.578016518],[-98.986670975,43.578016514],[-98.98667097,43.57801651],[-98.986670966,43.578016507],[-98.986670962,43.578016503],[-98.986670959,43.5780165],[-98.986670955,43.578016495],[-98.986670953,43.578016491],[-98.986670949,43.578016487],[-98.986670946,43.578016482],[-98.986670945,43.578016478],[-98.986670943,43.578016473],[-98.986670941,43.578016469],[-98.98667094,43.578016464],[-98.986670939,43.57801646],[-98.986670939,43.578016455],[-98.986670939,43.57801645],[-98.986670943,43.578015815],[-98.986557816,43.578015449],[-98.98655781,43.578015449],[-98.986557802,43.578015449],[-98.986557796,43.578015448],[-98.98655779,43.578015447],[-98.986557784,43.578015446],[-98.986557777,43.578015444],[-98.986557771,43.578015444],[-98.986557765,43.578015442],[-98.986557759,43.578015439],[-98.986557754,43.578015437],[-98.986557748,43.578015435],[-98.986557743,43.578015432],[-98.986557738,43.578015429],[-98.986557733,43.578015426],[-98.986557728,43.578015423],[-98.986557724,43.578015419],[-98.986557719,43.578015416],[-98.986557715,43.578015412],[-98.986557712,43.578015408],[-98.986557708,43.578015404],[-98.986557706,43.578015399],[-98.986557703,43.578015396],[-98.986557701,43.578015391],[-98.986557698,43.578015387],[-98.986557697,43.578015382],[-98.986557694,43.578015378],[-98.986557693,43.578015373],[-98.986557693,43.578015368],[-98.986557692,43.578015363],[-98.986557692,43.578015359],[-98.986557696,43.578014723],[-98.986444569,43.578014358],[-98.986444563,43.578014358],[-98.986444556,43.578014357],[-98.986444549,43.578014357],[-98.986444543,43.578014356],[-98.986444537,43.578014354],[-98.98644453,43.578014353],[-98.986444524,43.578014352],[-98.986444518,43.57801435],[-98.986444513,43.578014348],[-98.986444507,43.578014345],[-98.986444502,43.578014343],[-98.986444496,43.578014341],[-98.986444491,43.578014337],[-98.986444486,43.578014334],[-98.986444482,43.578014331],[-98.986444477,43.578014327],[-98.986444473,43.578014324],[-98.986444468,43.57801432],[-98.986444465,43.578014316],[-98.986444462,43.578014313],[-98.986444459,43.578014308],[-98.986444456,43.578014304],[-98.986444454,43.578014299],[-98.986444451,43.578014295],[-98.98644445,43.57801429],[-98.986444449,43.578014286],[-98.986444447,43.578014281],[-98.986444446,43.578014277],[-98.986444446,43.578014272],[-98.986444446,43.578014267],[-98.98644445,43.578013632],[-98.986331322,43.578013266],[-98.986331316,43.578013266],[-98.986331309,43.578013266],[-98.986331303,43.578013265],[-98.986331297,43.578013264],[-98.986331291,43.578013263],[-98.986331285,43.578013261],[-98.986331278,43.57801326],[-98.986331272,43.578013258],[-98.986331266,43.578013256],[-98.98633126,43.578013254],[-98.986331255,43.578013251],[-98.98633125,43.578013249],[-98.986331245,43.578013246],[-98.98633124,43.578013242],[-98.986331235,43.57801324],[-98.98633123,43.578013236],[-98.986331226,43.578013232],[-98.986331223,43.578013229],[-98.986331219,43.578013225],[-98.986331215,43.578013221],[-98.986331213,43.578013216],[-98.986331209,43.578013212],[-98.986331207,43.578013208],[-98.986331205,43.578013203],[-98.986331203,43.578013199],[-98.986331202,43.578013194],[-98.9863312,43.57801319],[-98.986331199,43.578013185],[-98.986331199,43.57801318],[-98.986331199,43.578013176],[-98.986331203,43.578012539],[-98.986218076,43.578012174],[-98.986218069,43.578012174],[-98.986218062,43.578012173],[-98.986218056,43.578012173],[-98.98621805,43.578012172],[-98.986218044,43.578012172],[-98.986218038,43.57801217],[-98.986218031,43.578012168],[-98.986218025,43.578012166],[-98.986218019,43.578012164],[-98.986218014,43.578012162],[-98.986218008,43.57801216],[-98.986218003,43.578012157],[-98.986217998,43.578012154],[-98.986217993,43.578012151],[-98.986217988,43.578012147],[-98.986217984,43.578012145],[-98.986217979,43.578012141],[-98.986217976,43.578012136],[-98.986217972,43.578012133],[-98.986217968,43.578012129],[-98.986217966,43.578012125],[-98.986217963,43.57801212],[-98.986217961,43.578012116],[-98.986217958,43.578012112],[-98.986217956,43.578012107],[-98.986217955,43.578012102],[-98.986217953,43.578012098],[-98.986217953,43.578012093],[-98.986217952,43.578012089],[-98.986217952,43.578012084],[-98.986217956,43.578011448],[-98.986104829,43.578011083],[-98.986104823,43.578011082],[-98.986104817,43.578011082],[-98.986104809,43.578011081],[-98.986104803,43.57801108],[-98.986104797,43.578011079],[-98.986104791,43.578011078],[-98.986104784,43.578011076],[-98.986104778,43.578011075],[-98.986104773,43.578011072],[-98.986104767,43.57801107],[-98.986104762,43.578011067],[-98.986104756,43.578011065],[-98.986104751,43.578011062],[-98.986104746,43.578011059],[-98.986104741,43.578011056],[-98.986104737,43.578011052],[-98.986104732,43.578011049],[-98.986104729,43.578011045],[-98.986104725,43.578011041],[-98.986104723,43.578011037],[-98.986104719,43.578011033],[-98.986104716,43.578011029],[-98.986104714,43.578011024],[-98.986104711,43.57801102],[-98.98610471,43.578011015],[-98.986104708,43.578011011],[-98.986104708,43.578011006],[-98.986104706,43.578011002],[-98.986104706,43.578010996],[-98.986104705,43.578010992],[-98.986104709,43.578010356],[-98.985991582,43.57800999],[-98.985991576,43.57800999],[-98.98599157,43.57800999],[-98.985991564,43.578009989],[-98.985991556,43.578009988],[-98.98599155,43.578009988],[-98.985991544,43.578009986],[-98.985991538,43.578009984],[-98.985991533,43.578009982],[-98.985991526,43.57800998],[-98.98599152,43.578009978],[-98.985991515,43.578009976],[-98.98599151,43.578009973],[-98.985991504,43.57800997],[-98.985991499,43.578009967],[-98.985991495,43.578009964],[-98.98599149,43.57800996],[-98.985991487,43.578009957],[-98.985991483,43.578009953],[-98.985991479,43.578009949],[-98.985991476,43.578009945],[-98.985991472,43.578009941],[-98.985991469,43.578009936],[-98.985991467,43.578009933],[-98.985991464,43.578009928],[-98.985991463,43.578009924],[-98.985991462,43.578009919],[-98.985991461,43.578009914],[-98.98599146,43.578009909],[-98.98599146,43.578009905],[-98.98599146,43.5780099],[-98.985991465,43.578008986],[-98.985878338,43.578008619],[-98.985878331,43.578008619],[-98.985878324,43.578008619],[-98.985878318,43.578008618],[-98.985878312,43.578008618],[-98.985878305,43.578008617],[-98.985878299,43.578008615],[-98.985878293,43.578008613],[-98.985878287,43.578008611],[-98.985878282,43.578008609],[-98.985878276,43.578008608],[-98.98587827,43.578008605],[-98.985878265,43.578008602],[-98.98587826,43.5780086],[-98.985878255,43.578008596],[-98.98587825,43.578008593],[-98.985878246,43.57800859],[-98.985878241,43.578008586],[-98.985878237,43.578008582],[-98.985878234,43.578008578],[-98.98587823,43.578008574],[-98.985878227,43.57800857],[-98.985878225,43.578008566],[-98.985878223,43.578008562],[-98.98587822,43.578008557],[-98.985878219,43.578008553],[-98.985878216,43.578008548],[-98.985878215,43.578008543],[-98.985878215,43.578008538],[-98.985878214,43.578008534],[-98.985878214,43.578008529],[-98.98587822,43.578007551],[-98.985765093,43.578007184],[-98.985765087,43.578007184],[-98.98576508,43.578007184],[-98.985765073,43.578007184],[-98.985765067,43.578007183],[-98.985765061,43.578007182],[-98.985765055,43.57800718],[-98.985765049,43.578007178],[-98.985765042,43.578007176],[-98.985765036,43.578007175],[-98.985765031,43.578007173],[-98.985765025,43.57800717],[-98.98576502,43.578007167],[-98.985765015,43.578007165],[-98.98576501,43.578007161],[-98.985765005,43.578007158],[-98.985765002,43.578007155],[-98.985764997,43.578007151],[-98.985764993,43.578007148],[-98.985764989,43.578007143],[-98.985764986,43.578007139],[-98.985764983,43.578007135],[-98.985764981,43.578007131],[-98.985764978,43.578007127],[-98.985764976,43.578007122],[-98.985764974,43.578007118],[-98.985764972,43.578007113],[-98.985764971,43.578007108],[-98.985764971,43.578007103],[-98.985764969,43.578007099],[-98.985764969,43.578007094],[-98.985764975,43.578006116],[-98.985651849,43.578005749],[-98.985651841,43.578005749],[-98.985651835,43.578005749],[-98.985651829,43.578005749],[-98.985651823,43.578005748],[-98.985651817,43.578005747],[-98.98565181,43.578005745],[-98.985651804,43.578005743],[-98.985651798,43.578005741],[-98.985651792,43.57800574],[-98.985651787,43.578005738],[-98.985651781,43.578005735],[-98.985651776,43.578005732],[-98.985651771,43.57800573],[-98.985651766,43.578005726],[-98.985651761,43.578005723],[-98.985651757,43.57800572],[-98.985651752,43.578005716],[-98.985651749,43.578005713],[-98.985651745,43.578005708],[-98.985651741,43.578005704],[-98.985651739,43.5780057],[-98.985651736,43.578005696],[-98.985651734,43.578005692],[-98.985651731,43.578005687],[-98.985651729,43.578005683],[-98.985651728,43.578005678],[-98.985651726,43.578005673],[-98.985651726,43.578005668],[-98.985651725,43.578005664],[-98.985651725,43.578005659],[-98.985651731,43.578004681],[-98.985538604,43.578004314],[-98.985538597,43.578004314],[-98.985538591,43.578004314],[-98.985538585,43.578004313],[-98.985538578,43.578004313],[-98.985538572,43.578004312],[-98.985538566,43.57800431],[-98.98553856,43.578004308],[-98.985538554,43.578004306],[-98.985538547,43.578004304],[-98.985538543,43.578004303],[-98.985538536,43.5780043],[-98.985538531,43.578004297],[-98.985538526,43.578004294],[-98.985538521,43.578004291],[-98.985538517,43.578004288],[-98.985538512,43.578004285],[-98.985538508,43.578004281],[-98.985538504,43.578004277],[-98.9855385,43.578004273],[-98.985538497,43.578004269],[-98.985538494,43.578004265],[-98.985538492,43.578004261],[-98.985538489,43.578004257],[-98.985538487,43.578004252],[-98.985538484,43.578004248],[-98.985538483,43.578004243],[-98.985538482,43.578004238],[-98.985538482,43.578004233],[-98.985538481,43.578004229],[-98.985538481,43.578004224],[-98.985538487,43.578003246],[-98.98542536,43.578002879],[-98.985425353,43.578002879],[-98.985425346,43.578002879],[-98.98542534,43.578002878],[-98.985425334,43.578002877],[-98.985425328,43.578002876],[-98.985425322,43.578002875],[-98.985425315,43.578002873],[-98.985425309,43.578002871],[-98.985425303,43.578002869],[-98.985425298,43.578002867],[-98.985425292,43.578002865],[-98.985425287,43.578002862],[-98.985425282,43.578002859],[-98.985425277,43.578002856],[-98.985425272,43.578002853],[-98.985425267,43.578002849],[-98.985425263,43.578002846],[-98.98542526,43.578002842],[-98.985425256,43.578002838],[-98.985425252,43.578002834],[-98.98542525,43.57800283],[-98.985425246,43.578002826],[-98.985425244,43.578002821],[-98.985425242,43.578002817],[-98.98542524,43.578002812],[-98.985425239,43.578002808],[-98.985425237,43.578002803],[-98.985425236,43.578002798],[-98.985425236,43.578002794],[-98.985425236,43.578002789],[-98.985425242,43.578001811],[-98.985312114,43.578001444],[-98.985312108,43.578001444],[-98.985312102,43.578001444],[-98.985312096,43.578001443],[-98.98531209,43.578001442],[-98.985312083,43.578001441],[-98.985312077,43.578001439],[-98.985312071,43.578001437],[-98.985312065,43.578001436],[-98.985312059,43.578001434],[-98.985312054,43.578001432],[-98.985312048,43.578001429],[-98.985312043,43.578001427],[-98.985312038,43.578001424],[-98.985312033,43.57800142],[-98.985312028,43.578001418],[-98.985312023,43.578001414],[-98.985312019,43.57800141],[-98.985312015,43.578001407],[-98.985312012,43.578001402],[-98.985312008,43.578001399],[-98.985312005,43.578001394],[-98.985312002,43.578001391],[-98.985311999,43.578001386],[-98.985311998,43.578001382],[-98.985311996,43.578001377],[-98.985311994,43.578001373],[-98.985311993,43.578001368],[-98.985311992,43.578001363],[-98.985311992,43.578001358],[-98.985311992,43.578001354],[-98.985311998,43.578000375],[-98.98519887,43.578],[-98.985198864,43.578],[-98.985198858,43.578],[-98.985198851,43.578],[-98.985198845,43.578],[-98.985198838,43.578],[-98.985198832,43.578],[-98.985198827,43.578],[-98.985198821,43.578],[-98.985198814,43.578],[-98.985198808,43.578],[-98.985198803,43.578],[-98.985198798,43.578],[-98.985198793,43.577999988],[-98.985198788,43.577999985],[-98.985198783,43.577999982],[-98.985198778,43.577999979],[-98.985198775,43.577999975],[-98.985198771,43.577999971],[-98.985198767,43.577999967],[-98.985198764,43.577999963],[-98.98519876,43.577999959],[-98.985198757,43.577999955],[-98.985198755,43.577999951],[-98.985198754,43.577999946],[-98.985198751,43.577999942],[-98.98519875,43.577999937],[-98.985198749,43.577999933],[-98.985198747,43.577999927],[-98.985198747,43.577999923],[-98.985198747,43.577999918],[-98.985198753,43.57799894],[-98.985085626,43.577998573],[-98.985085619,43.577998573],[-98.985085613,43.577998573],[-98.985085607,43.577998572],[-98.9850856,43.577998571],[-98.985085593,43.57799857],[-98.985085587,43.577998568],[-98.985085581,43.577998567],[-98.985085576,43.577998565],[-98.98508557,43.577998563],[-98.985085564,43.577998561],[-98.985085559,43.577998558],[-98.985085554,43.577998556],[-98.985085548,43.577998553],[-98.985085543,43.577998549],[-98.985085539,43.577998547],[-98.985085534,43.577998543],[-98.98508553,43.577998539],[-98.985085527,43.577998536],[-98.985085523,43.577998531],[-98.985085519,43.577998528],[-98.985085515,43.577998523],[-98.985085513,43.57799852],[-98.985085511,43.577998515],[-98.985085508,43.577998511],[-98.985085507,43.577998506],[-98.985085506,43.577998502],[-98.985085504,43.577998497],[-98.985085503,43.577998492],[-98.985085503,43.577998487],[-98.985085503,43.577998483],[-98.985086318,43.577865549],[-98.984973315,43.577865183],[-98.984972562,43.577987851],[-98.984972562,43.577987856],[-98.984972562,43.57798786],[-98.984972561,43.577987865],[-98.984972559,43.57798787],[-98.984972558,43.577987874],[-98.984972556,43.577987879],[-98.984972555,43.577987883],[-98.984972552,43.577987888],[-98.984972548,43.577987892],[-98.984972546,43.577987896],[-98.984972542,43.5779879],[-98.984972538,43.577987904],[-98.984972535,43.577987908],[-98.98497253,43.577987911],[-98.984972526,43.577987915],[-98.984972521,43.577987918],[-98.984972516,43.577987921],[-98.984972511,43.577987924],[-98.984972505,43.577987927],[-98.9849725,43.577987928],[-98.984972494,43.577987931],[-98.984972489,43.577987933],[-98.984972483,43.577987935],[-98.984972476,43.577987937],[-98.98497247,43.577987937],[-98.984972464,43.577987938],[-98.984972458,43.577987939],[-98.98497245,43.57798794],[-98.984972444,43.57798794],[-98.984972438,43.577987941],[-98.984859311,43.577987574],[-98.984859269,43.577994543],[-98.984859267,43.577994548],[-98.984859267,43.577994553],[-98.984859266,43.577994558],[-98.984859265,43.577994562],[-98.984859264,43.577994567],[-98.984859262,43.577994571],[-98.98485926,43.577994576],[-98.984859257,43.57799458],[-98.984859255,43.577994584],[-98.984859251,43.577994588],[-98.984859247,43.577994592],[-98.984859244,43.577994596],[-98.98485924,43.5779946],[-98.984859236,43.577994604],[-98.984859231,43.577994607],[-98.984859226,43.57799461],[-98.984859221,43.577994613],[-98.984859216,43.577994616],[-98.984859212,43.577994619],[-98.984859205,43.577994621],[-98.9848592,43.577994623],[-98.984859194,43.577994625],[-98.984859188,43.577994627],[-98.984859182,43.577994629],[-98.984859176,43.57799463],[-98.984859169,43.577994631],[-98.984859163,43.577994632],[-98.984859157,43.577994632],[-98.98485915,43.577994633],[-98.984859143,43.577994633],[-98.984745893,43.577994265],[-98.984745886,43.577994265],[-98.98474588,43.577994265],[-98.984745873,43.577994264],[-98.984745867,43.577994263],[-98.98474586,43.577994263],[-98.984745854,43.577994261],[-98.984745848,43.57799426],[-98.984745842,43.577994258],[-98.984745837,43.577994255],[-98.984745831,43.577994254],[-98.984745826,43.577994251],[-98.98474582,43.577994248],[-98.984745815,43.577994245],[-98.98474581,43.577994242],[-98.984745805,43.577994239],[-98.984745801,43.577994236],[-98.984745796,43.577994232],[-98.984745792,43.577994228],[-98.984745789,43.577994224],[-98.984745786,43.57799422],[-98.984745782,43.577994216],[-98.98474578,43.577994212],[-98.984745777,43.577994208],[-98.984745775,43.577994203],[-98.984745774,43.577994199],[-98.984745772,43.577994194],[-98.984745771,43.57799419],[-98.98474577,43.577994184],[-98.98474577,43.57799418],[-98.984745769,43.577994175],[-98.984745775,43.577993197],[-98.984632648,43.577992829],[-98.984632642,43.577992829],[-98.984632635,43.577992829],[-98.984632628,43.577992828],[-98.984632622,43.577992827],[-98.984632616,43.577992827],[-98.98463261,43.577992825],[-98.984632604,43.577992824],[-98.984632597,43.577992822],[-98.984632593,43.577992819],[-98.984632586,43.577992818],[-98.984632581,43.577992815],[-98.984632575,43.577992812],[-98.98463257,43.577992809],[-98.984632565,43.577992806],[-98.98463256,43.577992803],[-98.984632557,43.5779928],[-98.984632552,43.577992796],[-98.984632548,43.577992792],[-98.984632544,43.577992788],[-98.984632542,43.577992784],[-98.984632538,43.57799278],[-98.984632536,43.577992776],[-98.984632533,43.577992772],[-98.984632531,43.577992767],[-98.984632529,43.577992763],[-98.984632527,43.577992758],[-98.984632527,43.577992754],[-98.984632526,43.577992748],[-98.984632524,43.577992744],[-98.984632524,43.577992739],[-98.984636651,43.577320796],[-98.984636651,43.57732079],[-98.984636652,43.577320786],[-98.984636652,43.577320781],[-98.984636654,43.577320777],[-98.984636656,43.577320772],[-98.984636657,43.577320768],[-98.98463666,43.577320763],[-98.984636662,43.577320759],[-98.984636665,43.577320754],[-98.984636668,43.577320751],[-98.984636671,43.577320746],[-98.984636675,43.577320743],[-98.98463668,43.577320739],[-98.984636683,43.577320735],[-98.984636688,43.577320732],[-98.984636692,43.577320729],[-98.984636697,43.577320726],[-98.984636703,43.577320723],[-98.984636708,43.57732072],[-98.984636713,43.577320717],[-98.984636719,43.577320716],[-98.984636725,43.577320714],[-98.984636732,43.577320712],[-98.984636738,43.57732071],[-98.984636744,43.577320708],[-98.98463675,43.577320708],[-98.984636756,43.577320707],[-98.984636763,43.577320707],[-98.984636769,43.577320706],[-98.984636775,43.577320706],[-98.984749901,43.577321073],[-98.984750384,43.57724247],[-98.984750384,43.577242466],[-98.984750385,43.57724246],[-98.984750385,43.577242456],[-98.984750386,43.577242451],[-98.984750389,43.577242447],[-98.98475039,43.577242442],[-98.984750392,43.577242438],[-98.984750395,43.577242433],[-98.984750397,43.577242429],[-98.984750401,43.577242425],[-98.984750405,43.577242421],[-98.984750409,43.577242417],[-98.984750412,43.577242413],[-98.984750416,43.57724241],[-98.984750421,43.577242406],[-98.984750426,43.577242404],[-98.984750431,43.5772424],[-98.984750436,43.577242397],[-98.984750441,43.577242395],[-98.984750447,43.577242392],[-98.984750452,43.57724239],[-98.984750458,43.577242388],[-98.984750464,43.577242386],[-98.98475047,43.577242385],[-98.984750477,43.577242383],[-98.984750483,43.577242382],[-98.984750489,43.577242381],[-98.984750495,43.577242381],[-98.984750501,43.57724238],[-98.984750509,43.57724238],[-98.984863634,43.577242747],[-98.984864116,43.577164149],[-98.984864117,43.577164144],[-98.984864117,43.57716414],[-98.984864119,43.577164135],[-98.98486412,43.57716413],[-98.984864121,43.577164125],[-98.984864122,43.577164121],[-98.984864125,43.577164116],[-98.984864127,43.577164113],[-98.98486413,43.577164108],[-98.984864133,43.577164104],[-98.984864137,43.5771641],[-98.984864141,43.577164097],[-98.984864145,43.577164092],[-98.984864148,43.577164089],[-98.984864153,43.577164086],[-98.984864158,43.577164082],[-98.984864163,43.57716408],[-98.984864168,43.577164076],[-98.984864173,43.577164074],[-98.984864179,43.577164071],[-98.984864184,43.577164069],[-98.98486419,43.577164067],[-98.984864197,43.577164065],[-98.984864203,43.577164063],[-98.984864209,43.577164062],[-98.984864215,43.577164062],[-98.984864221,43.577164061],[-98.984864228,43.57716406],[-98.984864235,43.57716406],[-98.984864241,43.57716406],[-98.984977367,43.577164426],[-98.984978119,43.577041758],[-98.984978119,43.577041753],[-98.98497812,43.577041749],[-98.98497812,43.577041744],[-98.984978122,43.57704174],[-98.984978123,43.577041735],[-98.984978125,43.577041731],[-98.984978128,43.577041726],[-98.98497813,43.577041722],[-98.984978133,43.577041717],[-98.984978137,43.577041713],[-98.984978139,43.577041709],[-98.984978143,43.577041705],[-98.984978148,43.577041702],[-98.984978151,43.577041698],[-98.984978156,43.577041695],[-98.98497816,43.577041691],[-98.984978165,43.577041688],[-98.984978171,43.577041686],[-98.984978176,43.577041683],[-98.984978181,43.57704168],[-98.984978187,43.577041678],[-98.984978194,43.577041676],[-98.9849782,43.577041675],[-98.984978205,43.577041673],[-98.984978212,43.577041671],[-98.984978218,43.57704167],[-98.984978224,43.577041669],[-98.984978231,43.577041669],[-98.984978237,43.577041668],[-98.984978243,43.577041668],[-98.985091369,43.577042035],[-98.985094314,43.576561872],[-98.985094314,43.576561866],[-98.985094314,43.576561862],[-98.985094314,43.576561861],[-98.98509578,43.576322918],[-98.984982655,43.576322552],[-98.984982649,43.576322552],[-98.984982643,43.576322551],[-98.984982636,43.57632255],[-98.984982629,43.576322549],[-98.984982623,43.576322548],[-98.984982617,43.576322548],[-98.98498261,43.576322546],[-98.984982605,43.576322544],[-98.984982599,43.576322542],[-98.984982593,43.576322539],[-98.984982588,43.576322537],[-98.984982583,43.576322534],[-98.984982577,43.576322531],[-98.984982572,43.576322529],[-98.984982568,43.576322525],[-98.984982563,43.576322521],[-98.98498256,43.576322518],[-98.984982556,43.576322514],[-98.984982552,43.576322511],[-98.984982549,43.576322506],[-98.984982545,43.576322502],[-98.984982542,43.576322498],[-98.98498254,43.576322493],[-98.984982537,43.576322489],[-98.984982536,43.576322484],[-98.984982535,43.57632248],[-98.984982534,43.576322475],[-98.984982532,43.576322471],[-98.984982532,43.576322466],[-98.984982532,43.576322461],[-98.984983164,43.576219466],[-98.98487004,43.576219099],[-98.984870034,43.576219099],[-98.984870028,43.576219099],[-98.98487002,43.576219098],[-98.984870014,43.576219097],[-98.984870008,43.576219096],[-98.984870002,43.576219094],[-98.984869995,43.576219093],[-98.984869989,43.576219091],[-98.984869984,43.576219089],[-98.984869978,43.576219087],[-98.984869973,43.576219085],[-98.984869967,43.576219082],[-98.984869962,43.576219079],[-98.984869957,43.576219076],[-98.984869952,43.576219073],[-98.984869948,43.576219069],[-98.984869943,43.576219066],[-98.98486994,43.576219062],[-98.984869936,43.576219058],[-98.984869934,43.576219054],[-98.98486993,43.576219049],[-98.984869927,43.576219045],[-98.984869925,43.576219041],[-98.984869922,43.576219037],[-98.984869921,43.576219032],[-98.98486992,43.576219028],[-98.984869919,43.576219022],[-98.984869917,43.576219018],[-98.984869917,43.576219013],[-98.984869916,43.576219009],[-98.984870042,43.576198434],[-98.984756919,43.576198067],[-98.984756913,43.576198067],[-98.984756907,43.576198066],[-98.984756899,43.576198065],[-98.984756893,43.576198065],[-98.984756887,43.576198064],[-98.984756881,43.576198063],[-98.984756875,43.576198061],[-98.984756868,43.576198059],[-98.984756863,43.576198057],[-98.984756857,43.576198055],[-98.984756852,43.576198052],[-98.984756846,43.576198049],[-98.984756841,43.576198047],[-98.984756836,43.576198044],[-98.984756832,43.57619804],[-98.984756827,43.576198037],[-98.984756824,43.576198033],[-98.984756819,43.576198029],[-98.984756815,43.576198026],[-98.984756813,43.576198021],[-98.984756809,43.576198018],[-98.984756806,43.576198013],[-98.984756804,43.576198009],[-98.984756801,43.576198004],[-98.9847568,43.576198],[-98.984756799,43.576197995],[-98.984756798,43.576197991],[-98.984756797,43.576197986],[-98.984756797,43.576197982],[-98.984756797,43.576197976],[-98.984756884,43.576183804],[-98.98464376,43.576183437],[-98.984643752,43.576183437],[-98.984643746,43.576183437],[-98.98464374,43.576183437],[-98.984643734,43.576183436],[-98.984643727,43.576183434],[-98.984643721,43.576183433],[-98.984643715,43.576183431],[-98.984643709,43.576183429],[-98.984643703,43.576183428],[-98.984643698,43.576183425],[-98.984643691,43.576183423],[-98.984643686,43.57618342],[-98.984643681,43.576183417],[-98.984643677,43.576183414],[-98.984643672,43.57618341],[-98.984643668,43.576183408],[-98.984643663,43.576183404],[-98.984643659,43.5761834],[-98.984643655,43.576183396],[-98.984643652,43.576183392],[-98.984643649,43.576183388],[-98.984643647,43.576183383],[-98.984643644,43.576183379],[-98.984643642,43.576183374],[-98.984643639,43.57618337],[-98.984643638,43.576183365],[-98.984643637,43.576183361],[-98.984643637,43.576183356],[-98.984643636,43.576183352],[-98.984643636,43.576183347],[-98.98464371,43.576171223],[-98.984530587,43.576170855],[-98.98453058,43.576170855],[-98.984530573,43.576170855],[-98.984530567,43.576170854],[-98.984530561,43.576170853],[-98.984530555,43.576170852],[-98.984530549,43.576170851],[-98.984530542,43.576170849],[-98.984530536,43.576170847],[-98.98453053,43.576170845],[-98.984530525,43.576170843],[-98.984530519,43.576170841],[-98.984530514,43.576170838],[-98.984530509,43.576170835],[-98.984530504,43.576170832],[-98.984530499,43.576170829],[-98.984530494,43.576170825],[-98.98453049,43.576170822],[-98.984530487,43.576170818],[-98.984530483,43.576170814],[-98.984530479,43.57617081],[-98.984530477,43.576170806],[-98.984530474,43.576170802],[-98.984530472,43.576170797],[-98.984530469,43.576170793],[-98.984530467,43.576170788],[-98.984530466,43.576170784],[-98.984530464,43.576170778],[-98.984530464,43.576170774],[-98.984530463,43.576170769],[-98.984530463,43.576170765],[-98.984530485,43.576167139],[-98.984417486,43.576166772],[-98.984417478,43.576168073],[-98.984417478,43.576168078],[-98.984417476,43.576168083],[-98.984417476,43.576168087],[-98.984417475,43.576168092],[-98.984417473,43.576168096],[-98.984417472,43.576168101],[-98.984417469,43.576168105],[-98.984417467,43.57616811],[-98.984417464,43.576168114],[-98.98441746,43.576168118],[-98.984417458,43.576168122],[-98.984417454,43.576168126],[-98.984417449,43.576168129],[-98.984417446,43.576168133],[-98.984417441,43.576168137],[-98.984417437,43.576168139],[-98.984417432,43.576168143],[-98.984417426,43.576168146],[-98.984417421,43.576168148],[-98.984417416,43.576168151],[-98.98441741,43.576168153],[-98.984417403,43.576168155],[-98.984417397,43.576168156],[-98.984417391,43.576168158],[-98.984417385,43.57616816],[-98.984417379,43.576168161],[-98.984417372,43.576168162],[-98.984417366,43.576168162],[-98.98441736,43.576168163],[-98.984417353,43.576168163],[-98.984304229,43.576167796],[-98.984304183,43.576175434],[-98.984304183,43.57617544],[-98.984304181,43.576175444],[-98.984304181,43.576175449],[-98.98430418,43.576175453],[-98.984304179,43.576175458],[-98.984304176,43.576175462],[-98.984304174,43.576175467],[-98.984304171,43.576175471],[-98.984304169,43.576175476],[-98.984304165,43.576175479],[-98.984304163,43.576175484],[-98.984304159,43.576175487],[-98.984304154,43.576175491],[-98.98430415,43.576175495],[-98.984304145,43.576175498],[-98.984304142,43.576175502],[-98.984304137,43.576175505],[-98.98430413,43.576175507],[-98.984304126,43.57617551],[-98.984304121,43.576175513],[-98.984304114,43.576175514],[-98.984304108,43.576175517],[-98.984304102,43.576175519],[-98.984304097,43.57617552],[-98.98430409,43.576175522],[-98.984304083,43.576175523],[-98.984304077,43.576175523],[-98.984304071,43.576175524],[-98.984304065,43.576175524],[-98.984304059,43.576175524],[-98.984190934,43.576175157],[-98.984190858,43.576187622],[-98.984190858,43.576187627],[-98.984190858,43.576187631],[-98.984190856,43.576187636],[-98.984190855,43.576187641],[-98.984190854,43.576187645],[-98.984190851,43.57618765],[-98.984190849,43.576187654],[-98.984190846,43.576187658],[-98.984190844,43.576187663],[-98.984190841,43.576187667],[-98.984190838,43.576187671],[-98.984190834,43.576187675],[-98.98419083,43.576187679],[-98.984190825,43.576187682],[-98.984190822,43.576187685],[-98.984190817,43.576187689],[-98.984190812,43.576187691],[-98.984190807,43.576187695],[-98.984190801,43.576187697],[-98.984190796,43.5761877],[-98.984190789,43.576187702],[-98.984190783,43.576187704],[-98.984190778,43.576187706],[-98.984190772,43.576187708],[-98.984190766,43.576187709],[-98.98419076,43.576187709],[-98.984190752,43.57618771],[-98.984190746,43.576187711],[-98.98419074,43.576187711],[-98.984190734,43.576187711],[-98.984077609,43.576187344],[-98.984077429,43.576216613],[-98.984077429,43.576216618],[-98.984077429,43.576216622],[-98.984077428,43.576216627],[-98.984077426,43.576216632],[-98.984077425,43.576216637],[-98.984077423,43.576216641],[-98.984077422,43.576216646],[-98.984077419,43.576216649],[-98.984077415,43.576216654],[-98.984077413,43.576216658],[-98.984077409,43.576216662],[-98.984077405,43.576216666],[-98.984077402,43.57621667],[-98.984077398,43.576216674],[-98.984077393,43.576216676],[-98.984077388,43.57621668],[-98.984077383,43.576216683],[-98.984077378,43.576216685],[-98.984077373,43.576216688],[-98.984077367,43.576216691],[-98.984077362,43.576216693],[-98.984077356,43.576216695],[-98.98407735,43.576216697],[-98.984077343,43.576216699],[-98.984077337,43.5762167],[-98.984077331,43.576216701],[-98.984077325,43.576216702],[-98.984077319,43.576216702],[-98.984077311,43.576216702],[-98.984077305,43.576216702],[-98.983964181,43.576216335],[-98.983963616,43.576308285],[-98.983963616,43.57630829],[-98.983963615,43.576308294],[-98.983963615,43.5763083],[-98.983963613,43.576308304],[-98.983963611,43.576308309],[-98.98396361,43.576308313],[-98.983963607,43.576308318],[-98.983963605,43.576308322],[-98.983963602,43.576308326],[-98.983963598,43.57630833],[-98.983963596,43.576308334],[-98.983963592,43.576308338],[-98.983963587,43.576308342],[-98.983963584,43.576308345],[-98.983963579,43.576308348],[-98.983963574,43.576308352],[-98.983963569,43.576308354],[-98.983963564,43.576308358],[-98.983963559,43.576308361],[-98.983963553,43.576308363],[-98.983963548,43.576308365],[-98.983963541,43.576308367],[-98.983963535,43.576308369],[-98.983963529,43.576308371],[-98.983963523,43.576308372],[-98.983963517,43.576308372],[-98.983963511,43.576308373],[-98.983963504,43.576308374],[-98.983963498,43.576308374],[-98.983963491,43.576308374],[-98.983850367,43.576308007],[-98.983848891,43.57654786],[-98.983848891,43.576547866],[-98.983848891,43.57654787],[-98.983848891,43.57654787],[-98.983846524,43.576932479],[-98.983959649,43.576932847],[-98.983959656,43.576932848],[-98.983959663,43.576932848],[-98.983959669,43.576932849],[-98.983959675,43.57693285],[-98.983959681,43.576932851],[-98.983959687,43.576932851],[-98.983959694,43.576932853],[-98.9839597,43.576932855],[-98.983959706,43.576932857],[-98.983959711,43.57693286],[-98.983959717,43.576932862],[-98.983959722,43.576932865],[-98.983959727,43.576932868],[-98.983959732,43.57693287],[-98.983959737,43.576932874],[-98.983959742,43.576932878],[-98.983959746,43.576932881],[-98.983959749,43.576932885],[-98.983959753,43.576932888],[-98.983959757,43.576932893],[-98.983959759,43.576932896],[-98.983959763,43.576932901],[-98.983959764,43.576932905],[-98.983959767,43.57693291],[-98.983959769,43.576932914],[-98.98395977,43.576932919],[-98.983959772,43.576932923],[-98.983959772,43.576932928],[-98.983959773,43.576932933],[-98.983959773,43.576932938],[-98.983959303,43.577009267],[-98.984072428,43.577009634],[-98.984072436,43.577009634],[-98.984072442,43.577009635],[-98.984072448,43.577009636],[-98.984072454,43.577009637],[-98.98407246,43.577009638],[-98.984072467,43.577009639],[-98.984072473,43.57700964],[-98.984072479,43.577009642],[-98.984072485,43.577009644],[-98.98407249,43.577009647],[-98.984072496,43.577009649],[-98.984072501,43.577009652],[-98.984072506,43.577009655],[-98.984072511,43.577009658],[-98.984072516,43.577009661],[-98.984072521,43.577009665],[-98.984072525,43.577009668],[-98.984072528,43.577009672],[-98.984072532,43.577009676],[-98.984072536,43.57700968],[-98.984072538,43.577009684],[-98.984072541,43.577009688],[-98.984072543,43.577009693],[-98.984072546,43.577009697],[-98.984072548,43.577009702],[-98.98407255,43.577009706],[-98.984072551,43.577009711],[-98.984072551,43.577009715],[-98.984072552,43.577009721],[-98.984072552,43.577009725],[-98.984067489,43.577833058],[-98.984067489,43.577833064],[-98.984067487,43.577833068],[-98.984067486,43.577833073],[-98.984067485,43.577833077],[-98.984067484,43.577833082],[-98.984067482,43.577833086],[-98.98406748,43.577833091],[-98.984067477,43.577833095],[-98.984067475,43.5778331],[-98.984067471,43.577833103],[-98.984067468,43.577833108],[-98.984067464,43.577833111],[-98.98406746,43.577833115],[-98.984067456,43.577833119],[-98.984067451,43.577833122],[-98.984067446,43.577833126],[-98.984067441,43.577833129],[-98.984067437,43.577833131],[-98.984067432,43.577833134],[-98.984067425,43.577833137],[-98.98406742,43.577833138],[-98.984067414,43.57783314],[-98.984067408,43.577833142],[-98.984067402,43.577833144],[-98.984067396,43.577833146],[-98.984067389,43.577833147],[-98.984067383,43.577833147],[-98.984067377,43.577833147],[-98.984067371,43.577833148],[-98.984067363,43.577833148],[-98.983954113,43.57783278],[-98.983954107,43.57783278],[-98.983954101,43.57783278],[-98.983954094,43.577832779],[-98.983954087,43.577832778],[-98.983954081,43.577832777],[-98.983954075,43.577832776],[-98.983954068,43.577832774],[-98.983954063,43.577832772],[-98.983954057,43.577832771],[-98.983954051,43.577832768],[-98.983954046,43.577832765],[-98.98395404,43.577832762],[-98.983954035,43.57783276],[-98.98395403,43.577832757],[-98.983954026,43.577832753],[-98.983954021,43.57783275],[-98.983954018,43.577832746],[-98.983954013,43.577832743],[-98.983954009,43.577832739],[-98.983954006,43.577832734],[-98.983954003,43.577832731],[-98.983954,43.577832726],[-98.983953998,43.577832722],[-98.983953995,43.577832717],[-98.983953994,43.577832713],[-98.983953993,43.577832708],[-98.983953992,43.577832704],[-98.98395399,43.577832699],[-98.98395399,43.577832694],[-98.98395399,43.577832689],[-98.98395446,43.577756361],[-98.983841457,43.577755994],[-98.983840068,43.577981616],[-98.983840068,43.577981621],[-98.983840067,43.577981626],[-98.983840067,43.57798163],[-98.983840066,43.577981635],[-98.983840063,43.577981639],[-98.983840062,43.577981644],[-98.98384006,43.577981648],[-98.983840057,43.577981653],[-98.983840055,43.577981657],[-98.983840051,43.577981661],[-98.983840047,43.577981666],[-98.983840045,43.577981669],[-98.98384004,43.577981673],[-98.983840036,43.577981676],[-98.983840031,43.57798168],[-98.983840026,43.577981683],[-98.983840021,43.577981686],[-98.983840016,43.577981689],[-98.983840011,43.577981692],[-98.983840005,43.577981694],[-98.98384,43.577981696],[-98.983839994,43.577981698],[-98.983839988,43.5779817],[-98.983839982,43.577981702],[-98.983839975,43.577981702],[-98.983839969,43.577981704],[-98.983839963,43.577981705],[-98.983839957,43.577981705],[-98.983839951,43.577981706],[-98.983839943,43.577981706],[-98.983726692,43.577981337],[-98.983726686,43.577981337],[-98.98372668,43.577981337],[-98.983726674,43.577981336],[-98.983726666,43.577981335],[-98.98372666,43.577981334],[-98.983726654,43.577981333],[-98.983726648,43.577981332],[-98.983726643,43.57798133],[-98.983726637,43.577981327],[-98.98372663,43.577981325],[-98.983726625,43.577981323],[-98.983726621,43.57798132],[-98.983726614,43.577981317],[-98.983726609,43.577981314],[-98.983726606,43.577981311],[-98.983726601,43.577981307],[-98.983726597,43.577981304],[-98.983726593,43.5779813],[-98.98372659,43.577981296],[-98.983726586,43.577981292],[-98.983726582,43.577981287],[-98.98372658,43.577981284],[-98.983726577,43.577981279],[-98.983726575,43.577981275],[-98.983726573,43.57798127],[-98.983726572,43.577981266],[-98.983726571,43.577981261],[-98.98372657,43.577981256],[-98.98372657,43.577981251],[-98.98372657,43.577981247],[-98.983726576,43.577980269],[-98.983613448,43.5779799],[-98.983613442,43.5779799],[-98.983613436,43.5779799],[-98.983613429,43.577979899],[-98.983613422,43.577979898],[-98.983613416,43.577979897],[-98.98361341,43.577979895],[-98.983613403,43.577979895],[-98.983613399,43.577979893],[-98.983613392,43.57797989],[-98.983613386,43.577979888],[-98.983613381,43.577979886],[-98.983613375,43.577979883],[-98.98361337,43.57797988],[-98.983613365,43.577979877],[-98.983613361,43.577979874],[-98.983613356,43.57797987],[-98.983613353,43.577979867],[-98.983613348,43.577979863],[-98.983613345,43.577979859],[-98.983613342,43.577979855],[-98.983613338,43.57797985],[-98.983613335,43.577979847],[-98.983613333,43.577979842],[-98.98361333,43.577979838],[-98.983613329,43.577979833],[-98.983613328,43.577979829],[-98.983613327,43.577979824],[-98.983613325,43.57797982],[-98.983613325,43.577979814],[-98.983613325,43.57797981],[-98.983613331,43.577978832],[-98.983500204,43.577978463],[-98.983500198,43.577978463],[-98.983500191,43.577978463],[-98.983500184,43.577978462],[-98.983500178,43.577978461],[-98.983500172,43.57797846],[-98.983500165,43.577978458],[-98.983500159,43.577978457],[-98.983500153,43.577978456],[-98.983500148,43.577978453],[-98.983500142,43.577978451],[-98.983500137,43.577978448],[-98.983500131,43.577978446],[-98.983500126,43.577978443],[-98.983500121,43.57797844],[-98.983500117,43.577978437],[-98.983500112,43.577978433],[-98.983500108,43.57797843],[-98.983500103,43.577978426],[-98.9835001,43.577978422],[-98.983500097,43.577978418],[-98.983500094,43.577978414],[-98.983500091,43.57797841],[-98.983500089,43.577978405],[-98.983500086,43.577978401],[-98.983500085,43.577978396],[-98.983500084,43.577978392],[-98.983500082,43.577978387],[-98.983500081,43.577978383],[-98.983500081,43.577978377],[-98.983500081,43.577978373],[-98.983500087,43.577977395],[-98.983386959,43.577977026],[-98.983386953,43.577977026],[-98.983386947,43.577977026],[-98.98338694,43.577977025],[-98.983386933,43.577977024],[-98.983386927,43.577977023],[-98.983386921,43.577977021],[-98.983386915,43.57797702],[-98.983386909,43.577977018],[-98.983386904,43.577977016],[-98.983386898,43.577977014],[-98.983386893,43.577977011],[-98.983386886,43.577977008],[-98.983386881,43.577977006],[-98.983386876,43.577977003],[-98.983386872,43.577976999],[-98.983386868,43.577976996],[-98.983386863,43.577976992],[-98.983386859,43.577976989],[-98.983386855,43.577976985],[-98.983386853,43.577976981],[-98.983386849,43.577976977],[-98.983386847,43.577976972],[-98.983386844,43.577976968],[-98.983386842,43.577976963],[-98.983386841,43.577976959],[-98.983386839,43.577976954],[-98.983386838,43.57797695],[-98.983386837,43.577976945],[-98.983386837,43.57797694],[-98.983386836,43.577976936],[-98.983386842,43.577975957],[-98.983273715,43.577975589],[-98.983273709,43.577975588],[-98.983273702,43.577975588],[-98.983273695,43.577975587],[-98.983273689,43.577975586],[-98.983273683,43.577975585],[-98.983273677,43.577975584],[-98.983273671,43.577975583],[-98.983273664,43.577975581],[-98.983273659,43.577975578],[-98.983273653,43.577975576],[-98.983273648,43.577975574],[-98.983273642,43.577975571],[-98.983273637,43.577975568],[-98.983273632,43.577975566],[-98.983273627,43.577975562],[-98.983273624,43.577975558],[-98.983273619,43.577975555],[-98.983273615,43.577975551],[-98.983273611,43.577975548],[-98.983273609,43.577975543],[-98.983273605,43.57797554],[-98.983273602,43.577975535],[-98.9832736,43.577975531],[-98.983273598,43.577975526],[-98.983273596,43.577975522],[-98.983273594,43.577975517],[-98.983273594,43.577975513],[-98.983273593,43.577975508],[-98.983273591,43.577975503],[-98.983273591,43.577975498],[-98.983273597,43.57797452],[-98.983160471,43.577974152],[-98.983160465,43.577974151],[-98.983160457,43.577974151],[-98.983160451,43.57797415],[-98.983160445,43.577974149],[-98.983160439,43.577974148],[-98.983160432,43.577974147],[-98.983160426,43.577974145],[-98.98316042,43.577974144],[-98.983160414,43.577974141],[-98.983160409,43.577974139],[-98.983160403,43.577974136],[-98.983160398,43.577974134],[-98.983160393,43.577974131],[-98.983160388,43.577974128],[-98.983160383,43.577974125],[-98.983160379,43.577974121],[-98.983160374,43.577974117],[-98.983160371,43.577974114],[-98.983160367,43.57797411],[-98.983160363,43.577974106],[-98.983160361,43.577974102],[-98.983160358,43.577974098],[-98.983160356,43.577974093],[-98.983160353,43.577974089],[-98.983160352,43.577974084],[-98.98316035,43.57797408],[-98.983160348,43.577974075],[-98.983160348,43.577974071],[-98.983160347,43.577974065],[-98.983160347,43.577974061],[-98.983160353,43.577973082],[-98.983047227,43.577972714],[-98.98304722,43.577972713],[-98.983047213,43.577972713],[-98.983047207,43.577972712],[-98.983047201,43.577972711],[-98.983047194,43.57797271],[-98.983047188,43.57797271],[-98.983047182,43.577972708],[-98.983047176,43.577972706],[-98.98304717,43.577972703],[-98.983047165,43.577972701],[-98.983047158,43.577972699],[-98.983047154,43.577972696],[-98.983047149,43.577972693],[-98.983047144,43.577972691],[-98.983047139,43.577972687],[-98.983047135,43.577972683],[-98.98304713,43.57797268],[-98.983047126,43.577972676],[-98.983047123,43.577972673],[-98.983047119,43.577972668],[-98.983047116,43.577972664],[-98.983047114,43.57797266],[-98.983047111,43.577972655],[-98.983047109,43.577972651],[-98.983047106,43.577972646],[-98.983047105,43.577972642],[-98.983047104,43.577972637],[-98.983047104,43.577972633],[-98.983047103,43.577972628],[-98.983047103,43.577972623],[-98.983047286,43.577942938],[-98.982934159,43.577942568],[-98.982934153,43.577942568],[-98.982934146,43.577942568],[-98.982934139,43.577942567],[-98.982934133,43.577942567],[-98.982934127,43.577942566],[-98.98293412,43.577942564],[-98.982934114,43.577942562],[-98.982934108,43.57794256],[-98.982934103,43.577942558],[-98.982934097,43.577942557],[-98.982934092,43.577942554],[-98.982934086,43.577942551],[-98.982934081,43.577942549],[-98.982934076,43.577942545],[-98.982934072,43.577942542],[-98.982934067,43.577942539],[-98.982934064,43.577942535],[-98.982934059,43.577942531],[-98.982934055,43.577942527],[-98.982934052,43.577942523],[-98.982934049,43.577942519],[-98.982934046,43.577942515],[-98.982934044,43.577942511],[-98.982934041,43.577942506],[-98.98293404,43.577942502],[-98.982934039,43.577942497],[-98.982934038,43.577942492],[-98.982934036,43.577942487],[-98.982934036,43.577942483],[-98.982934036,43.577942478],[-98.982938419,43.577231824],[-98.982938419,43.57723182],[-98.98293842,43.57723182],[-98.982942804,43.57652117],[-98.982942804,43.576521166],[-98.982942804,43.576521161],[-98.982942804,43.576521161],[-98.982947187,43.575810516],[-98.982951571,43.575099862],[-98.982951571,43.575099857],[-98.982951571,43.575099857],[-98.982955955,43.574389208],[-98.982955955,43.574389203],[-98.982955955,43.574389198],[-98.982955955,43.574389198],[-98.982960338,43.573678553],[-98.982964721,43.572967899],[-98.982964721,43.572967894],[-98.982964721,43.572967894],[-98.982969105,43.572257244],[-98.982969105,43.572257239],[-98.982969105,43.572257235],[-98.982969106,43.57225723],[-98.982969108,43.572257226],[-98.982969109,43.572257221],[-98.982969111,43.572257217],[-98.982969113,43.572257212],[-98.982969115,43.572257208],[-98.982969119,43.572257203],[-98.982969121,43.5722572],[-98.982969125,43.572257195],[-98.982969129,43.572257192],[-98.982969132,43.572257188],[-98.982969137,43.572257185],[-98.982969141,43.572257181],[-98.982969146,43.572257177],[-98.982969151,43.572257175],[-98.982969156,43.572257172],[-98.982969162,43.572257169],[-98.982969167,43.572257167],[-98.982969173,43.572257165],[-98.982969178,43.572257162],[-98.982969184,43.57225716],[-98.982969191,43.572257159],[-98.982969197,43.572257158],[-98.982969203,43.572257157],[-98.982969209,43.572257156],[-98.982969217,43.572257155],[-98.982969223,43.572257155],[-98.982969229,43.572257155],[-98.983082346,43.572257523],[-98.983082402,43.572248393],[-98.983082402,43.572248389],[-98.983082402,43.572248384],[-98.983082404,43.57224838],[-98.983082405,43.572248375],[-98.983082406,43.572248371],[-98.983082408,43.572248366],[-98.98308241,43.572248362],[-98.983082412,43.572248357],[-98.983082416,43.572248353],[-98.983082418,43.572248348],[-98.983082422,43.572248345],[-98.983082426,43.572248341],[-98.98308243,43.572248338],[-98.983082434,43.572248334],[-98.983082438,43.57224833],[-98.983082443,43.572248327],[-98.983082448,43.572248324],[-98.983082453,43.572248321],[-98.983082459,43.572248319],[-98.983082464,43.572248316],[-98.98308247,43.572248314],[-98.983082475,43.572248312],[-98.983082482,43.57224831],[-98.983082488,43.572248309],[-98.983082494,43.572248307],[-98.9830825,43.572248306],[-98.983082506,43.572248305],[-98.983082514,43.572248304],[-98.98308252,43.572248304],[-98.983082526,43.572248304],[-98.983195643,43.572248673],[-98.983195671,43.572244187],[-98.983195671,43.572244183],[-98.983195671,43.572244178],[-98.983195672,43.572244173],[-98.983195673,43.572244168],[-98.983195675,43.572244164],[-98.983195677,43.572244159],[-98.983195678,43.572244155],[-98.983195681,43.57224415],[-98.983195684,43.572244147],[-98.983195687,43.572244142],[-98.983195691,43.572244139],[-98.983195694,43.572244134],[-98.983195698,43.572244131],[-98.983195702,43.572244127],[-98.983195707,43.572244123],[-98.983195712,43.572244121],[-98.983195717,43.572244117],[-98.983195722,43.572244114],[-98.983195727,43.572244112],[-98.983195733,43.57224411],[-98.983195739,43.572244107],[-98.983195744,43.572244105],[-98.98319575,43.572244104],[-98.983195756,43.572244102],[-98.983195763,43.572244101],[-98.983195769,43.5722441],[-98.983195775,43.572244099],[-98.983195781,43.572244098],[-98.983195789,43.572244098],[-98.983195795,43.572244097],[-98.983309035,43.572244467],[-98.983309041,43.572244467],[-98.983309048,43.572244467],[-98.983309055,43.572244468],[-98.983309061,43.572244469],[-98.983309067,43.572244469],[-98.983309073,43.572244471],[-98.983309079,43.572244473],[-98.983309086,43.572244475],[-98.98330909,43.572244477],[-98.983309097,43.572244478],[-98.983309103,43.572244481],[-98.983309108,43.572244484],[-98.983309113,43.572244487],[-98.983309118,43.57224449],[-98.983309123,43.572244493],[-98.983309126,43.572244496],[-98.983309131,43.5722445],[-98.983309135,43.572244504],[-98.983309136,43.572244505],[-98.983422275,43.572244874],[-98.983422281,43.572244874],[-98.983422288,43.572244874],[-98.983422295,43.572244875],[-98.983422301,43.572244876],[-98.983422307,43.572244877],[-98.983422313,43.572244879],[-98.983422319,43.572244879],[-98.983422326,43.572244881],[-98.98342233,43.572244884],[-98.983422337,43.572244886],[-98.983422342,43.572244888],[-98.983422348,43.572244891],[-98.983422353,43.572244894],[-98.983422358,43.572244897],[-98.983422363,43.5722449],[-98.983422366,43.572244904],[-98.983422371,43.572244907],[-98.983422375,43.572244911],[-98.983422376,43.572244912],[-98.983535515,43.572245281],[-98.983535521,43.572245281],[-98.983535528,43.572245281],[-98.983535535,43.572245282],[-98.983535541,43.572245283],[-98.983535547,43.572245284],[-98.983535553,43.572245286],[-98.983535559,43.572245287],[-98.983535566,43.572245288],[-98.983535571,43.572245291],[-98.983535577,43.572245293],[-98.983535582,43.572245296],[-98.983535588,43.572245298],[-98.983535593,43.572245301],[-98.983535598,43.572245304],[-98.983535603,43.572245307],[-98.983535606,43.572245311],[-98.983535611,43.572245314],[-98.983535615,43.572245318],[-98.983535616,43.572245319],[-98.983648755,43.572245687],[-98.983648761,43.572245688],[-98.983648768,43.572245688],[-98.983648775,43.572245689],[-98.983648781,43.57224569],[-98.983648787,43.572245691],[-98.983648793,43.572245692],[-98.983648799,43.572245694],[-98.983648806,43.572245695],[-98.983648811,43.572245698],[-98.983648817,43.5722457],[-98.983648822,43.572245703],[-98.983648828,43.572245705],[-98.983648833,43.572245708],[-98.983648838,43.572245711],[-98.983648843,43.572245714],[-98.983648846,43.572245718],[-98.983648851,43.572245722],[-98.983648855,43.572245725],[-98.983648856,43.572245726],[-98.983761995,43.572246094],[-98.983762001,43.572246094],[-98.983762007,43.572246095],[-98.983762015,43.572246096],[-98.983762021,43.572246097],[-98.983762027,43.572246098],[-98.983762033,43.572246099],[-98.983762039,43.572246101],[-98.983762046,43.572246102],[-98.983762051,43.572246104],[-98.983762057,43.572246107],[-98.983762062,43.57224611],[-98.983762068,43.572246112],[-98.983762073,43.572246115],[-98.983762078,43.572246118],[-98.983762083,43.572246121],[-98.983762086,43.572246125],[-98.983762091,43.572246128],[-98.983762095,43.572246132],[-98.983762096,43.572246133],[-98.983875235,43.572246501],[-98.983875241,43.572246501],[-98.983875247,43.572246502],[-98.983875255,43.572246502],[-98.983875261,43.572246503],[-98.983875267,43.572246505],[-98.983875273,43.572246506],[-98.983875279,43.572246507],[-98.983875286,43.572246509],[-98.983875291,43.572246511],[-98.983875297,43.572246514],[-98.983875302,43.572246516],[-98.983875308,43.572246519],[-98.983875313,43.572246522],[-98.983875318,43.572246524],[-98.983875323,43.572246528],[-98.983875327,43.572246532],[-98.983875331,43.572246535],[-98.983875335,43.572246539],[-98.983875336,43.57224654],[-98.983988475,43.572246908],[-98.983988481,43.572246908],[-98.983988487,43.572246909],[-98.983988495,43.572246909],[-98.983988501,43.57224691],[-98.983988507,43.572246911],[-98.983988513,43.572246912],[-98.98398852,43.572246914],[-98.983988526,43.572246916],[-98.983988531,43.572246918],[-98.983988537,43.57224692],[-98.983988542,43.572246922],[-98.983988548,43.572246925],[-98.983988553,43.572246928],[-98.983988558,43.572246931],[-98.983988563,43.572246935],[-98.983988567,43.572246937],[-98.983988572,43.572246941],[-98.983988575,43.572246946],[-98.983988576,43.572246947],[-98.984101715,43.572247314],[-98.984101721,43.572247314],[-98.984101727,43.572247315],[-98.984101735,43.572247315],[-98.984101741,43.572247316],[-98.984101747,43.572247318],[-98.984101753,43.572247319],[-98.98410176,43.572247321],[-98.984101766,43.572247322],[-98.984101771,43.572247324],[-98.984101777,43.572247327],[-98.984101782,43.572247329],[-98.984101788,43.572247331],[-98.984101793,43.572247335],[-98.984101798,43.572247338],[-98.984101803,43.572247341],[-98.984101807,43.572247344],[-98.984101812,43.572247348],[-98.984101815,43.572247352],[-98.984101817,43.572247353],[-98.984214955,43.572247721],[-98.984214961,43.572247721],[-98.984214967,43.572247721],[-98.984214975,43.572247722],[-98.984214981,43.572247723],[-98.984214987,43.572247723],[-98.984214993,43.572247725],[-98.984215,43.572247727],[-98.984215006,43.572247729],[-98.984215011,43.572247731],[-98.984215017,43.572247732],[-98.984215022,43.572247735],[-98.984215028,43.572247738],[-98.984215033,43.572247741],[-98.984215038,43.572247744],[-98.984215043,43.572247747],[-98.984215047,43.572247751],[-98.984215052,43.572247754],[-98.984215055,43.572247758],[-98.984215056,43.572247759],[-98.984328195,43.572248127],[-98.984328201,43.572248127],[-98.984328207,43.572248127],[-98.984328215,43.572248128],[-98.984328221,43.572248129],[-98.984328227,43.57224813],[-98.984328233,43.572248132],[-98.98432824,43.572248133],[-98.984328246,43.572248135],[-98.984328251,43.572248137],[-98.984328257,43.572248139],[-98.984328262,43.572248142],[-98.984328268,43.572248144],[-98.984328273,43.572248147],[-98.984328278,43.572248151],[-98.984328283,43.572248153],[-98.984328287,43.572248157],[-98.98432829,43.57224816],[-98.984328295,43.572248164],[-98.984328296,43.572248165],[-98.984441435,43.572248533],[-98.984441441,43.572248533],[-98.984441447,43.572248533],[-98.984441455,43.572248534],[-98.984441461,43.572248535],[-98.984441467,43.572248536],[-98.984441473,43.572248538],[-98.98444148,43.572248539],[-98.984441486,43.572248541],[-98.984441491,43.572248543],[-98.984441497,43.572248545],[-98.984441502,43.572248548],[-98.984441508,43.572248551],[-98.984441513,43.572248553],[-98.984441518,43.572248557],[-98.984441523,43.57224856],[-98.984441527,43.572248563],[-98.98444153,43.572248567],[-98.984441535,43.57224857],[-98.984441539,43.572248575],[-98.984441542,43.572248578],[-98.984441545,43.572248583],[-98.984441548,43.572248587],[-98.98444155,43.572248591],[-98.984441552,43.572248595],[-98.984554675,43.572248962],[-98.984554681,43.572248963],[-98.984554687,43.572248963],[-98.984554694,43.572248964],[-98.984554701,43.572248965],[-98.984554707,43.572248966],[-98.984554714,43.572248967],[-98.98455472,43.572248968],[-98.984554725,43.57224897],[-98.984554731,43.572248972],[-98.984554737,43.572248975],[-98.984554742,43.572248977],[-98.984554747,43.57224898],[-98.984554753,43.572248983],[-98.984554758,43.572248985],[-98.984554762,43.572248989],[-98.984554767,43.572248993],[-98.98455477,43.572248996],[-98.984554775,43.572249],[-98.984554778,43.572249003],[-98.984554782,43.572249008],[-98.984554785,43.572249012],[-98.984554788,43.572249016],[-98.98455479,43.572249021],[-98.984554793,43.572249025],[-98.984554794,43.57224903],[-98.984554795,43.572249034],[-98.984554796,43.572249039],[-98.984554798,43.572249043],[-98.984554798,43.572249048],[-98.984554798,43.572249053],[-98.984554797,43.572249143],[-98.984667914,43.572249509],[-98.98466792,43.572249509],[-98.984667928,43.57224951],[-98.984667934,43.57224951],[-98.98466794,43.572249511],[-98.984667946,43.572249513],[-98.984667952,43.572249514],[-98.984667958,43.572249516],[-98.984667965,43.572249518],[-98.98466797,43.572249519],[-98.984667976,43.572249522],[-98.984667981,43.572249524],[-98.984667987,43.572249527],[-98.984667992,43.57224953],[-98.984667997,43.572249533],[-98.984668002,43.572249536],[-98.984668006,43.572249539],[-98.98466801,43.572249543],[-98.984668014,43.572249547],[-98.984668018,43.572249551],[-98.98466802,43.572249554],[-98.984668024,43.572249559],[-98.984668027,43.572249563],[-98.984668029,43.572249568],[-98.984668032,43.572249572],[-98.984668033,43.572249577],[-98.984668035,43.572249581],[-98.984668036,43.572249586],[-98.984668036,43.57224959],[-98.984668038,43.572249595],[-98.984668038,43.572249599],[-98.984668037,43.572249705],[-98.984781153,43.572250073],[-98.98478116,43.572250073],[-98.984781166,43.572250073],[-98.984781172,43.572250074],[-98.984781179,43.572250075],[-98.984781185,43.572250076],[-98.984781191,43.572250077],[-98.984781197,43.572250078],[-98.984781203,43.57225008],[-98.98478121,43.572250083],[-98.984781215,43.572250085],[-98.984781221,43.572250087],[-98.984781226,43.57225009],[-98.984781231,43.572250093],[-98.984781236,43.572250095],[-98.984781241,43.572250099],[-98.984781246,43.572250103],[-98.984781249,43.572250106],[-98.984781253,43.57225011],[-98.984781257,43.572250113],[-98.98478126,43.572250118],[-98.984781263,43.572250122],[-98.984781265,43.572250126],[-98.984781268,43.572250131],[-98.98478127,43.572250135],[-98.984781273,43.57225014],[-98.984781274,43.572250144],[-98.984781275,43.572250149],[-98.984781275,43.572250153],[-98.984781276,43.572250158],[-98.984781276,43.572250163],[-98.984781276,43.572250269],[-98.984894393,43.572250635],[-98.984894399,43.572250635],[-98.984894405,43.572250636],[-98.984894411,43.572250636],[-98.984894417,43.572250637],[-98.984894424,43.572250639],[-98.98489443,43.57225064],[-98.984894436,43.572250642],[-98.984894442,43.572250643],[-98.984894448,43.572250645],[-98.984894455,43.572250648],[-98.98489446,43.57225065],[-98.984894464,43.572250652],[-98.984894469,43.572250656],[-98.984894474,43.572250659],[-98.984894479,43.572250662],[-98.984894484,43.572250665],[-98.984894488,43.572250669],[-98.984894492,43.572250673],[-98.984894495,43.572250677],[-98.984894499,43.57225068],[-98.984894502,43.572250685],[-98.984894505,43.572250689],[-98.984894508,43.572250694],[-98.984894509,43.572250698],[-98.984894512,43.572250703],[-98.984894513,43.572250707],[-98.984894514,43.572250712],[-98.984894515,43.572250716],[-98.984894515,43.572250721],[-98.984894515,43.572250725],[-98.984894515,43.572250831],[-98.985007631,43.572251198],[-98.985007638,43.572251199],[-98.985007644,43.572251199],[-98.98500765,43.5722512],[-98.985007657,43.5722512],[-98.985007664,43.572251201],[-98.98500767,43.572251203],[-98.985007676,43.572251204],[-98.985007681,43.572251206],[-98.985007687,43.572251209],[-98.985007693,43.57225121],[-98.985007698,43.572251213],[-98.985007703,43.572251216],[-98.985007709,43.572251218],[-98.985007714,43.572251221],[-98.985007718,43.572251225],[-98.985007723,43.572251228],[-98.985007727,43.572251232],[-98.985007732,43.572251236],[-98.985007734,43.572251239],[-98.985007738,43.572251244],[-98.985007742,43.572251247],[-98.985007744,43.572251252],[-98.985007747,43.572251256],[-98.985007749,43.572251261],[-98.98500775,43.572251265],[-98.985007752,43.57225127],[-98.985007753,43.572251274],[-98.985007754,43.572251279],[-98.985007754,43.572251284],[-98.985007754,43.572251289],[-98.985007753,43.572251394],[-98.98512087,43.572251761],[-98.985120876,43.572251761],[-98.985120883,43.572251762],[-98.98512089,43.572251762],[-98.985120896,43.572251763],[-98.985120902,43.572251764],[-98.985120909,43.572251765],[-98.985120915,43.572251767],[-98.985120921,43.572251769],[-98.985120926,43.572251771],[-98.985120932,43.572251774],[-98.985120937,43.572251775],[-98.985120943,43.572251778],[-98.985120948,43.572251782],[-98.985120953,43.572251784],[-98.985120958,43.572251788],[-98.985120962,43.572251791],[-98.985120967,43.572251794],[-98.985120971,43.572251799],[-98.985120974,43.572251802],[-98.985120977,43.572251806],[-98.98512098,43.57225181],[-98.985120983,43.572251815],[-98.985120985,43.572251819],[-98.985120988,43.572251823],[-98.985120989,43.572251828],[-98.985120992,43.572251833],[-98.985120992,43.572251837],[-98.985120993,43.572251842],[-98.985120993,43.572251846],[-98.985120994,43.572251851],[-98.985120993,43.572251946],[-98.985234109,43.572252313],[-98.985234116,43.572252313],[-98.985234123,43.572252313],[-98.985234129,43.572252314],[-98.985234135,43.572252315],[-98.985234141,43.572252316],[-98.985234147,43.572252318],[-98.985234154,43.572252319],[-98.98523416,43.57225232],[-98.985234166,43.572252323],[-98.985234171,43.572252325],[-98.985234177,43.572252328],[-98.985234182,43.57225233],[-98.985234187,43.572252333],[-98.985234192,43.572252337],[-98.985234197,43.572252339],[-98.985234201,43.572252343],[-98.985234206,43.572252346],[-98.985234209,43.57225235],[-98.985234213,43.572252355],[-98.985234217,43.572252358],[-98.985234219,43.572252363],[-98.985234222,43.572252366],[-98.985234224,43.572252371],[-98.985234227,43.572252375],[-98.985234229,43.57225238],[-98.98523423,43.572252384],[-98.985234232,43.572252389],[-98.985234232,43.572252394],[-98.985234233,43.572252399],[-98.985234233,43.572252403],[-98.985234232,43.572252478],[-98.985347349,43.572252845],[-98.985347355,43.572252845],[-98.985347361,43.572252845],[-98.985347368,43.572252846],[-98.985347374,43.572252847],[-98.985347381,43.572252848],[-98.985347387,43.572252849],[-98.985347394,43.572252851],[-98.985347399,43.572252853],[-98.985347405,43.572252854],[-98.985347411,43.572252857],[-98.985347416,43.57225286],[-98.985347421,43.572252863],[-98.985347427,43.572252865],[-98.985347431,43.572252868],[-98.985347436,43.572252872],[-98.985347441,43.572252875],[-98.985347444,43.572252879],[-98.985347448,43.572252882],[-98.985347452,43.572252886],[-98.985347455,43.57225289],[-98.985347459,43.572252894],[-98.985347462,43.572252899],[-98.985347464,43.572252903],[-98.985347467,43.572252908],[-98.985347468,43.572252912],[-98.985347469,43.572252917],[-98.98534747,43.572252921],[-98.985347472,43.572252926],[-98.985347472,43.572252931],[-98.985347472,43.572252935],[-98.985347471,43.572253021],[-98.985460588,43.572253387],[-98.985460594,43.572253388],[-98.9854606,43.572253388],[-98.985460608,43.572253388],[-98.985460614,43.572253389],[-98.98546062,43.57225339],[-98.985460626,43.572253391],[-98.985460632,43.572253393],[-98.985460639,43.572253395],[-98.985460644,43.572253397],[-98.98546065,43.572253399],[-98.985460655,43.572253402],[-98.985460661,43.572253405],[-98.985460666,43.572253407],[-98.985460671,43.57225341],[-98.985460676,43.572253414],[-98.985460679,43.572253417],[-98.985460684,43.572253421],[-98.985460688,43.572253424],[-98.985460692,43.572253428],[-98.985460694,43.572253433],[-98.985460698,43.572253436],[-98.9854607,43.572253441],[-98.985460703,43.572253445],[-98.985460705,43.57225345],[-98.985460707,43.572253454],[-98.985460708,43.572253459],[-98.985460709,43.572253463],[-98.98546071,43.572253468],[-98.98546071,43.572253473],[-98.985460712,43.572253478],[-98.985460711,43.572253589],[-98.985573827,43.572253955],[-98.985573833,43.572253955],[-98.98557384,43.572253956],[-98.985573846,43.572253956],[-98.985573853,43.572253957],[-98.985573859,43.572253958],[-98.985573865,43.572253959],[-98.985573871,43.572253961],[-98.985573877,43.572253963],[-98.985573884,43.572253965],[-98.985573888,43.572253967],[-98.985573895,43.572253969],[-98.9855739,43.572253972],[-98.985573905,43.572253975],[-98.98557391,43.572253978],[-98.985573914,43.572253982],[-98.985573918,43.572253985],[-98.985573923,43.572253989],[-98.985573927,43.572253993],[-98.985573931,43.572253996],[-98.985573934,43.572254],[-98.985573937,43.572254004],[-98.985573939,43.572254009],[-98.985573942,43.572254013],[-98.985573944,43.572254018],[-98.985573947,43.572254022],[-98.985573948,43.572254027],[-98.985573949,43.572254031],[-98.985573949,43.572254036],[-98.98557395,43.57225404],[-98.98557395,43.572254046],[-98.98557395,43.572254157],[-98.985687065,43.572254523],[-98.985687073,43.572254523],[-98.985687079,43.572254523],[-98.985687085,43.572254524],[-98.985687091,43.572254525],[-98.985687098,43.572254525],[-98.985687104,43.572254527],[-98.98568711,43.572254529],[-98.985687116,43.572254531],[-98.985687122,43.572254533],[-98.985687127,43.572254534],[-98.985687133,43.572254537],[-98.985687138,43.57225454],[-98.985687143,43.572254543],[-98.985687148,43.572254546],[-98.985687153,43.572254549],[-98.985687158,43.572254552],[-98.985687162,43.572254556],[-98.985687166,43.57225456],[-98.985687169,43.572254564],[-98.985687173,43.572254568],[-98.985687176,43.572254572],[-98.985687179,43.572254577],[-98.985687182,43.57225458],[-98.985687183,43.572254585],[-98.985687185,43.572254589],[-98.985687187,43.572254594],[-98.985687188,43.572254599],[-98.985687189,43.572254604],[-98.985687189,43.572254608],[-98.985687189,43.572254613],[-98.985687188,43.572254724],[-98.985800305,43.572255091],[-98.985800312,43.572255091],[-98.985800318,43.572255091],[-98.985800324,43.572255092],[-98.98580033,43.572255092],[-98.985800338,43.572255093],[-98.985800344,43.572255095],[-98.985800349,43.572255096],[-98.985800355,43.572255098],[-98.985800361,43.572255101],[-98.985800367,43.572255102],[-98.985800372,43.572255105],[-98.985800377,43.572255108],[-98.985800382,43.57225511],[-98.985800387,43.572255114],[-98.985800392,43.572255117],[-98.985800397,43.57225512],[-98.985800401,43.572255124],[-98.985800404,43.572255128],[-98.985800408,43.572255131],[-98.985800412,43.572255136],[-98.985800416,43.57225514],[-98.985800418,43.572255144],[-98.985800421,43.572255148],[-98.985800422,43.572255153],[-98.985800424,43.572255157],[-98.985800425,43.572255162],[-98.985800427,43.572255166],[-98.985800428,43.572255172],[-98.985800428,43.572255176],[-98.985800428,43.572255181],[-98.985800427,43.572255292],[-98.985913544,43.572255657],[-98.98591355,43.572255657],[-98.985913557,43.572255658],[-98.985913563,43.572255659],[-98.98591357,43.57225566],[-98.985913576,43.572255661],[-98.985913583,43.572255662],[-98.985913589,43.572255664],[-98.985913594,43.572255666],[-98.9859136,43.572255667],[-98.985913606,43.57225567],[-98.985913611,43.572255673],[-98.985913617,43.572255675],[-98.985913622,43.572255678],[-98.985913627,43.572255681],[-98.985913631,43.572255684],[-98.985913636,43.572255688],[-98.98591364,43.572255692],[-98.985913644,43.572255695],[-98.985913648,43.572255699],[-98.985913651,43.572255703],[-98.985913654,43.572255707],[-98.985913657,43.572255712],[-98.985913659,43.572255716],[-98.985913662,43.572255721],[-98.985913663,43.572255725],[-98.985913664,43.57225573],[-98.985913666,43.572255734],[-98.985913667,43.572255739],[-98.985913667,43.572255743],[-98.985913667,43.572255748],[-98.985913666,43.57225586],[-98.986026783,43.572256225],[-98.986026789,43.572256225],[-98.986026797,43.572256226],[-98.986026803,43.572256226],[-98.986026809,43.572256227],[-98.986026815,43.572256228],[-98.986026821,43.57225623],[-98.986026828,43.572256231],[-98.986026834,43.572256233],[-98.986026839,43.572256235],[-98.986026845,43.572256238],[-98.98602685,43.57225624],[-98.986026856,43.572256242],[-98.986026861,43.572256246],[-98.986026866,43.572256249],[-98.986026871,43.572256252],[-98.986026875,43.572256255],[-98.98602688,43.572256258],[-98.986026883,43.572256263],[-98.986026887,43.572256267],[-98.986026889,43.57225627],[-98.986026893,43.572256275],[-98.986026896,43.572256279],[-98.986026898,43.572256284],[-98.986026901,43.572256287],[-98.986026902,43.572256292],[-98.986026904,43.572256297],[-98.986026904,43.572256302],[-98.986026906,43.572256306],[-98.986026907,43.572256311],[-98.986026907,43.572256315],[-98.986026906,43.572256426],[-98.986140022,43.572256793],[-98.986140028,43.572256793],[-98.986140035,43.572256793],[-98.986140042,43.572256794],[-98.986140048,43.572256794],[-98.986140054,43.572256795],[-98.98614006,43.572256797],[-98.986140066,43.572256798],[-98.986140073,43.5722568],[-98.986140079,43.572256803],[-98.986140084,43.572256804],[-98.98614009,43.572256807],[-98.986140095,43.57225681],[-98.9861401,43.572256812],[-98.986140105,43.572256816],[-98.98614011,43.572256819],[-98.986140113,43.572256822],[-98.986140118,43.572256826],[-98.986140122,43.57225683],[-98.986140126,43.572256834],[-98.986140129,43.572256838],[-98.986140132,43.572256842],[-98.986140134,43.572256846],[-98.986140137,43.57225685],[-98.986140139,43.572256855],[-98.986140142,43.572256859],[-98.986140143,43.572256864],[-98.986140144,43.572256868],[-98.986140144,43.572256874],[-98.986140146,43.572256878],[-98.986140146,43.572256883],[-98.986140145,43.572256994],[-98.986253261,43.572257359],[-98.986253268,43.57225736],[-98.986253274,43.57225736],[-98.98625328,43.572257361],[-98.986253287,43.572257362],[-98.986253293,43.572257363],[-98.986253299,43.572257364],[-98.986253305,43.572257365],[-98.986253311,43.572257367],[-98.986253318,43.572257369],[-98.986253322,43.572257372],[-98.986253329,43.572257375],[-98.986253334,43.572257377],[-98.986253339,43.57225738],[-98.986253344,43.572257383],[-98.986253348,43.572257386],[-98.986253353,43.57225739],[-98.986253357,43.572257393],[-98.986253361,43.572257397],[-98.986253365,43.572257401],[-98.986253368,43.572257405],[-98.986253371,43.572257409],[-98.986253374,43.572257413],[-98.986253377,43.572257418],[-98.986253378,43.572257422],[-98.986253381,43.572257427],[-98.986253382,43.572257431],[-98.986253383,43.572257436],[-98.986253384,43.57225744],[-98.986253384,43.572257446],[-98.986253384,43.57225745],[-98.986253384,43.572257561],[-98.986366501,43.572257927],[-98.986366507,43.572257927],[-98.986366513,43.572257927],[-98.986366519,43.572257927],[-98.986366525,43.572257928],[-98.986366533,43.57225793],[-98.986366539,43.572257931],[-98.986366544,43.572257933],[-98.98636655,43.572257935],[-98.986366556,43.572257936],[-98.986366562,43.572257939],[-98.986366567,43.572257941],[-98.986366572,43.572257944],[-98.986366579,43.572257947],[-98.986366582,43.57225795],[-98.986366587,43.572257954],[-98.986366592,43.572257957],[-98.986366596,43.57225796],[-98.9863666,43.572257964],[-98.986366603,43.572257968],[-98.986366607,43.572257972],[-98.986366611,43.572257976],[-98.986366613,43.572257981],[-98.986366616,43.572257985],[-98.986366617,43.57225799],[-98.986366619,43.572257994],[-98.986366621,43.572257999],[-98.986366622,43.572258003],[-98.986366623,43.572258008],[-98.986366623,43.572258012],[-98.986366623,43.572258017],[-98.986366622,43.572258129],[-98.986479739,43.572258494],[-98.986479746,43.572258494],[-98.986479752,43.572258494],[-98.986479759,43.572258495],[-98.986479765,43.572258496],[-98.986479772,43.572258496],[-98.986479778,43.572258498],[-98.986479784,43.5722585],[-98.98647979,43.572258502],[-98.986479795,43.572258504],[-98.986479801,43.572258505],[-98.986479806,43.572258508],[-98.986479812,43.572258511],[-98.986479817,43.572258514],[-98.986479822,43.572258517],[-98.986479826,43.57225852],[-98.986479831,43.572258523],[-98.986479835,43.572258527],[-98.98647984,43.572258531],[-98.986479843,43.572258535],[-98.986479846,43.572258539],[-98.98647985,43.572258543],[-98.986479852,43.572258548],[-98.986479855,43.572258551],[-98.986479857,43.572258556],[-98.986479858,43.57225856],[-98.986479859,43.572258565],[-98.986479861,43.57225857],[-98.986479862,43.572258575],[-98.986479862,43.572258579],[-98.986479862,43.572258584],[-98.986479861,43.572258695],[-98.986592978,43.572259061],[-98.986592984,43.572259061],[-98.986592992,43.572259061],[-98.986592998,43.572259062],[-98.986593004,43.572259063],[-98.98659301,43.572259064],[-98.986593017,43.572259065],[-98.986593023,43.572259066],[-98.986593029,43.572259068],[-98.986593034,43.572259071],[-98.98659304,43.572259073],[-98.986593045,43.572259075],[-98.986593051,43.572259078],[-98.986593056,43.572259081],[-98.986593061,43.572259084],[-98.986593066,43.572259087],[-98.98659307,43.572259091],[-98.986593075,43.572259094],[-98.986593078,43.572259098],[-98.986593082,43.572259101],[-98.986593085,43.572259106],[-98.986593088,43.57225911],[-98.986593091,43.572259114],[-98.986593093,43.572259118],[-98.986593096,43.572259123],[-98.986593097,43.572259127],[-98.9865931,43.572259132],[-98.9865931,43.572259136],[-98.986593101,43.572259142],[-98.986593102,43.572259146],[-98.986593102,43.572259151],[-98.986593101,43.572259262],[-98.986706217,43.572259627],[-98.986706224,43.572259628],[-98.986706231,43.572259628],[-98.986706237,43.572259629],[-98.986706243,43.57225963],[-98.986706249,43.57225963],[-98.986706255,43.572259631],[-98.986706262,43.572259633],[-98.986706268,43.572259635],[-98.986706274,43.572259637],[-98.986706279,43.572259639],[-98.986706285,43.572259642],[-98.98670629,43.572259645],[-98.986706295,43.572259648],[-98.9867063,43.57225965],[-98.986706305,43.572259654],[-98.986706309,43.572259658],[-98.986706314,43.572259661],[-98.986706317,43.572259665],[-98.986706321,43.572259668],[-98.986706325,43.572259673],[-98.986706327,43.572259676],[-98.98670633,43.572259681],[-98.986706332,43.572259685],[-98.986706335,43.57225969],[-98.986706337,43.572259694],[-98.986706338,43.572259699],[-98.98670634,43.572259703],[-98.98670634,43.572259708],[-98.986706341,43.572259713],[-98.986706341,43.572259718],[-98.98670634,43.572259829],[-98.986819457,43.572260194],[-98.986819463,43.572260194],[-98.986819469,43.572260195],[-98.986819476,43.572260195],[-98.986819482,43.572260196],[-98.986819488,43.572260197],[-98.986819494,43.572260198],[-98.9868195,43.5722602],[-98.986819507,43.572260202],[-98.986819513,43.572260204],[-98.986819518,43.572260206],[-98.986819524,43.572260208],[-98.986819529,43.572260211],[-98.986819534,43.572260214],[-98.986819539,43.572260217],[-98.986819544,43.572260221],[-98.986819549,43.572260224],[-98.986819552,43.572260228],[-98.986819556,43.572260232],[-98.98681956,43.572260235],[-98.986819564,43.572260239],[-98.986819566,43.572260243],[-98.98681957,43.572260248],[-98.986819572,43.572260252],[-98.986819573,43.572260257],[-98.986819576,43.572260261],[-98.986819577,43.572260266],[-98.986819578,43.57226027],[-98.98681958,43.572260275],[-98.98681958,43.572260279],[-98.98681958,43.572260285],[-98.986819579,43.572260396],[-98.986932696,43.572260761],[-98.986932702,43.572260761],[-98.986932708,43.572260761],[-98.986932714,43.572260761],[-98.986932721,43.572260762],[-98.986932728,43.572260763],[-98.986932734,43.572260765],[-98.98693274,43.572260767],[-98.986932745,43.572260769],[-98.986932752,43.57226077],[-98.986932758,43.572260772],[-98.986932763,43.572260775],[-98.986932768,43.572260778],[-98.986932774,43.57226078],[-98.986932779,43.572260784],[-98.986932783,43.572260787],[-98.986932787,43.57226079],[-98.986932791,43.572260794],[-98.986932795,43.572260797],[-98.986932799,43.572260802],[-98.986932802,43.572260806],[-98.986932806,43.57226081],[-98.986932809,43.572260815],[-98.986932811,43.572260818],[-98.986932813,43.572260823],[-98.986932815,43.572260827],[-98.986932816,43.572260832],[-98.986932817,43.572260837],[-98.986932818,43.572260842],[-98.986932818,43.572260846],[-98.986932818,43.572260851],[-98.986932818,43.572260962],[-98.987045935,43.572261327],[-98.987045941,43.572261327],[-98.987045947,43.572261327],[-98.987045954,43.572261328],[-98.987045961,43.572261329],[-98.987045967,43.57226133],[-98.987045973,43.572261332],[-98.987045979,43.572261333],[-98.987045985,43.572261334],[-98.98704599,43.572261337],[-98.987045997,43.572261339],[-98.987046002,43.572261342],[-98.987046008,43.572261344],[-98.987046013,43.572261347],[-98.987046018,43.572261351],[-98.987046021,43.572261353],[-98.987046026,43.572261357],[-98.98704603,43.57226136],[-98.987046035,43.572261364],[-98.987046039,43.572261369],[-98.987046041,43.572261372],[-98.987046045,43.572261377],[-98.987046047,43.57226138],[-98.98704605,43.572261385],[-98.987046052,43.572261389],[-98.987046054,43.572261394],[-98.987046055,43.572261398],[-98.987046056,43.572261403],[-98.987046057,43.572261408],[-98.987046057,43.572261413],[-98.987046057,43.572261417],[-98.987046057,43.572261528],[-98.987159173,43.572261893],[-98.98715918,43.572261894],[-98.987159187,43.572261894],[-98.987159193,43.572261895],[-98.987159199,43.572261895],[-98.987159206,43.572261896],[-98.987159212,43.572261897],[-98.987159218,43.572261899],[-98.987159224,43.572261901],[-98.987159229,43.572261903],[-98.987159235,43.572261905],[-98.987159242,43.572261908],[-98.987159247,43.572261911],[-98.987159251,43.572261914],[-98.987159256,43.572261916],[-98.987159261,43.57226192],[-98.987159265,43.572261923],[-98.98715927,43.572261927],[-98.987159274,43.572261931],[-98.987159277,43.572261934],[-98.987159281,43.572261939],[-98.987159284,43.572261942],[-98.987159286,43.572261947],[-98.987159289,43.572261951],[-98.987159291,43.572261956],[-98.987159292,43.57226196],[-98.987159295,43.572261965],[-98.987159296,43.572261969],[-98.987159296,43.572261974],[-98.987159297,43.572261979],[-98.987159297,43.572261984],[-98.987159297,43.572262095],[-98.987272412,43.572262459],[-98.98727242,43.572262459],[-98.987272426,43.57226246],[-98.987272432,43.57226246],[-98.987272438,43.572262461],[-98.987272444,43.572262463],[-98.987272451,43.572262464],[-98.987272457,43.572262466],[-98.987272463,43.572262467],[-98.987272469,43.572262469],[-98.987272474,43.572262472],[-98.98727248,43.572262474],[-98.987272485,43.572262476],[-98.98727249,43.57226248],[-98.987272495,43.572262483],[-98.9872725,43.572262486],[-98.987272504,43.57226249],[-98.987272509,43.572262493],[-98.987272513,43.572262497],[-98.987272516,43.572262501],[-98.98727252,43.572262504],[-98.987272522,43.572262509],[-98.987272525,43.572262513],[-98.987272527,43.572262518],[-98.98727253,43.572262522],[-98.987272532,43.572262527],[-98.987272534,43.572262531],[-98.987272535,43.572262536],[-98.987272535,43.57226254],[-98.987272536,43.572262545],[-98.987272536,43.57226255],[-98.987272535,43.572262661],[-98.987385652,43.572263026],[-98.987385658,43.572263026],[-98.987385665,43.572263026],[-98.987385671,43.572263026],[-98.987385677,43.572263027],[-98.987385683,43.572263028],[-98.987385689,43.57226303],[-98.987385696,43.572263032],[-98.987385702,43.572263034],[-98.987385708,43.572263035],[-98.987385713,43.572263037],[-98.987385719,43.57226304],[-98.987385724,43.572263043],[-98.987385729,43.572263045],[-98.987385734,43.572263049],[-98.987385739,43.572263052],[-98.987385744,43.572263055],[-98.987385748,43.572263059],[-98.987385751,43.572263062],[-98.987385755,43.572263067],[-98.987385759,43.572263071],[-98.987385761,43.572263075],[-98.987385765,43.57226308],[-98.987385767,43.572263083],[-98.987385769,43.572263088],[-98.987385771,43.572263092],[-98.987385772,43.572263097],[-98.987385774,43.572263102],[-98.987385775,43.572263107],[-98.987385775,43.572263111],[-98.987385775,43.572263116],[-98.987385774,43.572263224],[-98.987498891,43.572263589],[-98.987498897,43.572263589],[-98.987498904,43.572263589],[-98.98749891,43.57226359],[-98.987498917,43.572263591],[-98.987498923,43.572263592],[-98.98749893,43.572263594],[-98.987498936,43.572263594],[-98.987498941,43.572263596],[-98.987498947,43.572263599],[-98.987498953,43.572263601],[-98.987498958,43.572263603],[-98.987498963,43.572263606],[-98.987498969,43.572263609],[-98.987498974,43.572263612],[-98.987498978,43.572263615],[-98.987498983,43.572263619],[-98.987498986,43.572263622],[-98.98749899,43.572263626],[-98.987498994,43.57226363],[-98.987498998,43.572263634],[-98.987499001,43.572263639],[-98.987499004,43.572263642],[-98.987499006,43.572263647],[-98.987499009,43.572263651],[-98.98749901,43.572263656],[-98.987499011,43.57226366],[-98.987499012,43.572263665],[-98.987499014,43.57226367],[-98.987499014,43.572263675],[-98.987499014,43.572263679],[-98.987499013,43.572263786],[-98.98761213,43.572264151],[-98.987612136,43.572264151],[-98.987612142,43.572264151],[-98.98761215,43.572264151],[-98.987612156,43.572264152],[-98.987612162,43.572264153],[-98.987612168,43.572264155],[-98.987612175,43.572264157],[-98.987612181,43.572264159],[-98.987612186,43.57226416],[-98.987612192,43.572264162],[-98.987612197,43.572264165],[-98.987612203,43.572264168],[-98.987612208,43.57226417],[-98.987612213,43.572264174],[-98.987612218,43.572264177],[-98.987612222,43.57226418],[-98.987612227,43.572264184],[-98.98761223,43.572264188],[-98.987612234,43.572264192],[-98.987612236,43.572264196],[-98.98761224,43.5722642],[-98.987612243,43.572264204],[-98.987612245,43.572264208],[-98.987612248,43.572264213],[-98.987612249,43.572264217],[-98.98761225,43.572264222],[-98.987612251,43.572264227],[-98.987612253,43.572264232],[-98.987612253,43.572264236],[-98.987612254,43.572264241],[-98.987612253,43.572264348],[-98.987725369,43.572264712],[-98.987725375,43.572264712],[-98.987725382,43.572264712],[-98.987725389,43.572264713],[-98.987725395,43.572264714],[-98.987725401,43.572264715],[-98.987725407,43.572264717],[-98.987725413,43.572264718],[-98.98772542,43.57226472],[-98.987725426,43.572264722],[-98.987725431,43.572264724],[-98.987725437,43.572264726],[-98.987725442,43.572264729],[-98.987725447,43.572264732],[-98.987725452,43.572264735],[-98.987725457,43.572264738],[-98.98772546,43.572264742],[-98.987725465,43.572264745],[-98.987725469,43.572264749],[-98.987725473,43.572264753],[-98.987725477,43.572264757],[-98.987725479,43.572264762],[-98.987725481,43.572264766],[-98.987725484,43.57226477],[-98.987725486,43.572264774],[-98.987725488,43.572264779],[-98.98772549,43.572264784],[-98.987725491,43.572264789],[-98.987725491,43.572264793],[-98.987725493,43.572264798],[-98.987725493,43.572264802],[-98.987725492,43.57226491],[-98.987838608,43.572265273],[-98.987838615,43.572265273],[-98.987838621,43.572265274],[-98.987838627,43.572265274],[-98.987838634,43.572265275],[-98.98783864,43.572265277],[-98.987838646,43.572265278],[-98.987838652,43.57226528],[-98.987838658,43.572265282],[-98.987838665,43.572265283],[-98.98783867,43.572265286],[-98.987838676,43.572265288],[-98.987838681,43.572265291],[-98.987838686,43.572265294],[-98.987838691,43.572265297],[-98.987838696,43.5722653],[-98.9878387,43.572265303],[-98.987838704,43.572265307],[-98.987838708,43.572265311],[-98.987838712,43.572265315],[-98.987838715,43.572265318],[-98.987838718,43.572265323],[-98.987838722,43.572265327],[-98.987838724,43.572265332],[-98.987838725,43.572265336],[-98.987838728,43.572265341],[-98.987838729,43.572265345],[-98.98783873,43.57226535],[-98.98783873,43.572265354],[-98.987838731,43.572265359],[-98.987838731,43.572265363],[-98.987838731,43.572265471],[-98.987951848,43.572265835],[-98.987951854,43.572265835],[-98.98795186,43.572265836],[-98.987951866,43.572265836],[-98.987951872,43.572265836],[-98.98795188,43.572265838],[-98.987951886,43.572265839],[-98.987951891,43.572265841],[-98.987951897,43.572265843],[-98.987951903,43.572265845],[-98.98795191,43.572265847],[-98.987951915,43.572265849],[-98.987951919,43.572265852],[-98.987951924,43.572265855],[-98.987951929,43.572265858],[-98.987951934,43.572265862],[-98.987951939,43.572265865],[-98.987951943,43.572265869],[-98.987951947,43.572265872],[-98.98795195,43.572265876],[-98.987951954,43.57226588],[-98.987951958,43.572265884],[-98.98795196,43.572265889],[-98.987951963,43.572265893],[-98.987951964,43.572265898],[-98.987951967,43.572265902],[-98.987951968,43.572265907],[-98.987951969,43.572265911],[-98.98795197,43.572265916],[-98.98795197,43.57226592],[-98.98795197,43.572265926],[-98.98795197,43.572266032],[-98.988065086,43.572266396],[-98.988065093,43.572266396],[-98.988065099,43.572266397],[-98.988065106,43.572266398],[-98.988065112,43.572266398],[-98.988065119,43.572266399],[-98.988065125,43.5722664],[-98.988065131,43.572266402],[-98.988065137,43.572266404],[-98.988065142,43.572266406],[-98.988065148,43.572266408],[-98.988065153,43.572266411],[-98.98806516,43.572266414],[-98.988065165,43.572266417],[-98.988065169,43.572266419],[-98.988065173,43.572266423],[-98.988065178,43.572266426],[-98.988065182,43.57226643],[-98.988065187,43.572266434],[-98.988065191,43.572266437],[-98.988065193,43.572266442],[-98.988065197,43.572266445],[-98.988065199,43.57226645],[-98.988065202,43.572266454],[-98.988065204,43.572266459],[-98.988065205,43.572266463],[-98.988065207,43.572266468],[-98.988065208,43.572266472],[-98.988065209,43.572266477],[-98.988065209,43.572266481],[-98.988065209,43.572266487],[-98.988065208,43.572266593],[-98.988178325,43.572266957],[-98.988178332,43.572266958],[-98.988178339,43.572266958],[-98.988178345,43.572266959],[-98.988178351,43.57226696],[-98.988178358,43.57226696],[-98.988178364,43.572266961],[-98.98817837,43.572266963],[-98.988178376,43.572266965],[-98.988178381,43.572266967],[-98.988178387,43.572266969],[-98.988178393,43.572266972],[-98.988178398,43.572266975],[-98.988178403,43.572266978],[-98.988178408,43.57226698],[-98.988178413,43.572266984],[-98.988178417,43.572266987],[-98.988178422,43.572266991],[-98.988178426,43.572266995],[-98.988178429,43.572266998],[-98.988178432,43.572267003],[-98.988178436,43.572267006],[-98.988178438,43.572267011],[-98.98817844,43.572267015],[-98.988178443,43.57226702],[-98.988178444,43.572267024],[-98.988178447,43.572267029],[-98.988178448,43.572267033],[-98.988178448,43.572267038],[-98.988178449,43.572267043],[-98.988178449,43.572267048],[-98.988178449,43.572267152],[-98.988291564,43.572267515],[-98.988291572,43.572267515],[-98.988291578,43.572267515],[-98.988291584,43.572267516],[-98.98829159,43.572267517],[-98.988291596,43.572267518],[-98.988291603,43.57226752],[-98.988291609,43.572267521],[-98.988291615,43.572267523],[-98.988291621,43.572267525],[-98.988291626,43.572267527],[-98.988291632,43.572267529],[-98.988291637,43.572267532],[-98.988291642,43.572267535],[-98.988291647,43.572267538],[-98.988291652,43.572267541],[-98.988291657,43.572267545],[-98.988291661,43.572267548],[-98.988291664,43.572267552],[-98.988291668,43.572267556],[-98.988291672,43.57226756],[-98.988291674,43.572267565],[-98.988291677,43.572267569],[-98.988291679,43.572267573],[-98.988291682,43.572267577],[-98.988291684,43.572267582],[-98.988291686,43.572267586],[-98.988291687,43.572267592],[-98.988291687,43.572267596],[-98.988291688,43.572267601],[-98.988291688,43.572267605],[-98.988291687,43.572267703],[-98.988404804,43.572268066],[-98.98840481,43.572268066],[-98.988404817,43.572268067],[-98.988404823,43.572268068],[-98.988404829,43.572268069],[-98.988404835,43.57226807],[-98.988404843,43.57226807],[-98.988404848,43.572268072],[-98.988404854,43.572268074],[-98.98840486,43.572268076],[-98.988404866,43.572268079],[-98.988404871,43.572268081],[-98.988404876,43.572268084],[-98.988404881,43.572268087],[-98.988404886,43.572268089],[-98.988404891,43.572268093],[-98.988404896,43.572268097],[-98.9884049,43.5722681],[-98.988404903,43.572268104],[-98.988404907,43.572268107],[-98.988404911,43.572268112],[-98.988404913,43.572268115],[-98.988404917,43.57226812],[-98.988404919,43.572268124],[-98.988404921,43.572268129],[-98.988404923,43.572268133],[-98.988404924,43.572268138],[-98.988404926,43.572268142],[-98.988404927,43.572268147],[-98.988404927,43.572268151],[-98.988404927,43.572268157],[-98.988404925,43.57226846],[-98.988518042,43.572268823],[-98.988518048,43.572268823],[-98.988518054,43.572268823],[-98.988518062,43.572268824],[-98.988518068,43.572268825],[-98.988518074,43.572268826],[-98.98851808,43.572268827],[-98.988518086,43.572268829],[-98.988518093,43.572268831],[-98.988518098,43.572268833],[-98.988518104,43.572268835],[-98.988518109,43.572268837],[-98.988518115,43.57226884],[-98.98851812,43.572268843],[-98.988518125,43.572268846],[-98.98851813,43.572268849],[-98.988518133,43.572268853],[-98.988518137,43.572268856],[-98.988518142,43.57226886],[-98.988518146,43.572268864],[-98.988518148,43.572268868],[-98.988518152,43.572268872],[-98.988518154,43.572268877],[-98.988518157,43.572268881],[-98.988518159,43.572268885],[-98.988518161,43.57226889],[-98.988518162,43.572268894],[-98.988518163,43.572268899],[-98.988518164,43.572268904],[-98.988518164,43.572268908],[-98.988518164,43.572268913],[-98.988518162,43.572269239],[-98.988631279,43.572269603],[-98.988631286,43.572269603],[-98.988631293,43.572269603],[-98.988631299,43.572269604],[-98.988631305,43.572269605],[-98.988631312,43.572269606],[-98.988631318,43.572269608],[-98.988631324,43.572269609],[-98.98863133,43.57226961],[-98.988631335,43.572269613],[-98.988631341,43.572269615],[-98.988631346,43.572269618],[-98.988631352,43.57226962],[-98.988631357,43.572269623],[-98.988631362,43.572269627],[-98.988631367,43.572269629],[-98.988631371,43.572269633],[-98.988631376,43.572269636],[-98.98863138,43.57226964],[-98.988631383,43.572269645],[-98.988631386,43.572269648],[-98.98863139,43.572269653],[-98.988631392,43.572269656],[-98.988631395,43.572269661],[-98.988631397,43.572269665],[-98.988631398,43.57226967],[-98.988631401,43.572269674],[-98.988631402,43.572269679],[-98.988631402,43.572269684],[-98.988631403,43.572269689],[-98.988631403,43.572269693],[-98.988631401,43.57227002],[-98.988744517,43.572270382],[-98.988744524,43.572270383],[-98.988744531,43.572270383],[-98.988744537,43.572270384],[-98.988744543,43.572270385],[-98.988744549,43.572270386],[-98.988744555,43.572270387],[-98.988744561,43.572270389],[-98.988744568,43.572270391],[-98.988744574,43.572270393],[-98.988744579,43.572270395],[-98.988744585,43.572270398],[-98.98874459,43.5722704],[-98.988744595,43.572270403],[-98.9887446,43.572270406],[-98.988744605,43.572270409],[-98.988744609,43.572270413],[-98.988744614,43.572270417],[-98.988744617,43.57227042],[-98.988744621,43.572270424],[-98.988744625,43.572270428],[-98.988744627,43.572270432],[-98.98874463,43.572270436],[-98.988744632,43.572270441],[-98.988744635,43.572270445],[-98.988744637,43.57227045],[-98.988744638,43.572270454],[-98.98874464,43.572270459],[-98.98874464,43.572270463],[-98.988744641,43.572270469],[-98.988744641,43.572270473],[-98.988744639,43.572270803],[-98.988857754,43.572271167],[-98.988857762,43.572271167],[-98.988857768,43.572271167],[-98.988857774,43.572271168],[-98.98885778,43.572271169],[-98.988857787,43.57227117],[-98.988857793,43.572271171],[-98.988857799,43.572271172],[-98.988857805,43.572271174],[-98.988857811,43.572271177],[-98.988857816,43.572271179],[-98.988857823,43.572271181],[-98.988857828,43.572271184],[-98.988857832,43.572271187],[-98.988857837,43.57227119],[-98.988857842,43.572271193],[-98.988857847,43.572271197],[-98.988857851,43.5722712],[-98.988857855,43.572271204],[-98.988857858,43.572271208],[-98.988857862,43.572271212],[-98.988857865,43.572271217],[-98.988857868,43.57227122],[-98.988857871,43.572271225],[-98.988857872,43.572271229],[-98.988857875,43.572271234],[-98.988857876,43.572271238],[-98.988857877,43.572271243],[-98.988857878,43.572271248],[-98.988857878,43.572271253],[-98.988857878,43.572271257],[-98.988857876,43.572271591],[-98.988970993,43.572271953],[-98.988970999,43.572271953],[-98.988971006,43.572271954],[-98.988971012,43.572271954],[-98.988971018,43.572271955],[-98.988971024,43.572271957],[-98.98897103,43.572271958],[-98.988971037,43.57227196],[-98.988971043,43.572271961],[-98.988971049,43.572271963],[-98.988971055,43.572271966],[-98.98897106,43.572271969],[-98.988971065,43.572271971],[-98.98897107,43.572271974],[-98.988971075,43.572271977],[-98.98897108,43.57227198],[-98.988971085,43.572271984],[-98.988971089,43.572271987],[-98.988971092,43.572271991],[-98.988971096,43.572271995],[-98.9889711,43.572271999],[-98.988971102,43.572272003],[-98.988971106,43.572272007],[-98.988971108,43.572272012],[-98.98897111,43.572272016],[-98.988971112,43.572272021],[-98.988971113,43.572272025],[-98.988971115,43.57227203],[-98.988971116,43.572272034],[-98.988971116,43.572272039],[-98.988971116,43.572272044],[-98.988971114,43.572272377],[-98.989084231,43.57227274],[-98.989084237,43.57227274],[-98.989084243,43.57227274],[-98.989084249,43.572272741],[-98.989084257,43.572272742],[-98.989084263,43.572272743],[-98.989084269,43.572272745],[-98.989084275,43.572272746],[-98.98908428,43.572272748],[-98.989084287,43.57227275],[-98.989084293,43.572272752],[-98.989084298,43.572272755],[-98.989084303,43.572272757],[-98.989084309,43.57227276],[-98.989084314,43.572272764],[-98.989084318,43.572272766],[-98.989084322,43.57227277],[-98.989084326,43.572272774],[-98.98908433,43.572272777],[-98.989084334,43.572272782],[-98.989084337,43.572272785],[-98.989084341,43.57227279],[-98.989084344,43.572272793],[-98.989084346,43.572272798],[-98.989084348,43.572272802],[-98.98908435,43.572272807],[-98.989084351,43.572272811],[-98.989084352,43.572272816],[-98.989084353,43.572272821],[-98.989084353,43.572272826],[-98.989084353,43.57227283],[-98.989084351,43.572273164],[-98.989197468,43.572273526],[-98.989197475,43.572273526],[-98.989197481,43.572273527],[-98.989197488,43.572273528],[-98.989197494,43.572273529],[-98.989197501,43.57227353],[-98.989197507,43.572273531],[-98.989197513,43.572273533],[-98.989197519,43.572273534],[-98.989197524,43.572273536],[-98.98919753,43.572273539],[-98.989197535,43.572273542],[-98.989197541,43.572273544],[-98.989197546,43.572273547],[-98.989197551,43.57227355],[-98.989197555,43.572273553],[-98.98919756,43.572273557],[-98.989197564,43.57227356],[-98.989197569,43.572273564],[-98.989197572,43.572273568],[-98.989197575,43.572273572],[-98.989197579,43.572273576],[-98.989197581,43.57227358],[-98.989197584,43.572273585],[-98.989197586,43.572273589],[-98.989197587,43.572273594],[-98.989197589,43.572273598],[-98.98919759,43.572273603],[-98.989197591,43.572273607],[-98.989197591,43.572273612],[-98.989197591,43.572273617],[-98.989197589,43.57227395],[-98.989310706,43.572274313],[-98.989310712,43.572274313],[-98.98931072,43.572274313],[-98.989310726,43.572274314],[-98.989310732,43.572274315],[-98.989310738,43.572274316],[-98.989310744,43.572274318],[-98.989310751,43.572274319],[-98.989310757,43.572274321],[-98.989310762,43.572274323],[-98.989310768,43.572274325],[-98.989310773,43.572274327],[-98.989310779,43.57227433],[-98.989310784,43.572274333],[-98.989310789,43.572274336],[-98.989310794,43.572274339],[-98.989310798,43.572274343],[-98.989310803,43.572274346],[-98.989310806,43.57227435],[-98.98931081,43.572274354],[-98.989310813,43.572274358],[-98.989310816,43.572274363],[-98.989310819,43.572274367],[-98.989310821,43.572274371],[-98.989310824,43.572274375],[-98.989310825,43.57227438],[-98.989310827,43.572274384],[-98.989310827,43.57227439],[-98.989310829,43.572274394],[-98.98931083,43.572274399],[-98.98931083,43.572274403],[-98.989310828,43.572274737],[-98.989423944,43.572275099],[-98.98942395,43.5722751],[-98.989423957,43.5722751],[-98.989423963,43.572275101],[-98.98942397,43.572275102],[-98.989423976,43.572275102],[-98.989423982,43.572275103],[-98.989423988,43.572275105],[-98.989423994,43.572275107],[-98.989424001,43.572275109],[-98.989424006,43.572275111],[-98.989424012,43.572275114],[-98.989424017,43.572275117],[-98.989424022,43.57227512],[-98.989424027,43.572275122],[-98.989424032,43.572275126],[-98.989424035,43.572275129],[-98.98942404,43.572275133],[-98.989424044,43.572275137],[-98.989424048,43.57227514],[-98.989424051,43.572275145],[-98.989424054,43.572275148],[-98.989424056,43.572275153],[-98.989424059,43.572275157],[-98.989424061,43.572275162],[-98.989424062,43.572275166],[-98.989424065,43.572275171],[-98.989424066,43.572275175],[-98.989424066,43.57227518],[-98.989424067,43.572275185],[-98.989424067,43.57227519],[-98.989424065,43.572275523],[-98.989537181,43.572275885],[-98.989537189,43.572275885],[-98.989537195,43.572275885],[-98.989537201,43.572275886],[-98.989537207,43.572275887],[-98.989537213,43.572275888],[-98.98953722,43.57227589],[-98.989537226,43.572275892],[-98.989537232,43.572275894],[-98.989537238,43.572275895],[-98.989537243,43.572275898],[-98.989537249,43.5722759],[-98.989537254,43.572275903],[-98.989537259,43.572275905],[-98.989537264,43.572275909],[-98.989537269,43.572275912],[-98.989537274,43.572275915],[-98.989537278,43.572275919],[-98.989537281,43.572275922],[-98.989537285,43.572275927],[-98.989537289,43.57227593],[-98.989537291,43.572275935],[-98.989537294,43.572275939],[-98.989537296,43.572275943],[-98.989537299,43.572275948],[-98.989537301,43.572275952],[-98.989537303,43.572275957],[-98.989537304,43.572275962],[-98.989537304,43.572275966],[-98.989537305,43.572275971],[-98.989537305,43.572275975],[-98.989537303,43.572276309],[-98.98965042,43.572276671],[-98.989650426,43.572276672],[-98.989650432,43.572276672],[-98.989650439,43.572276673],[-98.989650445,43.572276674],[-98.989650451,43.572276675],[-98.989650457,43.572276676],[-98.989650463,43.572276677],[-98.98965047,43.572276679],[-98.989650476,43.572276682],[-98.989650481,43.572276684],[-98.989650487,43.572276686],[-98.989650492,43.572276689],[-98.989650497,43.572276692],[-98.989650502,43.572276694],[-98.989650507,43.572276698],[-98.989650512,43.572276702],[-98.989650515,43.572276705],[-98.989650519,43.572276709],[-98.989650523,43.572276712],[-98.989650526,43.572276717],[-98.989650529,43.572276721],[-98.989650533,43.572276725],[-98.989650535,43.57227673],[-98.989650536,43.572276734],[-98.989650539,43.572276739],[-98.98965054,43.572276743],[-98.989650541,43.572276748],[-98.989650543,43.572276752],[-98.989650543,43.572276757],[-98.989650543,43.572276762],[-98.989650541,43.572277091],[-98.989763658,43.572277453],[-98.989763664,43.572277454],[-98.98976367,43.572277454],[-98.989763676,43.572277455],[-98.989763682,43.572277456],[-98.98976369,43.572277456],[-98.989763696,43.572277457],[-98.989763701,43.572277459],[-98.989763707,43.572277461],[-98.989763713,43.572277463],[-98.989763719,43.572277465],[-98.989763724,43.572277468],[-98.989763729,43.572277471],[-98.989763736,43.572277474],[-98.989763739,43.572277476],[-98.989763744,43.57227748],[-98.989763749,43.572277483],[-98.989763753,43.572277487],[-98.989763757,43.572277491],[-98.98976376,43.572277494],[-98.989763764,43.572277499],[-98.989763768,43.572277502],[-98.98976377,43.572277507],[-98.989763773,43.572277511],[-98.989763774,43.572277516],[-98.989763776,43.57227752],[-98.989763778,43.572277525],[-98.989763779,43.572277529],[-98.98976378,43.572277534],[-98.98976378,43.572277539],[-98.98976378,43.572277544],[-98.989763778,43.572277869],[-98.989876895,43.572278232],[-98.989876901,43.572278232],[-98.989876908,43.572278232],[-98.989876914,43.572278233],[-98.989876921,43.572278234],[-98.989876927,43.572278235],[-98.989876934,43.572278236],[-98.98987694,43.572278237],[-98.989876945,43.572278239],[-98.989876951,43.572278242],[-98.989876957,43.572278244],[-98.989876962,43.572278246],[-98.989876968,43.572278249],[-98.989876973,43.572278252],[-98.989876978,43.572278255],[-98.989876982,43.572278258],[-98.989876987,43.572278262],[-98.989876991,43.572278265],[-98.989876995,43.572278269],[-98.989876999,43.572278273],[-98.989877002,43.572278277],[-98.989877005,43.572278281],[-98.989877008,43.572278285],[-98.98987701,43.57227829],[-98.989877013,43.572278294],[-98.989877014,43.572278299],[-98.989877015,43.572278303],[-98.989877017,43.572278308],[-98.989877018,43.572278313],[-98.989877018,43.572278317],[-98.989877018,43.572278322],[-98.989877016,43.57227865],[-98.989990133,43.572279012],[-98.989990139,43.572279012],[-98.989990145,43.572279013],[-98.989990153,43.572279013],[-98.989990159,43.572279014],[-98.989990165,43.572279015],[-98.989990171,43.572279016],[-98.989990177,43.572279018],[-98.989990184,43.57227902],[-98.989990188,43.572279022],[-98.989990195,43.572279024],[-98.9899902,43.572279026],[-98.989990206,43.572279029],[-98.989990211,43.572279032],[-98.989990216,43.572279035],[-98.989990221,43.572279039],[-98.989990224,43.572279041],[-98.989990229,43.572279045],[-98.989990233,43.57227905],[-98.989990237,43.572279053],[-98.989990239,43.572279057],[-98.989990243,43.572279061],[-98.989990245,43.572279066],[-98.989990248,43.57227907],[-98.98999025,43.572279075],[-98.989990252,43.572279079],[-98.989990254,43.572279084],[-98.989990254,43.572279088],[-98.989990255,43.572279093],[-98.989990255,43.572279097],[-98.989990257,43.572279102],[-98.989990255,43.57227943],[-98.99010337,43.572279792],[-98.990103377,43.572279792],[-98.990103384,43.572279792],[-98.99010339,43.572279793],[-98.990103396,43.572279794],[-98.990103403,43.572279795],[-98.990103409,43.572279797],[-98.990103415,43.572279799],[-98.990103421,43.5722798],[-98.990103427,43.572279802],[-98.990103432,43.572279804],[-98.990103438,43.572279807],[-98.990103443,43.572279809],[-98.990103448,43.572279812],[-98.990103453,43.572279816],[-98.990103458,43.572279818],[-98.990103462,43.572279822],[-98.990103467,43.572279826],[-98.990103471,43.572279829],[-98.990103474,43.572279834],[-98.990103478,43.572279837],[-98.990103481,43.572279842],[-98.990103483,43.572279845],[-98.990103486,43.57227985],[-98.990103488,43.572279854],[-98.990103489,43.572279859],[-98.990103492,43.572279863],[-98.990103493,43.572279868],[-98.990103493,43.572279873],[-98.990103494,43.572279878],[-98.990103494,43.572279882],[-98.990103492,43.572280211],[-98.990216608,43.572280572],[-98.990216615,43.572280573],[-98.990216622,43.572280573],[-98.990216628,43.572280574],[-98.990216634,43.572280575],[-98.99021664,43.572280576],[-98.990216646,43.572280576],[-98.990216653,43.572280578],[-98.990216659,43.57228058],[-98.990216665,43.572280582],[-98.99021667,43.572280585],[-98.990216676,43.572280587],[-98.990216681,43.57228059],[-98.990216686,43.572280593],[-98.990216691,43.572280595],[-98.990216696,43.572280599],[-98.990216701,43.572280603],[-98.990216705,43.572280606],[-98.990216708,43.57228061],[-98.990216712,43.572280613],[-98.990216716,43.572280618],[-98.990216718,43.572280621],[-98.990216721,43.572280626],[-98.990216723,43.57228063],[-98.990216726,43.572280635],[-98.990216728,43.572280639],[-98.990216729,43.572280644],[-98.990216731,43.572280648],[-98.990216731,43.572280653],[-98.990216732,43.572280658],[-98.990216732,43.572280663],[-98.99021673,43.572280991],[-98.990329847,43.572281352],[-98.990329853,43.572281352],[-98.990329859,43.572281353],[-98.990329865,43.572281353],[-98.990329872,43.572281354],[-98.990329878,43.572281356],[-98.990329884,43.572281357],[-98.99032989,43.572281359],[-98.990329896,43.57228136],[-98.990329903,43.572281362],[-98.990329909,43.572281365],[-98.990329914,43.572281367],[-98.990329919,43.572281369],[-98.990329924,43.572281373],[-98.990329929,43.572281376],[-98.990329933,43.572281379],[-98.990329938,43.572281382],[-98.990329942,43.572281386],[-98.990329946,43.57228139],[-98.99032995,43.572281394],[-98.990329953,43.572281397],[-98.990329956,43.572281402],[-98.990329959,43.572281406],[-98.990329962,43.572281411],[-98.990329963,43.572281415],[-98.990329966,43.57228142],[-98.990329967,43.572281424],[-98.990329968,43.572281429],[-98.990329969,43.572281433],[-98.990329969,43.572281438],[-98.990329969,43.572281442],[-98.990329967,43.572281771],[-98.990443084,43.572282133],[-98.990443091,43.572282133],[-98.990443097,43.572282133],[-98.990443103,43.572282134],[-98.99044311,43.572282134],[-98.990443117,43.572282135],[-98.990443123,43.572282137],[-98.990443129,43.572282139],[-98.990443134,43.572282141],[-98.99044314,43.572282143],[-98.990443146,43.572282144],[-98.990443151,43.572282147],[-98.990443156,43.57228215],[-98.990443162,43.572282152],[-98.990443167,43.572282156],[-98.990443171,43.572282159],[-98.990443176,43.572282162],[-98.99044318,43.572282166],[-98.990443183,43.57228217],[-98.990443187,43.572282174],[-98.990443191,43.572282178],[-98.990443195,43.572282182],[-98.990443197,43.572282186],[-98.9904432,43.57228219],[-98.990443202,43.572282195],[-98.990443203,43.572282199],[-98.990443205,43.572282204],[-98.990443206,43.572282208],[-98.990443207,43.572282214],[-98.990443207,43.572282218],[-98.990443207,43.572282223],[-98.990443205,43.572282551],[-98.990556322,43.572282912],[-98.990556328,43.572282913],[-98.990556334,43.572282913],[-98.990556342,43.572282914],[-98.990556348,43.572282915],[-98.990556354,43.572282915],[-98.99055636,43.572282916],[-98.990556367,43.572282918],[-98.990556373,43.57228292],[-98.990556378,43.572282922],[-98.990556384,43.572282924],[-98.990556389,43.572282927],[-98.990556395,43.57228293],[-98.9905564,43.572282933],[-98.990556405,43.572282935],[-98.990556409,43.572282939],[-98.990556414,43.572282943],[-98.990556417,43.572282946],[-98.990556422,43.57228295],[-98.990556426,43.572282953],[-98.990556429,43.572282958],[-98.990556432,43.572282961],[-98.990556435,43.572282966],[-98.990556437,43.57228297],[-98.99055644,43.572282975],[-98.990556441,43.572282979],[-98.990556442,43.572282984],[-98.990556443,43.572282988],[-98.990556445,43.572282993],[-98.990556445,43.572282998],[-98.990556445,43.572283003],[-98.990556443,43.572283331],[-98.99066956,43.572283692],[-98.990669566,43.572283692],[-98.990669573,43.572283693],[-98.990669579,43.572283693],[-98.990669586,43.572283694],[-98.990669592,43.572283696],[-98.990669598,43.572283696],[-98.990669604,43.572283698],[-98.99066961,43.5722837],[-98.990669615,43.572283702],[-98.990669622,43.572283705],[-98.990669627,43.572283706],[-98.990669633,43.572283709],[-98.990669638,43.572283713],[-98.990669643,43.572283715],[-98.990669648,43.572283719],[-98.990669651,43.572283722],[-98.990669656,43.572283725],[-98.99066966,43.57228373],[-98.990669664,43.572283733],[-98.990669666,43.572283737],[-98.99066967,43.572283741],[-98.990669672,43.572283746],[-98.990669675,43.57228375],[-98.990669677,43.572283755],[-98.990669679,43.572283759],[-98.990669681,43.572283764],[-98.990669681,43.572283768],[-98.990669682,43.572283773],[-98.990669683,43.572283777],[-98.990669683,43.572283782],[-98.990669681,43.57228411],[-98.990782797,43.572284472],[-98.990782803,43.572284472],[-98.990782811,43.572284472],[-98.990782817,43.572284473],[-98.990782823,43.572284474],[-98.990782829,43.572284475],[-98.990782836,43.572284476],[-98.990782842,43.572284477],[-98.990782848,43.57228448],[-98.990782854,43.572284482],[-98.990782859,43.572284484],[-98.990782865,43.572284486],[-98.99078287,43.572284489],[-98.990782875,43.572284492],[-98.99078288,43.572284495],[-98.990782885,43.572284498],[-98.990782889,43.572284502],[-98.990782894,43.572284505],[-98.990782898,43.572284509],[-98.990782901,43.572284513],[-98.990782905,43.572284517],[-98.990782907,43.572284521],[-98.99078291,43.572284525],[-98.990782912,43.57228453],[-98.990782915,43.572284534],[-98.990782917,43.572284539],[-98.990782919,43.572284543],[-98.99078292,43.572284548],[-98.99078292,43.572284553],[-98.990782921,43.572284557],[-98.990782921,43.572284562],[-98.990782919,43.57228489],[-98.990896035,43.572285251],[-98.990896042,43.572285252],[-98.990896048,43.572285252],[-98.990896055,43.572285253],[-98.990896061,43.572285254],[-98.990896067,43.572285254],[-98.990896073,43.572285255],[-98.990896079,43.572285257],[-98.990896086,43.572285259],[-98.990896092,43.572285261],[-98.990896097,43.572285263],[-98.990896103,43.572285266],[-98.990896108,43.572285269],[-98.990896113,43.572285272],[-98.990896118,43.572285274],[-98.990896123,43.572285278],[-98.990896128,43.572285281],[-98.990896131,43.572285285],[-98.990896135,43.572285289],[-98.990896139,43.572285292],[-98.990896143,43.572285297],[-98.990896145,43.5722853],[-98.990896149,43.572285305],[-98.990896151,43.572285309],[-98.990896153,43.572285314],[-98.990896155,43.572285318],[-98.990896156,43.572285323],[-98.990896157,43.572285327],[-98.990896159,43.572285332],[-98.990896159,43.572285337],[-98.990896159,43.572285342],[-98.990896157,43.57228567],[-98.991009274,43.572286031],[-98.99100928,43.572286031],[-98.991009286,43.572286031],[-98.991009292,43.572286031],[-98.991009299,43.572286032],[-98.991009305,43.572286034],[-98.991009311,43.572286035],[-98.991009317,43.572286037],[-98.991009323,43.572286039],[-98.991009329,43.57228604],[-98.991009336,43.572286043],[-98.991009341,43.572286045],[-98.991009346,43.572286048],[-98.991009351,43.572286051],[-98.991009355,43.572286054],[-98.99100936,43.572286058],[-98.991009365,43.57228606],[-98.991009369,43.572286064],[-98.991009373,43.572286068],[-98.991009377,43.572286072],[-98.99100938,43.572286076],[-98.991009383,43.57228608],[-98.991009386,43.572286085],[-98.991009389,43.572286089],[-98.99100939,43.572286094],[-98.991009393,43.572286098],[-98.991009394,43.572286103],[-98.991009395,43.572286107],[-98.991009396,43.572286112],[-98.991009396,43.572286116],[-98.991009396,43.572286121],[-98.991009394,43.572286449],[-98.991122387,43.57228681],[-98.991122388,43.572286803],[-98.991122388,43.572286798],[-98.991122388,43.572286793],[-98.991122389,43.572286789],[-98.99112239,43.572286784],[-98.991122391,43.57228678],[-98.991122394,43.572286775],[-98.991122396,43.572286771],[-98.991122399,43.572286766],[-98.991122401,43.572286762],[-98.991122404,43.572286758],[-98.991122407,43.572286753],[-98.991122411,43.57228675],[-98.991122415,43.572286746],[-98.99112242,43.572286743],[-98.991122423,43.572286739],[-98.991122428,43.572286736],[-98.991122433,43.572286733],[-98.991122438,43.57228673],[-98.991122444,43.572286727],[-98.991122449,43.572286725],[-98.991122456,43.572286723],[-98.991122462,43.572286721],[-98.991122467,43.572286719],[-98.991122473,43.572286717],[-98.991122479,43.572286716],[-98.991122485,43.572286715],[-98.991122493,43.572286714],[-98.991122499,43.572286714],[-98.991122505,43.572286713],[-98.991122511,43.572286713],[-98.991235628,43.572287074],[-98.991235634,43.572286119],[-98.991235634,43.572286115],[-98.991235635,43.57228611],[-98.991235635,43.572286106],[-98.991235637,43.5722861],[-98.991235638,43.572286096],[-98.99123564,43.572286091],[-98.991235643,43.572286087],[-98.991235645,43.572286083],[-98.991235648,43.572286079],[-98.991235651,43.572286074],[-98.991235654,43.572286071],[-98.991235658,43.572286067],[-98.991235663,43.572286063],[-98.991235666,43.572286059],[-98.991235671,43.572286056],[-98.991235675,43.572286053],[-98.99123568,43.57228605],[-98.991235686,43.572286046],[-98.991235691,43.572286045],[-98.991235696,43.572286042],[-98.991235702,43.572286039],[-98.991235708,43.572286037],[-98.991235715,43.572286036],[-98.991235719,43.572286034],[-98.991235726,43.572286033],[-98.991235733,43.572286032],[-98.991235739,43.572286031],[-98.991235745,43.57228603],[-98.991235752,43.57228603],[-98.991235758,43.57228603],[-98.991348875,43.57228639],[-98.991348881,43.572285436],[-98.991348881,43.572285431],[-98.991348882,43.572285426],[-98.991348882,43.572285422],[-98.991348883,43.572285417],[-98.991348885,43.572285413],[-98.991348887,43.572285408],[-98.991348889,43.572285404],[-98.991348892,43.572285399],[-98.991348894,43.572285395],[-98.991348898,43.572285391],[-98.9913489,43.572285387],[-98.991348904,43.572285383],[-98.991348909,43.57228538],[-98.991348913,43.572285376],[-98.991348918,43.572285372],[-98.991348921,43.572285369],[-98.991348926,43.572285366],[-98.991348933,43.572285363],[-98.991348938,43.572285361],[-98.991348942,43.572285358],[-98.991348949,43.572285356],[-98.991348955,43.572285354],[-98.991348961,43.572285352],[-98.991348967,43.572285351],[-98.991348973,43.572285349],[-98.99134898,43.572285348],[-98.991348986,43.572285347],[-98.991348992,43.572285347],[-98.991348998,43.572285346],[-98.991349006,43.572285346],[-98.991462121,43.572285706],[-98.991462127,43.572284752],[-98.991462127,43.572284748],[-98.991462128,43.572284743],[-98.99146213,43.572284738],[-98.99146213,43.572284734],[-98.991462132,43.572284729],[-98.991462133,43.572284725],[-98.991462136,43.57228472],[-98.991462138,43.572284716],[-98.991462141,43.572284712],[-98.991462144,43.572284707],[-98.991462148,43.572284704],[-98.991462152,43.572284699],[-98.991462156,43.572284696],[-98.991462159,43.572284692],[-98.991462164,43.572284689],[-98.991462169,43.572284686],[-98.991462174,43.572284682],[-98.991462179,43.57228468],[-98.991462184,43.572284677],[-98.99146219,43.572284675],[-98.991462195,43.572284672],[-98.991462201,43.572284671],[-98.991462208,43.572284669],[-98.991462214,43.572284667],[-98.99146222,43.572284666],[-98.991462226,43.572284664],[-98.991462232,43.572284664],[-98.991462239,43.572284663],[-98.991462245,43.572284662],[-98.991462252,43.572284662],[-98.991575368,43.572285023],[-98.991575374,43.572284068],[-98.991575374,43.572284064],[-98.991575375,43.572284059],[-98.991575376,43.572284055],[-98.991575377,43.57228405],[-98.991575378,43.572284045],[-98.99157538,43.572284041],[-98.991575382,43.572284037],[-98.991575385,43.572284032],[-98.991575387,43.572284028],[-98.991575391,43.572284023],[-98.991575395,43.57228402],[-98.991575398,43.572284016],[-98.991575402,43.572284012],[-98.991575406,43.572284009],[-98.991575411,43.572284005],[-98.991575416,43.572284002],[-98.991575421,43.572283999],[-98.991575426,43.572283996],[-98.991575431,43.572283994],[-98.991575437,43.572283991],[-98.991575442,43.572283988],[-98.991575448,43.572283986],[-98.991575454,43.572283985],[-98.99157546,43.572283984],[-98.991575466,43.572283982],[-98.991575473,43.572283981],[-98.991575479,43.57228398],[-98.991575485,43.572283979],[-98.991575492,43.572283979],[-98.991575499,43.572283979],[-98.991688614,43.572284339],[-98.99168862,43.572283386],[-98.991688621,43.572283382],[-98.991688621,43.572283377],[-98.991688623,43.572283373],[-98.991688624,43.572283368],[-98.991688625,43.572283363],[-98.991688626,43.572283358],[-98.991688629,43.572283355],[-98.991688631,43.57228335],[-98.991688635,43.572283346],[-98.991688637,43.572283341],[-98.991688641,43.572283337],[-98.991688645,43.572283334],[-98.991688649,43.57228333],[-98.991688652,43.572283327],[-98.991688657,43.572283323],[-98.991688662,43.572283319],[-98.991688667,43.572283317],[-98.991688672,43.572283314],[-98.991688677,43.572283311],[-98.991688683,43.572283309],[-98.991688688,43.572283306],[-98.991688694,43.572283304],[-98.991688701,43.572283302],[-98.991688707,43.572283301],[-98.991688713,43.5722833],[-98.991688719,43.572283299],[-98.991688725,43.572283298],[-98.991688732,43.572283297],[-98.991688739,43.572283297],[-98.991688745,43.572283297],[-98.991801862,43.572283657],[-98.991801868,43.572282705],[-98.991801868,43.572282701],[-98.991801868,43.572282696],[-98.991801869,43.572282691],[-98.99180187,43.572282687],[-98.991801871,43.572282682],[-98.991801874,43.572282678],[-98.991801875,43.572282673],[-98.991801878,43.572282669],[-98.991801881,43.572282664],[-98.991801884,43.57228266],[-98.991801888,43.572282656],[-98.991801891,43.572282652],[-98.991801895,43.572282649],[-98.9918019,43.572282645],[-98.991801904,43.572282642],[-98.991801909,43.572282639],[-98.991801914,43.572282635],[-98.991801919,43.572282633],[-98.991801924,43.57228263],[-98.99180193,43.572282627],[-98.991801936,43.572282625],[-98.991801941,43.572282624],[-98.991801947,43.572282622],[-98.991801953,43.57228262],[-98.991801959,43.572282619],[-98.991801966,43.572282617],[-98.991801972,43.572282616],[-98.991801979,43.572282616],[-98.991801985,43.572282615],[-98.991801992,43.572282615],[-98.991915109,43.572282976],[-98.991915114,43.572282024],[-98.991915114,43.572282019],[-98.991915114,43.572282015],[-98.991915116,43.57228201],[-98.991915117,43.572282005],[-98.991915118,43.572282],[-98.99191512,43.572281996],[-98.991915122,43.572281991],[-98.991915124,43.572281988],[-98.991915128,43.572281983],[-98.99191513,43.572281979],[-98.991915134,43.572281975],[-98.991915138,43.572281972],[-98.991915142,43.572281967],[-98.991915146,43.572281963],[-98.99191515,43.572281961],[-98.991915155,43.572281957],[-98.99191516,43.572281954],[-98.991915165,43.572281952],[-98.991915171,43.572281949],[-98.991915176,43.572281946],[-98.991915182,43.572281944],[-98.991915187,43.572281942],[-98.991915194,43.57228194],[-98.9919152,43.572281938],[-98.991915206,43.572281937],[-98.991915212,43.572281936],[-98.991915218,43.572281936],[-98.991915226,43.572281935],[-98.991915232,43.572281935],[-98.991915238,43.572281935],[-98.992028355,43.572282294],[-98.992028361,43.572281343],[-98.992028361,43.572281338],[-98.992028361,43.572281333],[-98.992028362,43.572281329],[-98.992028363,43.572281324],[-98.992028364,43.57228132],[-98.992028367,43.572281315],[-98.992028369,43.57228131],[-98.992028372,43.572281306],[-98.992028374,43.572281301],[-98.992028377,43.572281298],[-98.992028381,43.572281293],[-98.992028384,43.57228129],[-98.992028388,43.572281286],[-98.992028393,43.572281283],[-98.992028397,43.572281279],[-98.992028402,43.572281276],[-98.992028407,43.572281273],[-98.992028412,43.57228127],[-98.992028418,43.572281267],[-98.992028423,43.572281265],[-98.992028429,43.572281263],[-98.992028435,43.572281261],[-98.99202844,43.572281259],[-98.992028446,43.572281257],[-98.992028452,43.572281256],[-98.992028459,43.572281255],[-98.992028466,43.572281254],[-98.992028472,43.572281254],[-98.992028478,43.572281253],[-98.992028485,43.572281253],[-98.992141602,43.572281612],[-98.992141607,43.572280661],[-98.992141607,43.572280657],[-98.992141607,43.572280652],[-98.992141608,43.572280648],[-98.99214161,43.572280642],[-98.992141611,43.572280638],[-98.992141613,43.572280633],[-98.992141616,43.572280629],[-98.992141618,43.572280625],[-98.992141621,43.572280621],[-98.992141625,43.572280616],[-98.992141627,43.572280612],[-98.992141631,43.572280608],[-98.992141634,43.572280604],[-98.992141639,43.572280601],[-98.992141643,43.572280598],[-98.992141648,43.572280594],[-98.992141653,43.572280592],[-98.992141658,43.572280588],[-98.992141664,43.572280586],[-98.992141669,43.572280584],[-98.992141675,43.572280581],[-98.992141682,43.572280579],[-98.992141687,43.572280577],[-98.992141693,43.572280575],[-98.992141699,43.572280575],[-98.992141706,43.572280574],[-98.992141713,43.572280573],[-98.992141719,43.572280572],[-98.992141725,43.572280572],[-98.992141731,43.572280572],[-98.992254848,43.572280931],[-98.992254854,43.57227998],[-98.992254854,43.572279975],[-98.992254855,43.57227997],[-98.992254855,43.572279966],[-98.992254856,43.572279961],[-98.992254859,43.572279957],[-98.99225486,43.572279952],[-98.992254862,43.572279948],[-98.992254865,43.572279943],[-98.992254867,43.572279939],[-98.992254871,43.572279935],[-98.992254874,43.57227993],[-98.992254877,43.572279927],[-98.992254882,43.572279923],[-98.992254886,43.57227992],[-98.992254891,43.572279916],[-98.992254895,43.572279912],[-98.9922549,43.57227991],[-98.992254906,43.572279907],[-98.992254911,43.572279904],[-98.992254916,43.572279902],[-98.992254922,43.5722799],[-98.992254928,43.572279898],[-98.992254934,43.572279896],[-98.99225494,43.572279894],[-98.992254947,43.572279893],[-98.992254953,43.572279892],[-98.992254959,43.572279891],[-98.992254965,43.572279891],[-98.992254971,43.57227989],[-98.992254978,43.57227989],[-98.992368219,43.57228025],[-98.992368225,43.57228025],[-98.992368231,43.57228025],[-98.992368238,43.572280251],[-98.992368244,43.572280252],[-98.99236825,43.572280253],[-98.992368256,43.572280254],[-98.992368262,43.572280256]]]}}
]
}
