{
"type": "FeatureCollection",
"name": "plots",
"xy_coordinate_resolution": 1e-09,
"features": [
{"type":"Feature","properties":{"plot_id":1,"poly_line":"1_1","strip_id":1},"geometry":{"type":"Polygon","coordinates":[[[-98.982969229,43.572257245],[-98.982964845,43.572967899],[-98.983078087,43.572968269],[-98.983082469,43.572257614],[-98.982969229,43.572257245]]]}},
{"type":"Feature","properties":{"plot_id":2,"poly_line":"1_1","strip_id":1},"geometry":{"type":"Polygon","coordinates":[[[-98.982964845,43.572967899],[-98.982960462,43.573678554],[-98.983073705,43.573678923],[-98.983078087,43.572968269],[-98.982964845,43.572967899]]]}},
{"type":"Feature","properties":{"plot_id":3,"poly_line":"1_1","strip_id":1},"geometry":{"type":"Polygon","coordinates":[[[-98.982960462,43.573678554],[-98.982956078,43.574389208],[-98.983069323,43.574389577],[-98.983073705,43.573678923],[-98.982960462,43.573678554]]]}},
{"type":"Feature","properties":{"plot_id":4,"poly_line":"1_1","strip_id":1},"geometry":{"type":"Polygon","coordinates":[[[-98.982956078,43.574389208],[-98.982951695,43.575099862],[-98.98306494,43.575100232],[-98.983069323,43.574389577],[-98.982956078,43.574389208]]]}},
{"type":"Feature","properties":{"plot_id":5,"poly_line":"1_1","strip_id":1},"geometry":{"type":"Polygon","coordinates":[[[-98.982951695,43.575099862],[-98.982947311,43.575810517],[-98.983060558,43.575810886],[-98.98306494,43.575100232],[-98.982951695,43.575099862]]]}},
{"type":"Feature","properties":{"plot_id":6,"poly_line":"1_1","strip_id":1},"geometry":{"type":"Polygon","coordinates":[[[-98.982947311,43.575810517],[-98.982942927,43.576521171],[-98.983056176,43.57652154],[-98.983060558,43.575810886],[-98.982947311,43.575810517]]]}},
{"type":"Feature","properties":{"plot_id":7,"poly_line":"1_1","strip_id":1},"geometry":{"type":"Polygon","coordinates":[[[-98.982942927,43.576521171],[-98.982938544,43.577231825],[-98.983051793,43.577232194],[-98.983056176,43.57652154],[-98.982942927,43.576521171]]]}},
{"type":"Feature","properties":{"plot_id":8,"poly_line":"1_1","strip_id":1},"geometry":{"type":"Polygon","coordinates":[[[-98.982938544,43.577231825],[-98.98293416,43.577942479],[-98.98304741,43.577942848],[-98.983051793,43.577232194],[-98.982938544,43.577231825]]]}},
{"type":"Feature","properties":{"plot_id":1,"poly_line":"1_1","strip_id":2},"geometry":{"type":"Polygon","coordinates":[[[-98.983082526,43.572248394],[-98.983078114,43.572963923],[-98.983191355,43.572964292],[-98.983195766,43.572248763],[-98.983082526,43.572248394]]]}},
{"type":"Feature","properties":{"plot_id":2,"poly_line":"1_1","strip_id":2},"geometry":{"type":"Polygon","coordinates":[[[-98.983078114,43.572963923],[-98.983073702,43.573679452],[-98.983186945,43.573679821],[-98.983191355,43.572964292],[-98.983078114,43.572963923]]]}},
{"type":"Feature","properties":{"plot_id":3,"poly_line":"1_1","strip_id":2},"geometry":{"type":"Polygon","coordinates":[[[-98.983073702,43.573679452],[-98.983069289,43.574394981],[-98.983182534,43.57439535],[-98.983186945,43.573679821],[-98.983073702,43.573679452]]]}},
{"type":"Feature","properties":{"plot_id":4,"poly_line":"1_1","strip_id":2},"geometry":{"type":"Polygon","coordinates":[[[-98.983069289,43.574394981],[-98.983064877,43.57511051],[-98.983178123,43.575110879],[-98.983182534,43.57439535],[-98.983069289,43.574394981]]]}},
{"type":"Feature","properties":{"plot_id":5,"poly_line":"1_1","strip_id":2},"geometry":{"type":"Polygon","coordinates":[[[-98.983064877,43.57511051],[-98.983060465,43.575826038],[-98.983173712,43.575826407],[-98.983178123,43.575110879],[-98.983064877,43.57511051]]]}},
{"type":"Feature","properties":{"plot_id":6,"poly_line":"1_1","strip_id":2},"geometry":{"type":"Polygon","coordinates":[[[-98.983060465,43.575826038],[-98.983056052,43.576541567],[-98.9831693,43.576541936],[-98.983173712,43.575826407],[-98.983060465,43.575826038]]]}},
{"type":"Feature","properties":{"plot_id":7,"poly_line":"1_1","strip_id":2},"geometry":{"type":"Polygon","coordinates":[[[-98.983056052,43.576541567],[-98.98305164,43.577257095],[-98.983164889,43.577257464],[-98.9831693,43.576541936],[-98.983056052,43.576541567]]]}},
{"type":"Feature","properties":{"plot_id":8,"poly_line":"1_1","strip_id":2},"geometry":{"type":"Polygon","coordinates":[[[-98.98305164,43.577257095],[-98.983047227,43.577972624],[-98.983160478,43.577972993],[-98.983164889,43.577257464],[-98.98305164,43.577257095]]]}},
{"type":"Feature","properties":{"plot_id":1,"poly_line":"1_1","strip_id":3},"geometry":{"type":"Polygon","coordinates":[[[-98.983195794,43.572244188],[-98.983191379,43.572960422],[-98.983304621,43.572960791],[-98.983309034,43.572244557],[-98.983195794,43.572244188]]]}},
{"type":"Feature","properties":{"plot_id":2,"poly_line":"1_1","strip_id":3},"geometry":{"type":"Polygon","coordinates":[[[-98.983191379,43.572960422],[-98.983186964,43.573676657],[-98.983300207,43.573677025],[-98.983304621,43.572960791],[-98.983191379,43.572960422]]]}},
{"type":"Feature","properties":{"plot_id":3,"poly_line":"1_1","strip_id":3},"geometry":{"type":"Polygon","coordinates":[[[-98.983186964,43.573676657],[-98.983182549,43.574392891],[-98.983295793,43.57439326],[-98.983300207,43.573677025],[-98.983186964,43.573676657]]]}},
{"type":"Feature","properties":{"plot_id":4,"poly_line":"1_1","strip_id":3},"geometry":{"type":"Polygon","coordinates":[[[-98.983182549,43.574392891],[-98.983178134,43.575109125],[-98.983291379,43.575109494],[-98.983295793,43.57439326],[-98.983182549,43.574392891]]]}},
{"type":"Feature","properties":{"plot_id":5,"poly_line":"1_1","strip_id":3},"geometry":{"type":"Polygon","coordinates":[[[-98.983178134,43.575109125],[-98.983173718,43.575825359],[-98.983286965,43.575825728],[-98.983291379,43.575109494],[-98.983178134,43.575109125]]]}},
{"type":"Feature","properties":{"plot_id":6,"poly_line":"1_1","strip_id":3},"geometry":{"type":"Polygon","coordinates":[[[-98.983173718,43.575825359],[-98.983169303,43.576541593],[-98.983282551,43.576541962],[-98.983286965,43.575825728],[-98.983173718,43.575825359]]]}},
{"type":"Feature","properties":{"plot_id":7,"poly_line":"1_1","strip_id":3},"geometry":{"type":"Polygon","coordinates":[[[-98.983169303,43.576541593],[-98.983164887,43.577257827],[-98.983278137,43.577258196],[-98.983282551,43.576541962],[-98.983169303,43.576541593]]]}},
{"type":"Feature","properties":{"plot_id":8,"poly_line":"1_1","strip_id":3},"geometry":{"type":"Polygon","coordinates":[[[-98.983164887,43.577257827],[-98.983160471,43.577974061],[-98.983273722,43.57797443],[-98.983278137,43.577258196],[-98.983164887,43.577257827]]]}},
{"type":"Feature","properties":{"plot_id":1,"poly_line":"1_1","strip_id":4},"geometry":{"type":"Polygon","coordinates":[[[-98.983309034,43.572244595],[-98.98330462,43.572960958],[-98.983417861,43.572961327],[-98.983422274,43.572244964],[-98.983309034,43.572244595]]]}},
{"type":"Feature","properties":{"plot_id":2,"poly_line":"1_1","strip_id":4},"geometry":{"type":"Polygon","coordinates":[[[-98.98330462,43.572960958],[-98.983300205,43.573677321],[-98.983413448,43.57367769],[-98.983417861,43.572961327],[-98.98330462,43.572960958]]]}},
{"type":"Feature","properties":{"plot_id":3,"poly_line":"1_1","strip_id":4},"geometry":{"type":"Polygon","coordinates":[[[-98.983300205,43.573677321],[-98.98329579,43.574393684],[-98.983409035,43.574394053],[-98.983413448,43.57367769],[-98.983300205,43.573677321]]]}},
{"type":"Feature","properties":{"plot_id":4,"poly_line":"1_1","strip_id":4},"geometry":{"type":"Polygon","coordinates":[[[-98.98329579,43.574393684],[-98.983291376,43.575110047],[-98.983404621,43.575110416],[-98.983409035,43.574394053],[-98.98329579,43.574393684]]]}},
{"type":"Feature","properties":{"plot_id":5,"poly_line":"1_1","strip_id":4},"geometry":{"type":"Polygon","coordinates":[[[-98.983291376,43.575110047],[-98.983286961,43.57582641],[-98.983400208,43.575826779],[-98.983404621,43.575110416],[-98.983291376,43.575110047]]]}},
{"type":"Feature","properties":{"plot_id":6,"poly_line":"1_1","strip_id":4},"geometry":{"type":"Polygon","coordinates":[[[-98.983286961,43.57582641],[-98.983282546,43.576542773],[-98.983395794,43.576543142],[-98.983400208,43.575826779],[-98.983286961,43.57582641]]]}},
{"type":"Feature","properties":{"plot_id":7,"poly_line":"1_1","strip_id":4},"geometry":{"type":"Polygon","coordinates":[[[-98.983282546,43.576542773],[-98.983278131,43.577259136],[-98.98339138,43.577259505],[-98.983395794,43.576543142],[-98.983282546,43.576542773]]]}},
{"type":"Feature","properties":{"plot_id":8,"poly_line":"1_1","strip_id":4},"geometry":{"type":"Polygon","coordinates":[[[-98.983278131,43.577259136],[-98.983273716,43.577975499],[-98.983386967,43.577975867],[-98.98339138,43.577259505],[-98.983278131,43.577259136]]]}},
{"type":"Feature","properties":{"plot_id":1,"poly_line":"1_1","strip_id":5},"geometry":{"type":"Polygon","coordinates":[[[-98.983422274,43.572245002],[-98.98341786,43.572961494],[-98.983531102,43.572961863],[-98.983535514,43.572245371],[-98.983422274,43.572245002]]]}},
{"type":"Feature","properties":{"plot_id":2,"poly_line":"1_1","strip_id":5},"geometry":{"type":"Polygon","coordinates":[[[-98.98341786,43.572961494],[-98.983413446,43.573677986],[-98.983526689,43.573678355],[-98.983531102,43.572961863],[-98.98341786,43.572961494]]]}},
{"type":"Feature","properties":{"plot_id":3,"poly_line":"1_1","strip_id":5},"geometry":{"type":"Polygon","coordinates":[[[-98.983413446,43.573677986],[-98.983409032,43.574394478],[-98.983522276,43.574394847],[-98.983526689,43.573678355],[-98.983413446,43.573677986]]]}},
{"type":"Feature","properties":{"plot_id":4,"poly_line":"1_1","strip_id":5},"geometry":{"type":"Polygon","coordinates":[[[-98.983409032,43.574394478],[-98.983404618,43.57511097],[-98.983517864,43.575111338],[-98.983522276,43.574394847],[-98.983409032,43.574394478]]]}},
{"type":"Feature","properties":{"plot_id":5,"poly_line":"1_1","strip_id":5},"geometry":{"type":"Polygon","coordinates":[[[-98.983404618,43.57511097],[-98.983400204,43.575827461],[-98.983513451,43.57582783],[-98.983517864,43.575111338],[-98.983404618,43.57511097]]]}},
{"type":"Feature","properties":{"plot_id":6,"poly_line":"1_1","strip_id":5},"geometry":{"type":"Polygon","coordinates":[[[-98.983400204,43.575827461],[-98.983395789,43.576543953],[-98.983509037,43.576544322],[-98.983513451,43.57582783],[-98.983400204,43.575827461]]]}},
{"type":"Feature","properties":{"plot_id":7,"poly_line":"1_1","strip_id":5},"geometry":{"type":"Polygon","coordinates":[[[-98.983395789,43.576543953],[-98.983391375,43.577260445],[-98.983504624,43.577260813],[-98.983509037,43.576544322],[-98.983395789,43.576543953]]]}},
{"type":"Feature","properties":{"plot_id":8,"poly_line":"1_1","strip_id":5},"geometry":{"type":"Polygon","coordinates":[[[-98.983391375,43.577260445],[-98.98338696,43.577976936],[-98.983500211,43.577977305],[-98.983504624,43.577260813],[-98.983391375,43.577260445]]]}},
{"type":"Feature","properties":{"plot_id":1,"poly_line":"1_1","strip_id":6},"geometry":{"type":"Polygon","coordinates":[[[-98.983535514,43.572245409],[-98.983531101,43.57296203],[-98.983644342,43.572962399],[-98.983648754,43.572245778],[-98.983535514,43.572245409]]]}},
{"type":"Feature","properties":{"plot_id":2,"poly_line":"1_1","strip_id":6},"geometry":{"type":"Polygon","coordinates":[[[-98.983531101,43.57296203],[-98.983526687,43.573678651],[-98.98363993,43.573679019],[-98.983644342,43.572962399],[-98.983531101,43.57296203]]]}},
{"type":"Feature","properties":{"plot_id":3,"poly_line":"1_1","strip_id":6},"geometry":{"type":"Polygon","coordinates":[[[-98.983526687,43.573678651],[-98.983522274,43.574395271],[-98.983635518,43.57439564],[-98.98363993,43.573679019],[-98.983526687,43.573678651]]]}},
{"type":"Feature","properties":{"plot_id":4,"poly_line":"1_1","strip_id":6},"geometry":{"type":"Polygon","coordinates":[[[-98.983522274,43.574395271],[-98.98351786,43.575111892],[-98.983631106,43.575112261],[-98.983635518,43.57439564],[-98.983522274,43.574395271]]]}},
{"type":"Feature","properties":{"plot_id":5,"poly_line":"1_1","strip_id":6},"geometry":{"type":"Polygon","coordinates":[[[-98.98351786,43.575111892],[-98.983513446,43.575828512],[-98.983626693,43.575828881],[-98.983631106,43.575112261],[-98.98351786,43.575111892]]]}},
{"type":"Feature","properties":{"plot_id":6,"poly_line":"1_1","strip_id":6},"geometry":{"type":"Polygon","coordinates":[[[-98.983513446,43.575828512],[-98.983509032,43.576545133],[-98.983622281,43.576545501],[-98.983626693,43.575828881],[-98.983513446,43.575828512]]]}},
{"type":"Feature","properties":{"plot_id":7,"poly_line":"1_1","strip_id":6},"geometry":{"type":"Polygon","coordinates":[[[-98.983509032,43.576545133],[-98.983504619,43.577261753],[-98.983617868,43.577262122],[-98.983622281,43.576545501],[-98.983509032,43.576545133]]]}},
{"type":"Feature","properties":{"plot_id":8,"poly_line":"1_1","strip_id":6},"geometry":{"type":"Polygon","coordinates":[[[-98.983504619,43.577261753],[-98.983500204,43.577978373],[-98.983613455,43.577978742],[-98.983617868,43.577262122],[-98.983504619,43.577261753]]]}},
{"type":"Feature","properties":{"plot_id":1,"poly_line":"1_1","strip_id":7},"geometry":{"type":"Polygon","coordinates":[[[-98.983648754,43.572245816],[-98.983644341,43.572962566],[-98.983757583,43.572962934],[-98.983761994,43.572246185],[-98.983648754,43.572245816]]]}},
{"type":"Feature","properties":{"plot_id":2,"poly_line":"1_1","strip_id":7},"geometry":{"type":"Polygon","coordinates":[[[-98.983644341,43.572962566],[-98.983639928,43.573679315],[-98.983753171,43.573679684],[-98.983757583,43.572962934],[-98.983644341,43.572962566]]]}},
{"type":"Feature","properties":{"plot_id":3,"poly_line":"1_1","strip_id":7},"geometry":{"type":"Polygon","coordinates":[[[-98.983639928,43.573679315],[-98.983635515,43.574396065],[-98.98374876,43.574396433],[-98.983753171,43.573679684],[-98.983639928,43.573679315]]]}},
{"type":"Feature","properties":{"plot_id":4,"poly_line":"1_1","strip_id":7},"geometry":{"type":"Polygon","coordinates":[[[-98.983635515,43.574396065],[-98.983631102,43.575112814],[-98.983744348,43.575113182],[-98.98374876,43.574396433],[-98.983635515,43.574396065]]]}},
{"type":"Feature","properties":{"plot_id":5,"poly_line":"1_1","strip_id":7},"geometry":{"type":"Polygon","coordinates":[[[-98.983631102,43.575112814],[-98.983626689,43.575829563],[-98.983739936,43.575829932],[-98.983744348,43.575113182],[-98.983631102,43.575112814]]]}},
{"type":"Feature","properties":{"plot_id":6,"poly_line":"1_1","strip_id":7},"geometry":{"type":"Polygon","coordinates":[[[-98.983626689,43.575829563],[-98.983622276,43.576546312],[-98.983735524,43.576546681],[-98.983739936,43.575829932],[-98.983626689,43.575829563]]]}},
{"type":"Feature","properties":{"plot_id":7,"poly_line":"1_1","strip_id":7},"geometry":{"type":"Polygon","coordinates":[[[-98.983622276,43.576546312],[-98.983617862,43.577263061],[-98.983731112,43.57726343],[-98.983735524,43.576546681],[-98.983622276,43.576546312]]]}},
{"type":"Feature","properties":{"plot_id":8,"poly_line":"1_1","strip_id":7},"geometry":{"type":"Polygon","coordinates":[[[-98.983617862,43.577263061],[-98.983613449,43.57797981],[-98.9837267,43.577980179],[-98.983731112,43.57726343],[-98.983617862,43.577263061]]]}},
{"type":"Feature","properties":{"plot_id":1,"poly_line":"1_1","strip_id":8},"geometry":{"type":"Polygon","coordinates":[[[-98.983761994,43.572246223],[-98.983757582,43.572963101],[-98.983870823,43.57296347],[-98.983875234,43.572246591],[-98.983761994,43.572246223]]]}},
{"type":"Feature","properties":{"plot_id":2,"poly_line":"1_1","strip_id":8},"geometry":{"type":"Polygon","coordinates":[[[-98.983757582,43.572963101],[-98.98375317,43.57367998],[-98.983866412,43.573680348],[-98.983870823,43.57296347],[-98.983757582,43.572963101]]]}},
{"type":"Feature","properties":{"plot_id":3,"poly_line":"1_1","strip_id":8},"geometry":{"type":"Polygon","coordinates":[[[-98.98375317,43.57367998],[-98.983748757,43.574396858],[-98.983862001,43.574397226],[-98.983866412,43.573680348],[-98.98375317,43.57367998]]]}},
{"type":"Feature","properties":{"plot_id":4,"poly_line":"1_1","strip_id":8},"geometry":{"type":"Polygon","coordinates":[[[-98.983748757,43.574396858],[-98.983744345,43.575113736],[-98.98385759,43.575114104],[-98.983862001,43.574397226],[-98.983748757,43.574396858]]]}},
{"type":"Feature","properties":{"plot_id":5,"poly_line":"1_1","strip_id":8},"geometry":{"type":"Polygon","coordinates":[[[-98.983744345,43.575113736],[-98.983739932,43.575830614],[-98.983853179,43.575830982],[-98.98385759,43.575114104],[-98.983744345,43.575113736]]]}},
{"type":"Feature","properties":{"plot_id":6,"poly_line":"1_1","strip_id":8},"geometry":{"type":"Polygon","coordinates":[[[-98.983739932,43.575830614],[-98.983735519,43.576547492],[-98.983848767,43.57654786],[-98.983853179,43.575830982],[-98.983739932,43.575830614]]]}},
{"type":"Feature","properties":{"plot_id":7,"poly_line":"1_1","strip_id":8},"geometry":{"type":"Polygon","coordinates":[[[-98.983735519,43.576547492],[-98.983731106,43.57726437],[-98.983844356,43.577264738],[-98.983848767,43.57654786],[-98.983735519,43.576547492]]]}},
{"type":"Feature","properties":{"plot_id":8,"poly_line":"1_1","strip_id":8},"geometry":{"type":"Polygon","coordinates":[[[-98.983731106,43.57726437],[-98.983726693,43.577981247],[-98.983839944,43.577981616],[-98.983844356,43.577264738],[-98.983731106,43.57726437]]]}},
{"type":"Feature","properties":{"plot_id":1,"poly_line":"1_1","strip_id":9},"geometry":{"type":"Polygon","coordinates":[[[-98.983875234,43.57224663],[-98.983871069,43.572923511],[-98.983984311,43.572923879],[-98.983988474,43.572246998],[-98.983875234,43.57224663]]]}},
{"type":"Feature","properties":{"plot_id":2,"poly_line":"1_1","strip_id":9},"geometry":{"type":"Polygon","coordinates":[[[-98.983871069,43.572923511],[-98.983866904,43.573600392],[-98.983980147,43.57360076],[-98.983984311,43.572923879],[-98.983871069,43.572923511]]]}},
{"type":"Feature","properties":{"plot_id":3,"poly_line":"1_1","strip_id":9},"geometry":{"type":"Polygon","coordinates":[[[-98.983866904,43.573600392],[-98.983862739,43.574277273],[-98.983975984,43.574277642],[-98.983980147,43.57360076],[-98.983866904,43.573600392]]]}},
{"type":"Feature","properties":{"plot_id":4,"poly_line":"1_1","strip_id":9},"geometry":{"type":"Polygon","coordinates":[[[-98.983862739,43.574277273],[-98.983858574,43.574954154],[-98.98397182,43.574954523],[-98.983975984,43.574277642],[-98.983862739,43.574277273]]]}},
{"type":"Feature","properties":{"plot_id":5,"poly_line":"1_1","strip_id":9},"geometry":{"type":"Polygon","coordinates":[[[-98.983858574,43.574954154],[-98.983854409,43.575631035],[-98.983967656,43.575631404],[-98.98397182,43.574954523],[-98.983858574,43.574954154]]]}},
{"type":"Feature","properties":{"plot_id":6,"poly_line":"1_1","strip_id":9},"geometry":{"type":"Polygon","coordinates":[[[-98.983854409,43.575631035],[-98.983850244,43.576307916],[-98.983963492,43.576308285],[-98.983967656,43.575631404],[-98.983854409,43.575631035]]]}},
{"type":"Feature","properties":{"plot_id":1,"poly_line":"1_2","strip_id":9},"geometry":{"type":"Polygon","coordinates":[[[-98.9838464,43.576932569],[-98.983841333,43.577755903],[-98.983954584,43.577756271],[-98.983959649,43.576932937],[-98.9838464,43.576932569]]]}},
{"type":"Feature","properties":{"plot_id":1,"poly_line":"1_1","strip_id":10},"geometry":{"type":"Polygon","coordinates":[[[-98.983959179,43.577009356],[-98.983954114,43.57783269],[-98.984067364,43.577833058],[-98.984072428,43.577009724],[-98.983959179,43.577009356]]]}},
{"type":"Feature","properties":{"plot_id":1,"poly_line":"2_1","strip_id":10},"geometry":{"type":"Polygon","coordinates":[[[-98.983988474,43.572247036],[-98.983984405,43.572908571],[-98.984097646,43.572908939],[-98.984101714,43.572247404],[-98.983988474,43.572247036]]]}},
{"type":"Feature","properties":{"plot_id":2,"poly_line":"2_1","strip_id":10},"geometry":{"type":"Polygon","coordinates":[[[-98.983984405,43.572908571],[-98.983980336,43.573570106],[-98.984093579,43.573570474],[-98.984097646,43.572908939],[-98.983984405,43.572908571]]]}},
{"type":"Feature","properties":{"plot_id":3,"poly_line":"2_1","strip_id":10},"geometry":{"type":"Polygon","coordinates":[[[-98.983980336,43.573570106],[-98.983976266,43.574231641],[-98.98408951,43.574232009],[-98.984093579,43.573570474],[-98.983980336,43.573570106]]]}},
{"type":"Feature","properties":{"plot_id":4,"poly_line":"2_1","strip_id":10},"geometry":{"type":"Polygon","coordinates":[[[-98.983976266,43.574231641],[-98.983972197,43.574893175],[-98.984085442,43.574893544],[-98.98408951,43.574232009],[-98.983976266,43.574231641]]]}},
{"type":"Feature","properties":{"plot_id":5,"poly_line":"2_1","strip_id":10},"geometry":{"type":"Polygon","coordinates":[[[-98.983972197,43.574893175],[-98.983968128,43.57555471],[-98.984081374,43.575555078],[-98.984085442,43.574893544],[-98.983972197,43.574893175]]]}},
{"type":"Feature","properties":{"plot_id":6,"poly_line":"2_1","strip_id":10},"geometry":{"type":"Polygon","coordinates":[[[-98.983968128,43.57555471],[-98.983964058,43.576216244],[-98.984077306,43.576216613],[-98.984081374,43.575555078],[-98.983968128,43.57555471]]]}},
{"type":"Feature","properties":{"plot_id":1,"poly_line":"2_1","strip_id":11},"geometry":{"type":"Polygon","coordinates":[[[-98.984101714,43.572247443],[-98.984096869,43.573035405],[-98.984210111,43.573035773],[-98.984214954,43.572247811],[-98.984101714,43.572247443]]]}},
{"type":"Feature","properties":{"plot_id":2,"poly_line":"2_1","strip_id":11},"geometry":{"type":"Polygon","coordinates":[[[-98.984096869,43.573035405],[-98.984092023,43.573823367],[-98.984205267,43.573823735],[-98.984210111,43.573035773],[-98.984096869,43.573035405]]]}},
{"type":"Feature","properties":{"plot_id":3,"poly_line":"2_1","strip_id":11},"geometry":{"type":"Polygon","coordinates":[[[-98.984092023,43.573823367],[-98.984087178,43.574611329],[-98.984200422,43.574611698],[-98.984205267,43.573823735],[-98.984092023,43.573823367]]]}},
{"type":"Feature","properties":{"plot_id":4,"poly_line":"2_1","strip_id":11},"geometry":{"type":"Polygon","coordinates":[[[-98.984087178,43.574611329],[-98.984082332,43.575399291],[-98.984195578,43.57539966],[-98.984200422,43.574611698],[-98.984087178,43.574611329]]]}},
{"type":"Feature","properties":{"plot_id":5,"poly_line":"2_1","strip_id":11},"geometry":{"type":"Polygon","coordinates":[[[-98.984082332,43.575399291],[-98.984077486,43.576187253],[-98.984190734,43.576187621],[-98.984195578,43.57539966],[-98.984082332,43.575399291]]]}},
{"type":"Feature","properties":{"plot_id":1,"poly_line":"2_1","strip_id":12},"geometry":{"type":"Polygon","coordinates":[[[-98.984214954,43.572247849],[-98.984210126,43.573033293],[-98.984323368,43.573033661],[-98.984328194,43.572248217],[-98.984214954,43.572247849]]]}},
{"type":"Feature","properties":{"plot_id":2,"poly_line":"2_1","strip_id":12},"geometry":{"type":"Polygon","coordinates":[[[-98.984210126,43.573033293],[-98.984205297,43.573818736],[-98.984318541,43.573819104],[-98.984323368,43.573033661],[-98.984210126,43.573033293]]]}},
{"type":"Feature","properties":{"plot_id":3,"poly_line":"2_1","strip_id":12},"geometry":{"type":"Polygon","coordinates":[[[-98.984205297,43.573818736],[-98.984200469,43.57460418],[-98.984313713,43.574604548],[-98.984318541,43.573819104],[-98.984205297,43.573818736]]]}},
{"type":"Feature","properties":{"plot_id":4,"poly_line":"2_1","strip_id":12},"geometry":{"type":"Polygon","coordinates":[[[-98.984200469,43.57460418],[-98.98419564,43.575389623],[-98.984308886,43.575389991],[-98.984313713,43.574604548],[-98.984200469,43.57460418]]]}},
{"type":"Feature","properties":{"plot_id":5,"poly_line":"2_1","strip_id":12},"geometry":{"type":"Polygon","coordinates":[[[-98.98419564,43.575389623],[-98.984190811,43.576175066],[-98.984304059,43.576175434],[-98.984308886,43.575389991],[-98.98419564,43.575389623]]]}},
{"type":"Feature","properties":{"plot_id":1,"poly_line":"2_1","strip_id":13},"geometry":{"type":"Polygon","coordinates":[[[-98.984328194,43.572248255],[-98.984323377,43.573032145],[-98.984436619,43.573032513],[-98.984441434,43.572248623],[-98.984328194,43.572248255]]]}},
{"type":"Feature","properties":{"plot_id":2,"poly_line":"2_1","strip_id":13},"geometry":{"type":"Polygon","coordinates":[[[-98.984323377,43.573032145],[-98.984318559,43.573816035],[-98.984431803,43.573816403],[-98.984436619,43.573032513],[-98.984323377,43.573032145]]]}},
{"type":"Feature","properties":{"plot_id":3,"poly_line":"2_1","strip_id":13},"geometry":{"type":"Polygon","coordinates":[[[-98.984318559,43.573816035],[-98.984313742,43.574599925],[-98.984426986,43.574600293],[-98.984431803,43.573816403],[-98.984318559,43.573816035]]]}},
{"type":"Feature","properties":{"plot_id":4,"poly_line":"2_1","strip_id":13},"geometry":{"type":"Polygon","coordinates":[[[-98.984313742,43.574599925],[-98.984308924,43.575383815],[-98.98442217,43.575384183],[-98.984426986,43.574600293],[-98.984313742,43.574599925]]]}},
{"type":"Feature","properties":{"plot_id":5,"poly_line":"2_1","strip_id":13},"geometry":{"type":"Polygon","coordinates":[[[-98.984308924,43.575383815],[-98.984304106,43.576167705],[-98.984417354,43.576168073],[-98.98442217,43.575384183],[-98.984308924,43.575383815]]]}},
{"type":"Feature","properties":{"plot_id":1,"poly_line":"2_1","strip_id":14},"geometry":{"type":"Polygon","coordinates":[[[-98.984441434,43.572248685],[-98.98443662,43.573032284],[-98.984549862,43.573032652],[-98.984554674,43.572249052],[-98.984441434,43.572248685]]]}},
{"type":"Feature","properties":{"plot_id":2,"poly_line":"2_1","strip_id":14},"geometry":{"type":"Polygon","coordinates":[[[-98.98443662,43.573032284],[-98.984431806,43.573815884],[-98.984545049,43.573816251],[-98.984549862,43.573032652],[-98.98443662,43.573032284]]]}},
{"type":"Feature","properties":{"plot_id":3,"poly_line":"2_1","strip_id":14},"geometry":{"type":"Polygon","coordinates":[[[-98.984431806,43.573815884],[-98.984426991,43.574599483],[-98.984540236,43.574599851],[-98.984545049,43.573816251],[-98.984431806,43.573815884]]]}},
{"type":"Feature","properties":{"plot_id":4,"poly_line":"2_1","strip_id":14},"geometry":{"type":"Polygon","coordinates":[[[-98.984426991,43.574599483],[-98.984422177,43.575383082],[-98.984535423,43.57538345],[-98.984540236,43.574599851],[-98.984426991,43.574599483]]]}},
{"type":"Feature","properties":{"plot_id":5,"poly_line":"2_1","strip_id":14},"geometry":{"type":"Polygon","coordinates":[[[-98.984422177,43.575383082],[-98.984417362,43.576166681],[-98.98453061,43.576167049],[-98.984535423,43.57538345],[-98.984422177,43.575383082]]]}},
{"type":"Feature","properties":{"plot_id":1,"poly_line":"2_1","strip_id":15},"geometry":{"type":"Polygon","coordinates":[[[-98.984554673,43.572249232],[-98.984549856,43.573033539],[-98.984663098,43.573033906],[-98.984667913,43.572249599],[-98.984554673,43.572249232]]]}},
{"type":"Feature","properties":{"plot_id":2,"poly_line":"2_1","strip_id":15},"geometry":{"type":"Polygon","coordinates":[[[-98.984549856,43.573033539],[-98.984545039,43.573817846],[-98.984658282,43.573818213],[-98.984663098,43.573033906],[-98.984549856,43.573033539]]]}},
{"type":"Feature","properties":{"plot_id":3,"poly_line":"2_1","strip_id":15},"geometry":{"type":"Polygon","coordinates":[[[-98.984545039,43.573817846],[-98.984540222,43.574602152],[-98.984653467,43.57460252],[-98.984658282,43.573818213],[-98.984545039,43.573817846]]]}},
{"type":"Feature","properties":{"plot_id":4,"poly_line":"2_1","strip_id":15},"geometry":{"type":"Polygon","coordinates":[[[-98.984540222,43.574602152],[-98.984535405,43.575386459],[-98.984648651,43.575386826],[-98.984653467,43.57460252],[-98.984540222,43.574602152]]]}},
{"type":"Feature","properties":{"plot_id":5,"poly_line":"2_1","strip_id":15},"geometry":{"type":"Polygon","coordinates":[[[-98.984535405,43.575386459],[-98.984530587,43.576170765],[-98.984643835,43.576171133],[-98.984648651,43.575386826],[-98.984535405,43.575386459]]]}},
{"type":"Feature","properties":{"plot_id":1,"poly_line":"1_1","strip_id":16},"geometry":{"type":"Polygon","coordinates":[[[-98.984636775,43.577320796],[-98.984632649,43.57799274],[-98.9847459,43.577993107],[-98.984750025,43.577321163],[-98.984636775,43.577320796]]]}},
{"type":"Feature","properties":{"plot_id":1,"poly_line":"2_1","strip_id":16},"geometry":{"type":"Polygon","coordinates":[[[-98.984667912,43.572249795],[-98.984663082,43.573036506],[-98.984776324,43.573036873],[-98.984781153,43.572250163],[-98.984667912,43.572249795]]]}},
{"type":"Feature","properties":{"plot_id":2,"poly_line":"2_1","strip_id":16},"geometry":{"type":"Polygon","coordinates":[[[-98.984663082,43.573036506],[-98.984658252,43.573823216],[-98.984771495,43.573823584],[-98.984776324,43.573036873],[-98.984663082,43.573036506]]]}},
{"type":"Feature","properties":{"plot_id":3,"poly_line":"2_1","strip_id":16},"geometry":{"type":"Polygon","coordinates":[[[-98.984658252,43.573823216],[-98.984653421,43.574609927],[-98.984766666,43.574610294],[-98.984771495,43.573823584],[-98.984658252,43.573823216]]]}},
{"type":"Feature","properties":{"plot_id":4,"poly_line":"2_1","strip_id":16},"geometry":{"type":"Polygon","coordinates":[[[-98.984653421,43.574609927],[-98.98464859,43.575396637],[-98.984761837,43.575397005],[-98.984766666,43.574610294],[-98.984653421,43.574609927]]]}},
{"type":"Feature","properties":{"plot_id":5,"poly_line":"2_1","strip_id":16},"geometry":{"type":"Polygon","coordinates":[[[-98.98464859,43.575396637],[-98.98464376,43.576183347],[-98.984757007,43.576183715],[-98.984761837,43.575397005],[-98.98464859,43.575396637]]]}},
{"type":"Feature","properties":{"plot_id":1,"poly_line":"1_1","strip_id":17},"geometry":{"type":"Polygon","coordinates":[[[-98.984750508,43.57724247],[-98.984745893,43.577994176],[-98.984859144,43.577994543],[-98.984863757,43.577242838],[-98.984750508,43.57724247]]]}},
{"type":"Feature","properties":{"plot_id":1,"poly_line":"2_1","strip_id":17},"geometry":{"type":"Polygon","coordinates":[[[-98.984781151,43.572250358],[-98.984776305,43.573039882],[-98.984889547,43.573040249],[-98.984894392,43.572250725],[-98.984781151,43.572250358]]]}},
{"type":"Feature","properties":{"plot_id":2,"poly_line":"2_1","strip_id":17},"geometry":{"type":"Polygon","coordinates":[[[-98.984776305,43.573039882],[-98.984771459,43.573829406],[-98.984884702,43.573829773],[-98.984889547,43.573040249],[-98.984776305,43.573039882]]]}},
{"type":"Feature","properties":{"plot_id":3,"poly_line":"2_1","strip_id":17},"geometry":{"type":"Polygon","coordinates":[[[-98.984771459,43.573829406],[-98.984766613,43.57461893],[-98.984879857,43.574619297],[-98.984884702,43.573829773],[-98.984771459,43.573829406]]]}},
{"type":"Feature","properties":{"plot_id":4,"poly_line":"2_1","strip_id":17},"geometry":{"type":"Polygon","coordinates":[[[-98.984766613,43.57461893],[-98.984761766,43.575408453],[-98.984875013,43.575408821],[-98.984879857,43.574619297],[-98.984766613,43.57461893]]]}},
{"type":"Feature","properties":{"plot_id":5,"poly_line":"2_1","strip_id":17},"geometry":{"type":"Polygon","coordinates":[[[-98.984761766,43.575408453],[-98.98475692,43.576197977],[-98.984870167,43.576198344],[-98.984875013,43.575408821],[-98.984761766,43.575408453]]]}},
{"type":"Feature","properties":{"plot_id":1,"poly_line":"1_1","strip_id":18},"geometry":{"type":"Polygon","coordinates":[[[-98.98486424,43.577164149],[-98.984859188,43.577987483],[-98.984972439,43.577987851],[-98.98497749,43.577164517],[-98.98486424,43.577164149]]]}},
{"type":"Feature","properties":{"plot_id":1,"poly_line":"2_1","strip_id":18},"geometry":{"type":"Polygon","coordinates":[[[-98.98489439,43.572250921],[-98.984890332,43.572912269],[-98.985003574,43.572912636],[-98.985007631,43.572251288],[-98.98489439,43.572250921]]]}},
{"type":"Feature","properties":{"plot_id":2,"poly_line":"2_1","strip_id":18},"geometry":{"type":"Polygon","coordinates":[[[-98.984890332,43.572912269],[-98.984886274,43.573573617],[-98.984999517,43.573573985],[-98.985003574,43.572912636],[-98.984890332,43.572912269]]]}},
{"type":"Feature","properties":{"plot_id":3,"poly_line":"2_1","strip_id":18},"geometry":{"type":"Polygon","coordinates":[[[-98.984886274,43.573573617],[-98.984882216,43.574234965],[-98.98499546,43.574235333],[-98.984999517,43.573573985],[-98.984886274,43.573573617]]]}},
{"type":"Feature","properties":{"plot_id":4,"poly_line":"2_1","strip_id":18},"geometry":{"type":"Polygon","coordinates":[[[-98.984882216,43.574234965],[-98.984878158,43.574896313],[-98.984991403,43.574896681],[-98.98499546,43.574235333],[-98.984882216,43.574234965]]]}},
{"type":"Feature","properties":{"plot_id":5,"poly_line":"2_1","strip_id":18},"geometry":{"type":"Polygon","coordinates":[[[-98.984878158,43.574896313],[-98.984874099,43.575557661],[-98.984987346,43.575558028],[-98.984991403,43.574896681],[-98.984878158,43.574896313]]]}},
{"type":"Feature","properties":{"plot_id":6,"poly_line":"2_1","strip_id":18},"geometry":{"type":"Polygon","coordinates":[[[-98.984874099,43.575557661],[-98.984870041,43.576219009],[-98.984983288,43.576219376],[-98.984987346,43.575558028],[-98.984874099,43.575557661]]]}},
{"type":"Feature","properties":{"plot_id":1,"poly_line":"1_1","strip_id":19},"geometry":{"type":"Polygon","coordinates":[[[-98.985007629,43.572251484],[-98.985003467,43.57292998],[-98.985116709,43.572930347],[-98.98512087,43.572251851],[-98.985007629,43.572251484]]]}},
{"type":"Feature","properties":{"plot_id":2,"poly_line":"1_1","strip_id":19},"geometry":{"type":"Polygon","coordinates":[[[-98.985003467,43.57292998],[-98.984999305,43.573608477],[-98.985112548,43.573608844],[-98.985116709,43.572930347],[-98.985003467,43.57292998]]]}},
{"type":"Feature","properties":{"plot_id":3,"poly_line":"1_1","strip_id":19},"geometry":{"type":"Polygon","coordinates":[[[-98.984999305,43.573608477],[-98.984995143,43.574286973],[-98.985108387,43.57428734],[-98.985112548,43.573608844],[-98.984999305,43.573608477]]]}},
{"type":"Feature","properties":{"plot_id":4,"poly_line":"1_1","strip_id":19},"geometry":{"type":"Polygon","coordinates":[[[-98.984995143,43.574286973],[-98.984990981,43.574965469],[-98.985104226,43.574965837],[-98.985108387,43.57428734],[-98.984995143,43.574286973]]]}},
{"type":"Feature","properties":{"plot_id":5,"poly_line":"1_1","strip_id":19},"geometry":{"type":"Polygon","coordinates":[[[-98.984990981,43.574965469],[-98.984986818,43.575643966],[-98.985100065,43.575644333],[-98.985104226,43.574965837],[-98.984990981,43.574965469]]]}},
{"type":"Feature","properties":{"plot_id":6,"poly_line":"1_1","strip_id":19},"geometry":{"type":"Polygon","coordinates":[[[-98.984986818,43.575643966],[-98.984982656,43.576322462],[-98.985095904,43.576322829],[-98.985100065,43.575644333],[-98.984986818,43.575643966]]]}},
{"type":"Feature","properties":{"plot_id":1,"poly_line":"1_2","strip_id":19},"geometry":{"type":"Polygon","coordinates":[[[-98.984978243,43.577041758],[-98.984973192,43.577865092],[-98.985086442,43.577865459],[-98.985091492,43.577042126],[-98.984978243,43.577041758]]]}},
{"type":"Feature","properties":{"plot_id":1,"poly_line":"1_1","strip_id":20},"geometry":{"type":"Polygon","coordinates":[[[-98.985120869,43.572252036],[-98.985116464,43.572970342],[-98.985229705,43.572970709],[-98.985234109,43.572252403],[-98.985120869,43.572252036]]]}},
{"type":"Feature","properties":{"plot_id":2,"poly_line":"1_1","strip_id":20},"geometry":{"type":"Polygon","coordinates":[[[-98.985116464,43.572970342],[-98.985112059,43.573688648],[-98.985225302,43.573689015],[-98.985229705,43.572970709],[-98.985116464,43.572970342]]]}},
{"type":"Feature","properties":{"plot_id":3,"poly_line":"1_1","strip_id":20},"geometry":{"type":"Polygon","coordinates":[[[-98.985112059,43.573688648],[-98.985107654,43.574406954],[-98.985220898,43.574407321],[-98.985225302,43.573689015],[-98.985112059,43.573688648]]]}},
{"type":"Feature","properties":{"plot_id":4,"poly_line":"1_1","strip_id":20},"geometry":{"type":"Polygon","coordinates":[[[-98.985107654,43.574406954],[-98.985103248,43.57512526],[-98.985216494,43.575125627],[-98.985220898,43.574407321],[-98.985107654,43.574406954]]]}},
{"type":"Feature","properties":{"plot_id":5,"poly_line":"1_1","strip_id":20},"geometry":{"type":"Polygon","coordinates":[[[-98.985103248,43.57512526],[-98.985098843,43.575843566],[-98.98521209,43.575843933],[-98.985216494,43.575125627],[-98.985103248,43.57512526]]]}},
{"type":"Feature","properties":{"plot_id":6,"poly_line":"1_1","strip_id":20},"geometry":{"type":"Polygon","coordinates":[[[-98.985098843,43.575843566],[-98.985094438,43.576561872],[-98.985207686,43.576562239],[-98.98521209,43.575843933],[-98.985098843,43.575843566]]]}},
{"type":"Feature","properties":{"plot_id":7,"poly_line":"1_1","strip_id":20},"geometry":{"type":"Polygon","coordinates":[[[-98.985094438,43.576561872],[-98.985090032,43.577280177],[-98.985203282,43.577280544],[-98.985207686,43.576562239],[-98.985094438,43.576561872]]]}},
{"type":"Feature","properties":{"plot_id":8,"poly_line":"1_1","strip_id":20},"geometry":{"type":"Polygon","coordinates":[[[-98.985090032,43.577280177],[-98.985085627,43.577998483],[-98.985198878,43.57799885],[-98.985203282,43.577280544],[-98.985090032,43.577280177]]]}},
{"type":"Feature","properties":{"plot_id":1,"poly_line":"1_1","strip_id":21},"geometry":{"type":"Polygon","coordinates":[[[-98.985234108,43.572252568],[-98.985229704,43.572970987],[-98.985342945,43.572971354],[-98.985347348,43.572252935],[-98.985234108,43.572252568]]]}},
{"type":"Feature","properties":{"plot_id":2,"poly_line":"1_1","strip_id":21},"geometry":{"type":"Polygon","coordinates":[[[-98.985229704,43.572970987],[-98.985225299,43.573689406],[-98.985338542,43.573689773],[-98.985342945,43.572971354],[-98.985229704,43.572970987]]]}},
{"type":"Feature","properties":{"plot_id":3,"poly_line":"1_1","strip_id":21},"geometry":{"type":"Polygon","coordinates":[[[-98.985225299,43.573689406],[-98.985220895,43.574407825],[-98.985334139,43.574408192],[-98.985338542,43.573689773],[-98.985225299,43.573689406]]]}},
{"type":"Feature","properties":{"plot_id":4,"poly_line":"1_1","strip_id":21},"geometry":{"type":"Polygon","coordinates":[[[-98.985220895,43.574407825],[-98.98521649,43.575126244],[-98.985329736,43.575126611],[-98.985334139,43.574408192],[-98.985220895,43.574407825]]]}},
{"type":"Feature","properties":{"plot_id":5,"poly_line":"1_1","strip_id":21},"geometry":{"type":"Polygon","coordinates":[[[-98.98521649,43.575126244],[-98.985212086,43.575844663],[-98.985325333,43.57584503],[-98.985329736,43.575126611],[-98.98521649,43.575126244]]]}},
{"type":"Feature","properties":{"plot_id":6,"poly_line":"1_1","strip_id":21},"geometry":{"type":"Polygon","coordinates":[[[-98.985212086,43.575844663],[-98.985207681,43.576563081],[-98.985320929,43.576563448],[-98.985325333,43.57584503],[-98.985212086,43.575844663]]]}},
{"type":"Feature","properties":{"plot_id":7,"poly_line":"1_1","strip_id":21},"geometry":{"type":"Polygon","coordinates":[[[-98.985207681,43.576563081],[-98.985203276,43.5772815],[-98.985316526,43.577281867],[-98.985320929,43.576563448],[-98.985207681,43.576563081]]]}},
{"type":"Feature","properties":{"plot_id":8,"poly_line":"1_1","strip_id":21},"geometry":{"type":"Polygon","coordinates":[[[-98.985203276,43.5772815],[-98.985198871,43.577999918],[-98.985312122,43.578000285],[-98.985316526,43.577281867],[-98.985203276,43.5772815]]]}},
{"type":"Feature","properties":{"plot_id":1,"poly_line":"1_1","strip_id":22},"geometry":{"type":"Polygon","coordinates":[[[-98.985347347,43.57225311],[-98.985342943,43.572971641],[-98.985456185,43.572972008],[-98.985460587,43.572253477],[-98.985347347,43.57225311]]]}},
{"type":"Feature","properties":{"plot_id":2,"poly_line":"1_1","strip_id":22},"geometry":{"type":"Polygon","coordinates":[[[-98.985342943,43.572971641],[-98.98533854,43.573690172],[-98.985451783,43.573690539],[-98.985456185,43.572972008],[-98.985342943,43.572971641]]]}},
{"type":"Feature","properties":{"plot_id":3,"poly_line":"1_1","strip_id":22},"geometry":{"type":"Polygon","coordinates":[[[-98.98533854,43.573690172],[-98.985334136,43.574408702],[-98.98544738,43.574409069],[-98.985451783,43.573690539],[-98.98533854,43.573690172]]]}},
{"type":"Feature","properties":{"plot_id":4,"poly_line":"1_1","strip_id":22},"geometry":{"type":"Polygon","coordinates":[[[-98.985334136,43.574408702],[-98.985329732,43.575127233],[-98.985442978,43.5751276],[-98.98544738,43.574409069],[-98.985334136,43.574408702]]]}},
{"type":"Feature","properties":{"plot_id":5,"poly_line":"1_1","strip_id":22},"geometry":{"type":"Polygon","coordinates":[[[-98.985329732,43.575127233],[-98.985325328,43.575845763],[-98.985438575,43.57584613],[-98.985442978,43.5751276],[-98.985329732,43.575127233]]]}},
{"type":"Feature","properties":{"plot_id":6,"poly_line":"1_1","strip_id":22},"geometry":{"type":"Polygon","coordinates":[[[-98.985325328,43.575845763],[-98.985320924,43.576564294],[-98.985434172,43.57656466],[-98.985438575,43.57584613],[-98.985325328,43.575845763]]]}},
{"type":"Feature","properties":{"plot_id":7,"poly_line":"1_1","strip_id":22},"geometry":{"type":"Polygon","coordinates":[[[-98.985320924,43.576564294],[-98.98531652,43.577282824],[-98.98542977,43.577283191],[-98.985434172,43.57656466],[-98.985320924,43.576564294]]]}},
{"type":"Feature","properties":{"plot_id":8,"poly_line":"1_1","strip_id":22},"geometry":{"type":"Polygon","coordinates":[[[-98.98531652,43.577282824],[-98.985312116,43.578001354],[-98.985425367,43.578001721],[-98.98542977,43.577283191],[-98.98531652,43.577282824]]]}},
{"type":"Feature","properties":{"plot_id":1,"poly_line":"1_1","strip_id":23},"geometry":{"type":"Polygon","coordinates":[[[-98.985460586,43.572253678],[-98.985456183,43.572972317],[-98.985569425,43.572972684],[-98.985573826,43.572254045],[-98.985460586,43.572253678]]]}},
{"type":"Feature","properties":{"plot_id":2,"poly_line":"1_1","strip_id":23},"geometry":{"type":"Polygon","coordinates":[[[-98.985456183,43.572972317],[-98.98545178,43.573690956],[-98.985565023,43.573691323],[-98.985569425,43.572972684],[-98.985456183,43.572972317]]]}},
{"type":"Feature","properties":{"plot_id":3,"poly_line":"1_1","strip_id":23},"geometry":{"type":"Polygon","coordinates":[[[-98.98545178,43.573690956],[-98.985447377,43.574409596],[-98.985560621,43.574409962],[-98.985565023,43.573691323],[-98.98545178,43.573690956]]]}},
{"type":"Feature","properties":{"plot_id":4,"poly_line":"1_1","strip_id":23},"geometry":{"type":"Polygon","coordinates":[[[-98.985447377,43.574409596],[-98.985442974,43.575128234],[-98.98555622,43.575128601],[-98.985560621,43.574409962],[-98.985447377,43.574409596]]]}},
{"type":"Feature","properties":{"plot_id":5,"poly_line":"1_1","strip_id":23},"geometry":{"type":"Polygon","coordinates":[[[-98.985442974,43.575128234],[-98.985438571,43.575846873],[-98.985551818,43.57584724],[-98.98555622,43.575128601],[-98.985442974,43.575128234]]]}},
{"type":"Feature","properties":{"plot_id":6,"poly_line":"1_1","strip_id":23},"geometry":{"type":"Polygon","coordinates":[[[-98.985438571,43.575846873],[-98.985434167,43.576565512],[-98.985547416,43.576565879],[-98.985551818,43.57584724],[-98.985438571,43.575846873]]]}},
{"type":"Feature","properties":{"plot_id":7,"poly_line":"1_1","strip_id":23},"geometry":{"type":"Polygon","coordinates":[[[-98.985434167,43.576565512],[-98.985429764,43.577284151],[-98.985543013,43.577284517],[-98.985547416,43.576565879],[-98.985434167,43.576565512]]]}},
{"type":"Feature","properties":{"plot_id":8,"poly_line":"1_1","strip_id":23},"geometry":{"type":"Polygon","coordinates":[[[-98.985429764,43.577284151],[-98.98542536,43.578002789],[-98.985538611,43.578003156],[-98.985543013,43.577284517],[-98.985429764,43.577284151]]]}},
{"type":"Feature","properties":{"plot_id":1,"poly_line":"1_1","strip_id":24},"geometry":{"type":"Polygon","coordinates":[[[-98.985573825,43.572254246],[-98.985569423,43.572972994],[-98.985682664,43.57297336],[-98.985687065,43.572254613],[-98.985573825,43.572254246]]]}},
{"type":"Feature","properties":{"plot_id":2,"poly_line":"1_1","strip_id":24},"geometry":{"type":"Polygon","coordinates":[[[-98.985569423,43.572972994],[-98.985565021,43.573691741],[-98.985678264,43.573692108],[-98.985682664,43.57297336],[-98.985569423,43.572972994]]]}},
{"type":"Feature","properties":{"plot_id":3,"poly_line":"1_1","strip_id":24},"geometry":{"type":"Polygon","coordinates":[[[-98.985565021,43.573691741],[-98.985560618,43.574410489],[-98.985673862,43.574410855],[-98.985678264,43.573692108],[-98.985565021,43.573691741]]]}},
{"type":"Feature","properties":{"plot_id":4,"poly_line":"1_1","strip_id":24},"geometry":{"type":"Polygon","coordinates":[[[-98.985560618,43.574410489],[-98.985556216,43.575129236],[-98.985669461,43.575129603],[-98.985673862,43.574410855],[-98.985560618,43.574410489]]]}},
{"type":"Feature","properties":{"plot_id":5,"poly_line":"1_1","strip_id":24},"geometry":{"type":"Polygon","coordinates":[[[-98.985556216,43.575129236],[-98.985551813,43.575847983],[-98.98566506,43.57584835],[-98.985669461,43.575129603],[-98.985556216,43.575129236]]]}},
{"type":"Feature","properties":{"plot_id":6,"poly_line":"1_1","strip_id":24},"geometry":{"type":"Polygon","coordinates":[[[-98.985551813,43.575847983],[-98.98554741,43.57656673],[-98.985660659,43.576567097],[-98.98566506,43.57584835],[-98.985551813,43.575847983]]]}},
{"type":"Feature","properties":{"plot_id":7,"poly_line":"1_1","strip_id":24},"geometry":{"type":"Polygon","coordinates":[[[-98.98554741,43.57656673],[-98.985543007,43.577285478],[-98.985656257,43.577285844],[-98.985660659,43.576567097],[-98.98554741,43.57656673]]]}},
{"type":"Feature","properties":{"plot_id":8,"poly_line":"1_1","strip_id":24},"geometry":{"type":"Polygon","coordinates":[[[-98.985543007,43.577285478],[-98.985538605,43.578004224],[-98.985651856,43.578004591],[-98.985656257,43.577285844],[-98.985543007,43.577285478]]]}},
{"type":"Feature","properties":{"plot_id":1,"poly_line":"1_1","strip_id":25},"geometry":{"type":"Polygon","coordinates":[[[-98.985687064,43.572254814],[-98.985682663,43.57297367],[-98.985795904,43.572974036],[-98.985800304,43.57225518],[-98.985687064,43.572254814]]]}},
{"type":"Feature","properties":{"plot_id":2,"poly_line":"1_1","strip_id":25},"geometry":{"type":"Polygon","coordinates":[[[-98.985682663,43.57297367],[-98.985678261,43.573692526],[-98.985791504,43.573692892],[-98.985795904,43.572974036],[-98.985682663,43.57297367]]]}},
{"type":"Feature","properties":{"plot_id":3,"poly_line":"1_1","strip_id":25},"geometry":{"type":"Polygon","coordinates":[[[-98.985678261,43.573692526],[-98.985673859,43.574411382],[-98.985787104,43.574411748],[-98.985791504,43.573692892],[-98.985678261,43.573692526]]]}},
{"type":"Feature","properties":{"plot_id":4,"poly_line":"1_1","strip_id":25},"geometry":{"type":"Polygon","coordinates":[[[-98.985673859,43.574411382],[-98.985669457,43.575130237],[-98.985782703,43.575130604],[-98.985787104,43.574411748],[-98.985673859,43.574411382]]]}},
{"type":"Feature","properties":{"plot_id":5,"poly_line":"1_1","strip_id":25},"geometry":{"type":"Polygon","coordinates":[[[-98.985669457,43.575130237],[-98.985665055,43.575849093],[-98.985778303,43.57584946],[-98.985782703,43.575130604],[-98.985669457,43.575130237]]]}},
{"type":"Feature","properties":{"plot_id":6,"poly_line":"1_1","strip_id":25},"geometry":{"type":"Polygon","coordinates":[[[-98.985665055,43.575849093],[-98.985660653,43.576567949],[-98.985773902,43.576568315],[-98.985778303,43.57584946],[-98.985665055,43.575849093]]]}},
{"type":"Feature","properties":{"plot_id":7,"poly_line":"1_1","strip_id":25},"geometry":{"type":"Polygon","coordinates":[[[-98.985660653,43.576567949],[-98.985656251,43.577286804],[-98.985769501,43.577287171],[-98.985773902,43.576568315],[-98.985660653,43.576567949]]]}},
{"type":"Feature","properties":{"plot_id":8,"poly_line":"1_1","strip_id":25},"geometry":{"type":"Polygon","coordinates":[[[-98.985656251,43.577286804],[-98.985651849,43.57800566],[-98.9857651,43.578006026],[-98.985769501,43.577287171],[-98.985656251,43.577286804]]]}},
{"type":"Feature","properties":{"plot_id":1,"poly_line":"1_1","strip_id":26},"geometry":{"type":"Polygon","coordinates":[[[-98.985800303,43.572255381],[-98.985795902,43.572974346],[-98.985909144,43.572974712],[-98.985913543,43.572255748],[-98.985800303,43.572255381]]]}},
{"type":"Feature","properties":{"plot_id":2,"poly_line":"1_1","strip_id":26},"geometry":{"type":"Polygon","coordinates":[[[-98.985795902,43.572974346],[-98.985791501,43.57369331],[-98.985904744,43.573693677],[-98.985909144,43.572974712],[-98.985795902,43.572974346]]]}},
{"type":"Feature","properties":{"plot_id":3,"poly_line":"1_1","strip_id":26},"geometry":{"type":"Polygon","coordinates":[[[-98.985791501,43.57369331],[-98.9857871,43.574412275],[-98.985900345,43.574412641],[-98.985904744,43.573693677],[-98.985791501,43.57369331]]]}},
{"type":"Feature","properties":{"plot_id":4,"poly_line":"1_1","strip_id":26},"geometry":{"type":"Polygon","coordinates":[[[-98.9857871,43.574412275],[-98.985782699,43.575131239],[-98.985895945,43.575131605],[-98.985900345,43.574412641],[-98.9857871,43.574412275]]]}},
{"type":"Feature","properties":{"plot_id":5,"poly_line":"1_1","strip_id":26},"geometry":{"type":"Polygon","coordinates":[[[-98.985782699,43.575131239],[-98.985778298,43.575850203],[-98.985891545,43.575850569],[-98.985895945,43.575131605],[-98.985782699,43.575131239]]]}},
{"type":"Feature","properties":{"plot_id":6,"poly_line":"1_1","strip_id":26},"geometry":{"type":"Polygon","coordinates":[[[-98.985778298,43.575850203],[-98.985773897,43.576569167],[-98.985887145,43.576569533],[-98.985891545,43.575850569],[-98.985778298,43.575850203]]]}},
{"type":"Feature","properties":{"plot_id":7,"poly_line":"1_1","strip_id":26},"geometry":{"type":"Polygon","coordinates":[[[-98.985773897,43.576569167],[-98.985769495,43.577288131],[-98.985882745,43.577288497],[-98.985887145,43.576569533],[-98.985773897,43.576569167]]]}},
{"type":"Feature","properties":{"plot_id":8,"poly_line":"1_1","strip_id":26},"geometry":{"type":"Polygon","coordinates":[[[-98.985769495,43.577288131],[-98.985765094,43.578007095],[-98.985878345,43.578007461],[-98.985882745,43.577288497],[-98.985769495,43.577288131]]]}},
{"type":"Feature","properties":{"plot_id":1,"poly_line":"1_1","strip_id":27},"geometry":{"type":"Polygon","coordinates":[[[-98.985913542,43.572255949],[-98.985909142,43.572975022],[-98.986022384,43.572975388],[-98.986026782,43.572256315],[-98.985913542,43.572255949]]]}},
{"type":"Feature","properties":{"plot_id":2,"poly_line":"1_1","strip_id":27},"geometry":{"type":"Polygon","coordinates":[[[-98.985909142,43.572975022],[-98.985904742,43.573694095],[-98.986017985,43.573694461],[-98.986022384,43.572975388],[-98.985909142,43.572975022]]]}},
{"type":"Feature","properties":{"plot_id":3,"poly_line":"1_1","strip_id":27},"geometry":{"type":"Polygon","coordinates":[[[-98.985904742,43.573694095],[-98.985900341,43.574413167],[-98.986013586,43.574413534],[-98.986017985,43.573694461],[-98.985904742,43.573694095]]]}},
{"type":"Feature","properties":{"plot_id":4,"poly_line":"1_1","strip_id":27},"geometry":{"type":"Polygon","coordinates":[[[-98.985900341,43.574413167],[-98.985895941,43.57513224],[-98.986009187,43.575132606],[-98.986013586,43.574413534],[-98.985900341,43.574413167]]]}},
{"type":"Feature","properties":{"plot_id":5,"poly_line":"1_1","strip_id":27},"geometry":{"type":"Polygon","coordinates":[[[-98.985895941,43.57513224],[-98.98589154,43.575851312],[-98.986004787,43.575851679],[-98.986009187,43.575132606],[-98.985895941,43.57513224]]]}},
{"type":"Feature","properties":{"plot_id":6,"poly_line":"1_1","strip_id":27},"geometry":{"type":"Polygon","coordinates":[[[-98.98589154,43.575851312],[-98.98588714,43.576570385],[-98.986000388,43.576570751],[-98.986004787,43.575851679],[-98.98589154,43.575851312]]]}},
{"type":"Feature","properties":{"plot_id":7,"poly_line":"1_1","strip_id":27},"geometry":{"type":"Polygon","coordinates":[[[-98.98588714,43.576570385],[-98.985882739,43.577289457],[-98.985995989,43.577289824],[-98.986000388,43.576570751],[-98.98588714,43.576570385]]]}},
{"type":"Feature","properties":{"plot_id":8,"poly_line":"1_1","strip_id":27},"geometry":{"type":"Polygon","coordinates":[[[-98.985882739,43.577289457],[-98.985878338,43.57800853],[-98.985991589,43.578008896],[-98.985995989,43.577289824],[-98.985882739,43.577289457]]]}},
{"type":"Feature","properties":{"plot_id":1,"poly_line":"1_1","strip_id":28},"geometry":{"type":"Polygon","coordinates":[[[-98.986026781,43.572256516],[-98.986022382,43.57297569],[-98.986135623,43.572976056],[-98.986140022,43.572256882],[-98.986026781,43.572256516]]]}},
{"type":"Feature","properties":{"plot_id":2,"poly_line":"1_1","strip_id":28},"geometry":{"type":"Polygon","coordinates":[[[-98.986022382,43.57297569],[-98.986017982,43.573694863],[-98.986131225,43.573695229],[-98.986135623,43.572976056],[-98.986022382,43.57297569]]]}},
{"type":"Feature","properties":{"plot_id":3,"poly_line":"1_1","strip_id":28},"geometry":{"type":"Polygon","coordinates":[[[-98.986017982,43.573694863],[-98.986013583,43.574414036],[-98.986126827,43.574414402],[-98.986131225,43.573695229],[-98.986017982,43.573694863]]]}},
{"type":"Feature","properties":{"plot_id":4,"poly_line":"1_1","strip_id":28},"geometry":{"type":"Polygon","coordinates":[[[-98.986013583,43.574414036],[-98.986009183,43.575133209],[-98.986122429,43.575133575],[-98.986126827,43.574414402],[-98.986013583,43.574414036]]]}},
{"type":"Feature","properties":{"plot_id":5,"poly_line":"1_1","strip_id":28},"geometry":{"type":"Polygon","coordinates":[[[-98.986009183,43.575133209],[-98.986004783,43.575852382],[-98.98611803,43.575852748],[-98.986122429,43.575133575],[-98.986009183,43.575133209]]]}},
{"type":"Feature","properties":{"plot_id":6,"poly_line":"1_1","strip_id":28},"geometry":{"type":"Polygon","coordinates":[[[-98.986004783,43.575852382],[-98.986000383,43.576571555],[-98.986113632,43.576571921],[-98.98611803,43.575852748],[-98.986004783,43.575852382]]]}},
{"type":"Feature","properties":{"plot_id":7,"poly_line":"1_1","strip_id":28},"geometry":{"type":"Polygon","coordinates":[[[-98.986000383,43.576571555],[-98.985995983,43.577290728],[-98.986109233,43.577291094],[-98.986113632,43.576571921],[-98.986000383,43.576571555]]]}},
{"type":"Feature","properties":{"plot_id":8,"poly_line":"1_1","strip_id":28},"geometry":{"type":"Polygon","coordinates":[[[-98.985995983,43.577290728],[-98.985991583,43.5780099],[-98.986104834,43.578010266],[-98.986109233,43.577291094],[-98.985995983,43.577290728]]]}},
{"type":"Feature","properties":{"plot_id":1,"poly_line":"1_1","strip_id":29},"geometry":{"type":"Polygon","coordinates":[[[-98.98614002,43.572257084],[-98.986135622,43.572976322],[-98.986248863,43.572976688],[-98.986253261,43.57225745],[-98.98614002,43.572257084]]]}},
{"type":"Feature","properties":{"plot_id":2,"poly_line":"1_1","strip_id":29},"geometry":{"type":"Polygon","coordinates":[[[-98.986135622,43.572976322],[-98.986131223,43.573695561],[-98.986244466,43.573695927],[-98.986248863,43.572976688],[-98.986135622,43.572976322]]]}},
{"type":"Feature","properties":{"plot_id":3,"poly_line":"1_1","strip_id":29},"geometry":{"type":"Polygon","coordinates":[[[-98.986131223,43.573695561],[-98.986126825,43.5744148],[-98.986240069,43.574415166],[-98.986244466,43.573695927],[-98.986131223,43.573695561]]]}},
{"type":"Feature","properties":{"plot_id":4,"poly_line":"1_1","strip_id":29},"geometry":{"type":"Polygon","coordinates":[[[-98.986126825,43.5744148],[-98.986122426,43.575134039],[-98.986235671,43.575134405],[-98.986240069,43.574415166],[-98.986126825,43.5744148]]]}},
{"type":"Feature","properties":{"plot_id":5,"poly_line":"1_1","strip_id":29},"geometry":{"type":"Polygon","coordinates":[[[-98.986122426,43.575134039],[-98.986118027,43.575853277],[-98.986231274,43.575853643],[-98.986235671,43.575134405],[-98.986122426,43.575134039]]]}},
{"type":"Feature","properties":{"plot_id":6,"poly_line":"1_1","strip_id":29},"geometry":{"type":"Polygon","coordinates":[[[-98.986118027,43.575853277],[-98.986113628,43.576572516],[-98.986226876,43.576572882],[-98.986231274,43.575853643],[-98.986118027,43.575853277]]]}},
{"type":"Feature","properties":{"plot_id":7,"poly_line":"1_1","strip_id":29},"geometry":{"type":"Polygon","coordinates":[[[-98.986113628,43.576572516],[-98.986109229,43.577291754],[-98.986222479,43.57729212],[-98.986226876,43.576572882],[-98.986113628,43.576572516]]]}},
{"type":"Feature","properties":{"plot_id":8,"poly_line":"1_1","strip_id":29},"geometry":{"type":"Polygon","coordinates":[[[-98.986109229,43.577291754],[-98.98610483,43.578010992],[-98.986218081,43.578011358],[-98.986222479,43.57729212],[-98.986109229,43.577291754]]]}},
{"type":"Feature","properties":{"plot_id":1,"poly_line":"1_1","strip_id":30},"geometry":{"type":"Polygon","coordinates":[[[-98.986253259,43.572257651],[-98.986248862,43.572976955],[-98.986362103,43.572977321],[-98.9863665,43.572258017],[-98.986253259,43.572257651]]]}},
{"type":"Feature","properties":{"plot_id":2,"poly_line":"1_1","strip_id":30},"geometry":{"type":"Polygon","coordinates":[[[-98.986248862,43.572976955],[-98.986244464,43.57369626],[-98.986357707,43.573696626],[-98.986362103,43.572977321],[-98.986248862,43.572976955]]]}},
{"type":"Feature","properties":{"plot_id":3,"poly_line":"1_1","strip_id":30},"geometry":{"type":"Polygon","coordinates":[[[-98.986244464,43.57369626],[-98.986240066,43.574415564],[-98.986353311,43.57441593],[-98.986357707,43.573696626],[-98.986244464,43.57369626]]]}},
{"type":"Feature","properties":{"plot_id":4,"poly_line":"1_1","strip_id":30},"geometry":{"type":"Polygon","coordinates":[[[-98.986240066,43.574415564],[-98.986235669,43.575134868],[-98.986348914,43.575135234],[-98.986353311,43.57441593],[-98.986240066,43.574415564]]]}},
{"type":"Feature","properties":{"plot_id":5,"poly_line":"1_1","strip_id":30},"geometry":{"type":"Polygon","coordinates":[[[-98.986235669,43.575134868],[-98.986231271,43.575854172],[-98.986344518,43.575854538],[-98.986348914,43.575135234],[-98.986235669,43.575134868]]]}},
{"type":"Feature","properties":{"plot_id":6,"poly_line":"1_1","strip_id":30},"geometry":{"type":"Polygon","coordinates":[[[-98.986231271,43.575854172],[-98.986226873,43.576573476],[-98.986340121,43.576573842],[-98.986344518,43.575854538],[-98.986231271,43.575854172]]]}},
{"type":"Feature","properties":{"plot_id":7,"poly_line":"1_1","strip_id":30},"geometry":{"type":"Polygon","coordinates":[[[-98.986226873,43.576573476],[-98.986222474,43.57729278],[-98.986335724,43.577293146],[-98.986340121,43.576573842],[-98.986226873,43.576573476]]]}},
{"type":"Feature","properties":{"plot_id":8,"poly_line":"1_1","strip_id":30},"geometry":{"type":"Polygon","coordinates":[[[-98.986222474,43.57729278],[-98.986218076,43.578012084],[-98.986331327,43.57801245],[-98.986335724,43.577293146],[-98.986222474,43.57729278]]]}},
{"type":"Feature","properties":{"plot_id":1,"poly_line":"1_1","strip_id":31},"geometry":{"type":"Polygon","coordinates":[[[-98.986366498,43.572258218],[-98.986362102,43.572977588],[-98.986475343,43.572977954],[-98.986479739,43.572258584],[-98.986366498,43.572258218]]]}},
{"type":"Feature","properties":{"plot_id":2,"poly_line":"1_1","strip_id":31},"geometry":{"type":"Polygon","coordinates":[[[-98.986362102,43.572977588],[-98.986357705,43.573696958],[-98.986470948,43.573697324],[-98.986475343,43.572977954],[-98.986362102,43.572977588]]]}},
{"type":"Feature","properties":{"plot_id":3,"poly_line":"1_1","strip_id":31},"geometry":{"type":"Polygon","coordinates":[[[-98.986357705,43.573696958],[-98.986353308,43.574416328],[-98.986466553,43.574416694],[-98.986470948,43.573697324],[-98.986357705,43.573696958]]]}},
{"type":"Feature","properties":{"plot_id":4,"poly_line":"1_1","strip_id":31},"geometry":{"type":"Polygon","coordinates":[[[-98.986353308,43.574416328],[-98.986348911,43.575135698],[-98.986462157,43.575136063],[-98.986466553,43.574416694],[-98.986353308,43.574416328]]]}},
{"type":"Feature","properties":{"plot_id":5,"poly_line":"1_1","strip_id":31},"geometry":{"type":"Polygon","coordinates":[[[-98.986348911,43.575135698],[-98.986344514,43.575855067],[-98.986457761,43.575855433],[-98.986462157,43.575136063],[-98.986348911,43.575135698]]]}},
{"type":"Feature","properties":{"plot_id":6,"poly_line":"1_1","strip_id":31},"geometry":{"type":"Polygon","coordinates":[[[-98.986344514,43.575855067],[-98.986340117,43.576574437],[-98.986453366,43.576574803],[-98.986457761,43.575855433],[-98.986344514,43.575855067]]]}},
{"type":"Feature","properties":{"plot_id":7,"poly_line":"1_1","strip_id":31},"geometry":{"type":"Polygon","coordinates":[[[-98.986340117,43.576574437],[-98.98633572,43.577293807],[-98.98644897,43.577294172],[-98.986453366,43.576574803],[-98.986340117,43.576574437]]]}},
{"type":"Feature","properties":{"plot_id":8,"poly_line":"1_1","strip_id":31},"geometry":{"type":"Polygon","coordinates":[[[-98.98633572,43.577293807],[-98.986331323,43.578013176],[-98.986444574,43.578013542],[-98.98644897,43.577294172],[-98.98633572,43.577293807]]]}},
{"type":"Feature","properties":{"plot_id":1,"poly_line":"1_1","strip_id":32},"geometry":{"type":"Polygon","coordinates":[[[-98.986479737,43.572258785],[-98.986475342,43.57297822],[-98.986588583,43.572978586],[-98.986592978,43.57225915],[-98.986479737,43.572258785]]]}},
{"type":"Feature","properties":{"plot_id":2,"poly_line":"1_1","strip_id":32},"geometry":{"type":"Polygon","coordinates":[[[-98.986475342,43.57297822],[-98.986470946,43.573697656],[-98.986584189,43.573698022],[-98.986588583,43.572978586],[-98.986475342,43.57297822]]]}},
{"type":"Feature","properties":{"plot_id":3,"poly_line":"1_1","strip_id":32},"geometry":{"type":"Polygon","coordinates":[[[-98.986470946,43.573697656],[-98.98646655,43.574417092],[-98.986579795,43.574417457],[-98.986584189,43.573698022],[-98.986470946,43.573697656]]]}},
{"type":"Feature","properties":{"plot_id":4,"poly_line":"1_1","strip_id":32},"geometry":{"type":"Polygon","coordinates":[[[-98.98646655,43.574417092],[-98.986462154,43.575136527],[-98.9865754,43.575136893],[-98.986579795,43.574417457],[-98.98646655,43.574417092]]]}},
{"type":"Feature","properties":{"plot_id":5,"poly_line":"1_1","strip_id":32},"geometry":{"type":"Polygon","coordinates":[[[-98.986462154,43.575136527],[-98.986457758,43.575855962],[-98.986571005,43.575856328],[-98.9865754,43.575136893],[-98.986462154,43.575136527]]]}},
{"type":"Feature","properties":{"plot_id":6,"poly_line":"1_1","strip_id":32},"geometry":{"type":"Polygon","coordinates":[[[-98.986457758,43.575855962],[-98.986453362,43.576575398],[-98.98656661,43.576575763],[-98.986571005,43.575856328],[-98.986457758,43.575855962]]]}},
{"type":"Feature","properties":{"plot_id":7,"poly_line":"1_1","strip_id":32},"geometry":{"type":"Polygon","coordinates":[[[-98.986453362,43.576575398],[-98.986448966,43.577294833],[-98.986562216,43.577295198],[-98.98656661,43.576575763],[-98.986453362,43.576575398]]]}},
{"type":"Feature","properties":{"plot_id":8,"poly_line":"1_1","strip_id":32},"geometry":{"type":"Polygon","coordinates":[[[-98.986448966,43.577294833],[-98.986444569,43.578014268],[-98.986557821,43.578014633],[-98.986562216,43.577295198],[-98.986448966,43.577294833]]]}},
{"type":"Feature","properties":{"plot_id":1,"poly_line":"1_1","strip_id":33},"geometry":{"type":"Polygon","coordinates":[[[-98.986592976,43.572259352],[-98.986588582,43.572978853],[-98.986701823,43.572979219],[-98.986706217,43.572259717],[-98.986592976,43.572259352]]]}},
{"type":"Feature","properties":{"plot_id":2,"poly_line":"1_1","strip_id":33},"geometry":{"type":"Polygon","coordinates":[[[-98.986588582,43.572978853],[-98.986584187,43.573698354],[-98.98669743,43.57369872],[-98.986701823,43.572979219],[-98.986588582,43.572978853]]]}},
{"type":"Feature","properties":{"plot_id":3,"poly_line":"1_1","strip_id":33},"geometry":{"type":"Polygon","coordinates":[[[-98.986584187,43.573698354],[-98.986579792,43.574417855],[-98.986693036,43.574418221],[-98.98669743,43.57369872],[-98.986584187,43.573698354]]]}},
{"type":"Feature","properties":{"plot_id":4,"poly_line":"1_1","strip_id":33},"geometry":{"type":"Polygon","coordinates":[[[-98.986579792,43.574417855],[-98.986575397,43.575137356],[-98.986688643,43.575137722],[-98.986693036,43.574418221],[-98.986579792,43.574417855]]]}},
{"type":"Feature","properties":{"plot_id":5,"poly_line":"1_1","strip_id":33},"geometry":{"type":"Polygon","coordinates":[[[-98.986575397,43.575137356],[-98.986571002,43.575856857],[-98.986684249,43.575857223],[-98.986688643,43.575137722],[-98.986575397,43.575137356]]]}},
{"type":"Feature","properties":{"plot_id":6,"poly_line":"1_1","strip_id":33},"geometry":{"type":"Polygon","coordinates":[[[-98.986571002,43.575856857],[-98.986566607,43.576576358],[-98.986679855,43.576576724],[-98.986684249,43.575857223],[-98.986571002,43.575856857]]]}},
{"type":"Feature","properties":{"plot_id":7,"poly_line":"1_1","strip_id":33},"geometry":{"type":"Polygon","coordinates":[[[-98.986566607,43.576576358],[-98.986562212,43.577295859],[-98.986675461,43.577296224],[-98.986679855,43.576576724],[-98.986566607,43.576576358]]]}},
{"type":"Feature","properties":{"plot_id":8,"poly_line":"1_1","strip_id":33},"geometry":{"type":"Polygon","coordinates":[[[-98.986562212,43.577295859],[-98.986557816,43.578015359],[-98.986671067,43.578015725],[-98.986675461,43.577296224],[-98.986562212,43.577295859]]]}},
{"type":"Feature","properties":{"plot_id":1,"poly_line":"1_1","strip_id":34},"geometry":{"type":"Polygon","coordinates":[[[-98.986706216,43.572259918],[-98.986701822,43.572979485],[-98.986815063,43.572979851],[-98.986819456,43.572260284],[-98.986706216,43.572259918]]]}},
{"type":"Feature","properties":{"plot_id":2,"poly_line":"1_1","strip_id":34},"geometry":{"type":"Polygon","coordinates":[[[-98.986701822,43.572979485],[-98.986697428,43.573699052],[-98.986810671,43.573699418],[-98.986815063,43.572979851],[-98.986701822,43.572979485]]]}},
{"type":"Feature","properties":{"plot_id":3,"poly_line":"1_1","strip_id":34},"geometry":{"type":"Polygon","coordinates":[[[-98.986697428,43.573699052],[-98.986693034,43.574418619],[-98.986806278,43.574418984],[-98.986810671,43.573699418],[-98.986697428,43.573699052]]]}},
{"type":"Feature","properties":{"plot_id":4,"poly_line":"1_1","strip_id":34},"geometry":{"type":"Polygon","coordinates":[[[-98.986693034,43.574418619],[-98.98668864,43.575138185],[-98.986801886,43.575138551],[-98.986806278,43.574418984],[-98.986693034,43.574418619]]]}},
{"type":"Feature","properties":{"plot_id":5,"poly_line":"1_1","strip_id":34},"geometry":{"type":"Polygon","coordinates":[[[-98.98668864,43.575138185],[-98.986684246,43.575857752],[-98.986797493,43.575858117],[-98.986801886,43.575138551],[-98.98668864,43.575138185]]]}},
{"type":"Feature","properties":{"plot_id":6,"poly_line":"1_1","strip_id":34},"geometry":{"type":"Polygon","coordinates":[[[-98.986684246,43.575857752],[-98.986679852,43.576577318],[-98.9867931,43.576577684],[-98.986797493,43.575858117],[-98.986684246,43.575857752]]]}},
{"type":"Feature","properties":{"plot_id":7,"poly_line":"1_1","strip_id":34},"geometry":{"type":"Polygon","coordinates":[[[-98.986679852,43.576577318],[-98.986675457,43.577296884],[-98.986788707,43.57729725],[-98.9867931,43.576577684],[-98.986679852,43.576577318]]]}},
{"type":"Feature","properties":{"plot_id":8,"poly_line":"1_1","strip_id":34},"geometry":{"type":"Polygon","coordinates":[[[-98.986675457,43.577296884],[-98.986671063,43.578016451],[-98.986784314,43.578016816],[-98.986788707,43.57729725],[-98.986675457,43.577296884]]]}},
{"type":"Feature","properties":{"plot_id":1,"poly_line":"1_1","strip_id":35},"geometry":{"type":"Polygon","coordinates":[[[-98.986819455,43.572260485],[-98.986815062,43.572980118],[-98.986928303,43.572980483],[-98.986932695,43.57226085],[-98.986819455,43.572260485]]]}},
{"type":"Feature","properties":{"plot_id":2,"poly_line":"1_1","strip_id":35},"geometry":{"type":"Polygon","coordinates":[[[-98.986815062,43.572980118],[-98.986810669,43.57369975],[-98.986923912,43.573700115],[-98.986928303,43.572980483],[-98.986815062,43.572980118]]]}},
{"type":"Feature","properties":{"plot_id":3,"poly_line":"1_1","strip_id":35},"geometry":{"type":"Polygon","coordinates":[[[-98.986810669,43.57369975],[-98.986806276,43.574419382],[-98.98691952,43.574419747],[-98.986923912,43.573700115],[-98.986810669,43.57369975]]]}},
{"type":"Feature","properties":{"plot_id":4,"poly_line":"1_1","strip_id":35},"geometry":{"type":"Polygon","coordinates":[[[-98.986806276,43.574419382],[-98.986801883,43.575139014],[-98.986915129,43.57513938],[-98.98691952,43.574419747],[-98.986806276,43.574419382]]]}},
{"type":"Feature","properties":{"plot_id":5,"poly_line":"1_1","strip_id":35},"geometry":{"type":"Polygon","coordinates":[[[-98.986801883,43.575139014],[-98.98679749,43.575858646],[-98.986910737,43.575859012],[-98.986915129,43.57513938],[-98.986801883,43.575139014]]]}},
{"type":"Feature","properties":{"plot_id":6,"poly_line":"1_1","strip_id":35},"geometry":{"type":"Polygon","coordinates":[[[-98.98679749,43.575858646],[-98.986793096,43.576578278],[-98.986906345,43.576578644],[-98.986910737,43.575859012],[-98.98679749,43.575858646]]]}},
{"type":"Feature","properties":{"plot_id":7,"poly_line":"1_1","strip_id":35},"geometry":{"type":"Polygon","coordinates":[[[-98.986793096,43.576578278],[-98.986788703,43.57729791],[-98.986901953,43.577298276],[-98.986906345,43.576578644],[-98.986793096,43.576578278]]]}},
{"type":"Feature","properties":{"plot_id":8,"poly_line":"1_1","strip_id":35},"geometry":{"type":"Polygon","coordinates":[[[-98.986788703,43.57729791],[-98.986784309,43.578017542],[-98.98689756,43.578017907],[-98.986901953,43.577298276],[-98.986788703,43.57729791]]]}},
{"type":"Feature","properties":{"plot_id":1,"poly_line":"1_1","strip_id":36},"geometry":{"type":"Polygon","coordinates":[[[-98.986932694,43.572261052],[-98.986928302,43.57298075],[-98.987041543,43.572981115],[-98.987045934,43.572261417],[-98.986932694,43.572261052]]]}},
{"type":"Feature","properties":{"plot_id":2,"poly_line":"1_1","strip_id":36},"geometry":{"type":"Polygon","coordinates":[[[-98.986928302,43.57298075],[-98.98692391,43.573700448],[-98.987037153,43.573700813],[-98.987041543,43.572981115],[-98.986928302,43.57298075]]]}},
{"type":"Feature","properties":{"plot_id":3,"poly_line":"1_1","strip_id":36},"geometry":{"type":"Polygon","coordinates":[[[-98.98692391,43.573700448],[-98.986919518,43.574420145],[-98.987032762,43.574420511],[-98.987037153,43.573700813],[-98.98692391,43.573700448]]]}},
{"type":"Feature","properties":{"plot_id":4,"poly_line":"1_1","strip_id":36},"geometry":{"type":"Polygon","coordinates":[[[-98.986919518,43.574420145],[-98.986915126,43.575139843],[-98.987028371,43.575140208],[-98.987032762,43.574420511],[-98.986919518,43.574420145]]]}},
{"type":"Feature","properties":{"plot_id":5,"poly_line":"1_1","strip_id":36},"geometry":{"type":"Polygon","coordinates":[[[-98.986915126,43.575139843],[-98.986910733,43.575859541],[-98.98702398,43.575859906],[-98.987028371,43.575140208],[-98.986915126,43.575139843]]]}},
{"type":"Feature","properties":{"plot_id":6,"poly_line":"1_1","strip_id":36},"geometry":{"type":"Polygon","coordinates":[[[-98.986910733,43.575859541],[-98.986906341,43.576579238],[-98.987019589,43.576579604],[-98.98702398,43.575859906],[-98.986910733,43.575859541]]]}},
{"type":"Feature","properties":{"plot_id":7,"poly_line":"1_1","strip_id":36},"geometry":{"type":"Polygon","coordinates":[[[-98.986906341,43.576579238],[-98.986901949,43.577298936],[-98.987015198,43.577299301],[-98.987019589,43.576579604],[-98.986906341,43.576579238]]]}},
{"type":"Feature","properties":{"plot_id":8,"poly_line":"1_1","strip_id":36},"geometry":{"type":"Polygon","coordinates":[[[-98.986901949,43.577298936],[-98.986897556,43.578018633],[-98.987010807,43.578018999],[-98.987015198,43.577299301],[-98.986901949,43.577298936]]]}},
{"type":"Feature","properties":{"plot_id":1,"poly_line":"1_1","strip_id":37},"geometry":{"type":"Polygon","coordinates":[[[-98.987045933,43.572261618],[-98.987041542,43.572981382],[-98.987154784,43.572981747],[-98.987159173,43.572261983],[-98.987045933,43.572261618]]]}},
{"type":"Feature","properties":{"plot_id":2,"poly_line":"1_1","strip_id":37},"geometry":{"type":"Polygon","coordinates":[[[-98.987041542,43.572981382],[-98.987037151,43.573701145],[-98.987150394,43.57370151],[-98.987154784,43.572981747],[-98.987041542,43.572981382]]]}},
{"type":"Feature","properties":{"plot_id":3,"poly_line":"1_1","strip_id":37},"geometry":{"type":"Polygon","coordinates":[[[-98.987037151,43.573701145],[-98.98703276,43.574420909],[-98.987146004,43.574421274],[-98.987150394,43.57370151],[-98.987037151,43.573701145]]]}},
{"type":"Feature","properties":{"plot_id":4,"poly_line":"1_1","strip_id":37},"geometry":{"type":"Polygon","coordinates":[[[-98.98703276,43.574420909],[-98.987028369,43.575140672],[-98.987141614,43.575141037],[-98.987146004,43.574421274],[-98.98703276,43.574420909]]]}},
{"type":"Feature","properties":{"plot_id":5,"poly_line":"1_1","strip_id":37},"geometry":{"type":"Polygon","coordinates":[[[-98.987028369,43.575140672],[-98.987023977,43.575860435],[-98.987137224,43.5758608],[-98.987141614,43.575141037],[-98.987028369,43.575140672]]]}},
{"type":"Feature","properties":{"plot_id":6,"poly_line":"1_1","strip_id":37},"geometry":{"type":"Polygon","coordinates":[[[-98.987023977,43.575860435],[-98.987019586,43.576580198],[-98.987132834,43.576580563],[-98.987137224,43.5758608],[-98.987023977,43.575860435]]]}},
{"type":"Feature","properties":{"plot_id":7,"poly_line":"1_1","strip_id":37},"geometry":{"type":"Polygon","coordinates":[[[-98.987019586,43.576580198],[-98.987015194,43.577299961],[-98.987128444,43.577300327],[-98.987132834,43.576580563],[-98.987019586,43.576580198]]]}},
{"type":"Feature","properties":{"plot_id":8,"poly_line":"1_1","strip_id":37},"geometry":{"type":"Polygon","coordinates":[[[-98.987015194,43.577299961],[-98.987010803,43.578019724],[-98.987124054,43.57802009],[-98.987128444,43.577300327],[-98.987015194,43.577299961]]]}},
{"type":"Feature","properties":{"plot_id":1,"poly_line":"1_1","strip_id":38},"geometry":{"type":"Polygon","coordinates":[[[-98.987159172,43.572262184],[-98.987154782,43.572982014],[-98.987268024,43.572982379],[-98.987272412,43.572262549],[-98.987159172,43.572262184]]]}},
{"type":"Feature","properties":{"plot_id":2,"poly_line":"1_1","strip_id":38},"geometry":{"type":"Polygon","coordinates":[[[-98.987154782,43.572982014],[-98.987150392,43.573701843],[-98.987263635,43.573702208],[-98.987268024,43.572982379],[-98.987154782,43.572982014]]]}},
{"type":"Feature","properties":{"plot_id":3,"poly_line":"1_1","strip_id":38},"geometry":{"type":"Polygon","coordinates":[[[-98.987150392,43.573701843],[-98.987146002,43.574421672],[-98.987259246,43.574422037],[-98.987263635,43.573702208],[-98.987150392,43.573701843]]]}},
{"type":"Feature","properties":{"plot_id":4,"poly_line":"1_1","strip_id":38},"geometry":{"type":"Polygon","coordinates":[[[-98.987146002,43.574421672],[-98.987141611,43.575141501],[-98.987254857,43.575141866],[-98.987259246,43.574422037],[-98.987146002,43.574421672]]]}},
{"type":"Feature","properties":{"plot_id":5,"poly_line":"1_1","strip_id":38},"geometry":{"type":"Polygon","coordinates":[[[-98.987141611,43.575141501],[-98.987137221,43.575861329],[-98.987250468,43.575861694],[-98.987254857,43.575141866],[-98.987141611,43.575141501]]]}},
{"type":"Feature","properties":{"plot_id":6,"poly_line":"1_1","strip_id":38},"geometry":{"type":"Polygon","coordinates":[[[-98.987137221,43.575861329],[-98.987132831,43.576581158],[-98.987246079,43.576581523],[-98.987250468,43.575861694],[-98.987137221,43.575861329]]]}},
{"type":"Feature","properties":{"plot_id":7,"poly_line":"1_1","strip_id":38},"geometry":{"type":"Polygon","coordinates":[[[-98.987132831,43.576581158],[-98.98712844,43.577300987],[-98.98724169,43.577301352],[-98.987246079,43.576581523],[-98.987132831,43.576581158]]]}},
{"type":"Feature","properties":{"plot_id":8,"poly_line":"1_1","strip_id":38},"geometry":{"type":"Polygon","coordinates":[[[-98.98712844,43.577300987],[-98.987124049,43.578020815],[-98.9872373,43.57802118],[-98.98724169,43.577301352],[-98.98712844,43.577300987]]]}},
{"type":"Feature","properties":{"plot_id":1,"poly_line":"1_1","strip_id":39},"geometry":{"type":"Polygon","coordinates":[[[-98.987272411,43.572262751],[-98.987268022,43.572982645],[-98.987381264,43.57298301],[-98.987385651,43.572263115],[-98.987272411,43.572262751]]]}},
{"type":"Feature","properties":{"plot_id":2,"poly_line":"1_1","strip_id":39},"geometry":{"type":"Polygon","coordinates":[[[-98.987268022,43.572982645],[-98.987263633,43.57370254],[-98.987376876,43.573702905],[-98.987381264,43.57298301],[-98.987268022,43.572982645]]]}},
{"type":"Feature","properties":{"plot_id":3,"poly_line":"1_1","strip_id":39},"geometry":{"type":"Polygon","coordinates":[[[-98.987263633,43.57370254],[-98.987259244,43.574422435],[-98.987372488,43.5744228],[-98.987376876,43.573702905],[-98.987263633,43.57370254]]]}},
{"type":"Feature","properties":{"plot_id":4,"poly_line":"1_1","strip_id":39},"geometry":{"type":"Polygon","coordinates":[[[-98.987259244,43.574422435],[-98.987254854,43.575142329],[-98.9873681,43.575142694],[-98.987372488,43.5744228],[-98.987259244,43.574422435]]]}},
{"type":"Feature","properties":{"plot_id":5,"poly_line":"1_1","strip_id":39},"geometry":{"type":"Polygon","coordinates":[[[-98.987254854,43.575142329],[-98.987250465,43.575862224],[-98.987363712,43.575862588],[-98.9873681,43.575142694],[-98.987254854,43.575142329]]]}},
{"type":"Feature","properties":{"plot_id":6,"poly_line":"1_1","strip_id":39},"geometry":{"type":"Polygon","coordinates":[[[-98.987250465,43.575862224],[-98.987246075,43.576582118],[-98.987359324,43.576582483],[-98.987363712,43.575862588],[-98.987250465,43.575862224]]]}},
{"type":"Feature","properties":{"plot_id":7,"poly_line":"1_1","strip_id":39},"geometry":{"type":"Polygon","coordinates":[[[-98.987246075,43.576582118],[-98.987241686,43.577302012],[-98.987354935,43.577302377],[-98.987359324,43.576582483],[-98.987246075,43.576582118]]]}},
{"type":"Feature","properties":{"plot_id":8,"poly_line":"1_1","strip_id":39},"geometry":{"type":"Polygon","coordinates":[[[-98.987241686,43.577302012],[-98.987237296,43.578021906],[-98.987350547,43.578022271],[-98.987354935,43.577302377],[-98.987241686,43.577302012]]]}},
{"type":"Feature","properties":{"plot_id":1,"poly_line":"1_1","strip_id":40},"geometry":{"type":"Polygon","coordinates":[[[-98.98738565,43.572263314],[-98.987381262,43.572983275],[-98.987494504,43.572983639],[-98.98749889,43.572263679],[-98.98738565,43.572263314]]]}},
{"type":"Feature","properties":{"plot_id":2,"poly_line":"1_1","strip_id":40},"geometry":{"type":"Polygon","coordinates":[[[-98.987381262,43.572983275],[-98.987376874,43.573703235],[-98.987490117,43.5737036],[-98.987494504,43.572983639],[-98.987381262,43.572983275]]]}},
{"type":"Feature","properties":{"plot_id":3,"poly_line":"1_1","strip_id":40},"geometry":{"type":"Polygon","coordinates":[[[-98.987376874,43.573703235],[-98.987372486,43.574423196],[-98.98748573,43.574423561],[-98.987490117,43.5737036],[-98.987376874,43.573703235]]]}},
{"type":"Feature","properties":{"plot_id":4,"poly_line":"1_1","strip_id":40},"geometry":{"type":"Polygon","coordinates":[[[-98.987372486,43.574423196],[-98.987368097,43.575143156],[-98.987481343,43.575143521],[-98.98748573,43.574423561],[-98.987372486,43.574423196]]]}},
{"type":"Feature","properties":{"plot_id":5,"poly_line":"1_1","strip_id":40},"geometry":{"type":"Polygon","coordinates":[[[-98.987368097,43.575143156],[-98.987363709,43.575863117],[-98.987476956,43.575863481],[-98.987481343,43.575143521],[-98.987368097,43.575143156]]]}},
{"type":"Feature","properties":{"plot_id":6,"poly_line":"1_1","strip_id":40},"geometry":{"type":"Polygon","coordinates":[[[-98.987363709,43.575863117],[-98.98735932,43.576583077],[-98.987472569,43.576583442],[-98.987476956,43.575863481],[-98.987363709,43.575863117]]]}},
{"type":"Feature","properties":{"plot_id":7,"poly_line":"1_1","strip_id":40},"geometry":{"type":"Polygon","coordinates":[[[-98.98735932,43.576583077],[-98.987354931,43.577303037],[-98.987468181,43.577303402],[-98.987472569,43.576583442],[-98.98735932,43.576583077]]]}},
{"type":"Feature","properties":{"plot_id":8,"poly_line":"1_1","strip_id":40},"geometry":{"type":"Polygon","coordinates":[[[-98.987354931,43.577303037],[-98.987350543,43.578022997],[-98.987463794,43.578023362],[-98.987468181,43.577303402],[-98.987354931,43.577303037]]]}},
{"type":"Feature","properties":{"plot_id":1,"poly_line":"1_1","strip_id":41},"geometry":{"type":"Polygon","coordinates":[[[-98.987498889,43.572263876],[-98.987494502,43.572983903],[-98.987607744,43.572984267],[-98.987612129,43.57226424],[-98.987498889,43.572263876]]]}},
{"type":"Feature","properties":{"plot_id":2,"poly_line":"1_1","strip_id":41},"geometry":{"type":"Polygon","coordinates":[[[-98.987494502,43.572983903],[-98.987490115,43.573703929],[-98.987603358,43.573704294],[-98.987607744,43.572984267],[-98.987494502,43.572983903]]]}},
{"type":"Feature","properties":{"plot_id":3,"poly_line":"1_1","strip_id":41},"geometry":{"type":"Polygon","coordinates":[[[-98.987490115,43.573703929],[-98.987485727,43.574423956],[-98.987598972,43.574424321],[-98.987603358,43.573704294],[-98.987490115,43.573703929]]]}},
{"type":"Feature","properties":{"plot_id":4,"poly_line":"1_1","strip_id":41},"geometry":{"type":"Polygon","coordinates":[[[-98.987485727,43.574423956],[-98.98748134,43.575143982],[-98.987594586,43.575144347],[-98.987598972,43.574424321],[-98.987485727,43.574423956]]]}},
{"type":"Feature","properties":{"plot_id":5,"poly_line":"1_1","strip_id":41},"geometry":{"type":"Polygon","coordinates":[[[-98.98748134,43.575143982],[-98.987476953,43.575864009],[-98.9875902,43.575864374],[-98.987594586,43.575144347],[-98.98748134,43.575143982]]]}},
{"type":"Feature","properties":{"plot_id":6,"poly_line":"1_1","strip_id":41},"geometry":{"type":"Polygon","coordinates":[[[-98.987476953,43.575864009],[-98.987472565,43.576584035],[-98.987585813,43.5765844],[-98.9875902,43.575864374],[-98.987476953,43.575864009]]]}},
{"type":"Feature","properties":{"plot_id":7,"poly_line":"1_1","strip_id":41},"geometry":{"type":"Polygon","coordinates":[[[-98.987472565,43.576584035],[-98.987468177,43.577304062],[-98.987581427,43.577304426],[-98.987585813,43.5765844],[-98.987472565,43.576584035]]]}},
{"type":"Feature","properties":{"plot_id":8,"poly_line":"1_1","strip_id":41},"geometry":{"type":"Polygon","coordinates":[[[-98.987468177,43.577304062],[-98.987463789,43.578024088],[-98.98757704,43.578024452],[-98.987581427,43.577304426],[-98.987468177,43.577304062]]]}},
{"type":"Feature","properties":{"plot_id":1,"poly_line":"1_1","strip_id":42},"geometry":{"type":"Polygon","coordinates":[[[-98.987612128,43.572264437],[-98.987607742,43.57298453],[-98.987720984,43.572984895],[-98.987725368,43.572264802],[-98.987612128,43.572264437]]]}},
{"type":"Feature","properties":{"plot_id":2,"poly_line":"1_1","strip_id":42},"geometry":{"type":"Polygon","coordinates":[[[-98.987607742,43.57298453],[-98.987603356,43.573704623],[-98.987716599,43.573704988],[-98.987720984,43.572984895],[-98.987607742,43.57298453]]]}},
{"type":"Feature","properties":{"plot_id":3,"poly_line":"1_1","strip_id":42},"geometry":{"type":"Polygon","coordinates":[[[-98.987603356,43.573704623],[-98.987598969,43.574424716],[-98.987712214,43.57442508],[-98.987716599,43.573704988],[-98.987603356,43.573704623]]]}},
{"type":"Feature","properties":{"plot_id":4,"poly_line":"1_1","strip_id":42},"geometry":{"type":"Polygon","coordinates":[[[-98.987598969,43.574424716],[-98.987594583,43.575144809],[-98.987707829,43.575145173],[-98.987712214,43.57442508],[-98.987598969,43.574424716]]]}},
{"type":"Feature","properties":{"plot_id":5,"poly_line":"1_1","strip_id":42},"geometry":{"type":"Polygon","coordinates":[[[-98.987594583,43.575144809],[-98.987590196,43.575864901],[-98.987703443,43.575865266],[-98.987707829,43.575145173],[-98.987594583,43.575144809]]]}},
{"type":"Feature","properties":{"plot_id":6,"poly_line":"1_1","strip_id":42},"geometry":{"type":"Polygon","coordinates":[[[-98.987590196,43.575864901],[-98.98758581,43.576584994],[-98.987699058,43.576585358],[-98.987703443,43.575865266],[-98.987590196,43.575864901]]]}},
{"type":"Feature","properties":{"plot_id":7,"poly_line":"1_1","strip_id":42},"geometry":{"type":"Polygon","coordinates":[[[-98.98758581,43.576584994],[-98.987581423,43.577305086],[-98.987694673,43.577305451],[-98.987699058,43.576585358],[-98.98758581,43.576584994]]]}},
{"type":"Feature","properties":{"plot_id":8,"poly_line":"1_1","strip_id":42},"geometry":{"type":"Polygon","coordinates":[[[-98.987581423,43.577305086],[-98.987577036,43.578025178],[-98.987690287,43.578025543],[-98.987694673,43.577305451],[-98.987581423,43.577305086]]]}},
{"type":"Feature","properties":{"plot_id":1,"poly_line":"1_1","strip_id":43},"geometry":{"type":"Polygon","coordinates":[[[-98.987725367,43.572264999],[-98.987720982,43.572985158],[-98.987834224,43.572985522],[-98.987838608,43.572265363],[-98.987725367,43.572264999]]]}},
{"type":"Feature","properties":{"plot_id":2,"poly_line":"1_1","strip_id":43},"geometry":{"type":"Polygon","coordinates":[[[-98.987720982,43.572985158],[-98.987716597,43.573705317],[-98.98782984,43.573705681],[-98.987834224,43.572985522],[-98.987720982,43.572985158]]]}},
{"type":"Feature","properties":{"plot_id":3,"poly_line":"1_1","strip_id":43},"geometry":{"type":"Polygon","coordinates":[[[-98.987716597,43.573705317],[-98.987712211,43.574425476],[-98.987825456,43.57442584],[-98.98782984,43.573705681],[-98.987716597,43.573705317]]]}},
{"type":"Feature","properties":{"plot_id":4,"poly_line":"1_1","strip_id":43},"geometry":{"type":"Polygon","coordinates":[[[-98.987712211,43.574425476],[-98.987707826,43.575145635],[-98.987821072,43.575145999],[-98.987825456,43.57442584],[-98.987712211,43.574425476]]]}},
{"type":"Feature","properties":{"plot_id":5,"poly_line":"1_1","strip_id":43},"geometry":{"type":"Polygon","coordinates":[[[-98.987707826,43.575145635],[-98.98770344,43.575865793],[-98.987816687,43.575866158],[-98.987821072,43.575145999],[-98.987707826,43.575145635]]]}},
{"type":"Feature","properties":{"plot_id":6,"poly_line":"1_1","strip_id":43},"geometry":{"type":"Polygon","coordinates":[[[-98.98770344,43.575865793],[-98.987699054,43.576585952],[-98.987812303,43.576586316],[-98.987816687,43.575866158],[-98.98770344,43.575865793]]]}},
{"type":"Feature","properties":{"plot_id":7,"poly_line":"1_1","strip_id":43},"geometry":{"type":"Polygon","coordinates":[[[-98.987699054,43.576585952],[-98.987694669,43.57730611],[-98.987807918,43.577306475],[-98.987812303,43.576586316],[-98.987699054,43.576585952]]]}},
{"type":"Feature","properties":{"plot_id":8,"poly_line":"1_1","strip_id":43},"geometry":{"type":"Polygon","coordinates":[[[-98.987694669,43.57730611],[-98.987690283,43.578026269],[-98.987803534,43.578026633],[-98.987807918,43.577306475],[-98.987694669,43.57730611]]]}},
{"type":"Feature","properties":{"plot_id":1,"poly_line":"1_1","strip_id":44},"geometry":{"type":"Polygon","coordinates":[[[-98.987838606,43.57226556],[-98.987834222,43.572985786],[-98.987947464,43.57298615],[-98.987951847,43.572265925],[-98.987838606,43.57226556]]]}},
{"type":"Feature","properties":{"plot_id":2,"poly_line":"1_1","strip_id":44},"geometry":{"type":"Polygon","coordinates":[[[-98.987834222,43.572985786],[-98.987829838,43.573706011],[-98.987943081,43.573706375],[-98.987947464,43.57298615],[-98.987834222,43.572985786]]]}},
{"type":"Feature","properties":{"plot_id":3,"poly_line":"1_1","strip_id":44},"geometry":{"type":"Polygon","coordinates":[[[-98.987829838,43.573706011],[-98.987825453,43.574426236],[-98.987938698,43.5744266],[-98.987943081,43.573706375],[-98.987829838,43.573706011]]]}},
{"type":"Feature","properties":{"plot_id":4,"poly_line":"1_1","strip_id":44},"geometry":{"type":"Polygon","coordinates":[[[-98.987825453,43.574426236],[-98.987821069,43.57514646],[-98.987934314,43.575146825],[-98.987938698,43.5744266],[-98.987825453,43.574426236]]]}},
{"type":"Feature","properties":{"plot_id":5,"poly_line":"1_1","strip_id":44},"geometry":{"type":"Polygon","coordinates":[[[-98.987821069,43.57514646],[-98.987816684,43.575866685],[-98.987929931,43.57586705],[-98.987934314,43.575146825],[-98.987821069,43.57514646]]]}},
{"type":"Feature","properties":{"plot_id":6,"poly_line":"1_1","strip_id":44},"geometry":{"type":"Polygon","coordinates":[[[-98.987816684,43.575866685],[-98.987812299,43.57658691],[-98.987925548,43.576587274],[-98.987929931,43.57586705],[-98.987816684,43.575866685]]]}},
{"type":"Feature","properties":{"plot_id":7,"poly_line":"1_1","strip_id":44},"geometry":{"type":"Polygon","coordinates":[[[-98.987812299,43.57658691],[-98.987807914,43.577307135],[-98.987921164,43.577307499],[-98.987925548,43.576587274],[-98.987812299,43.57658691]]]}},
{"type":"Feature","properties":{"plot_id":8,"poly_line":"1_1","strip_id":44},"geometry":{"type":"Polygon","coordinates":[[[-98.987807914,43.577307135],[-98.987803529,43.578027359],[-98.98791678,43.578027723],[-98.987921164,43.577307499],[-98.987807914,43.577307135]]]}},
{"type":"Feature","properties":{"plot_id":1,"poly_line":"1_1","strip_id":45},"geometry":{"type":"Polygon","coordinates":[[[-98.987951845,43.572266122],[-98.987947462,43.572986413],[-98.988060704,43.572986777],[-98.988065086,43.572266486],[-98.987951845,43.572266122]]]}},
{"type":"Feature","properties":{"plot_id":2,"poly_line":"1_1","strip_id":45},"geometry":{"type":"Polygon","coordinates":[[[-98.987947462,43.572986413],[-98.987943079,43.573706704],[-98.988056322,43.573707068],[-98.988060704,43.572986777],[-98.987947462,43.572986413]]]}},
{"type":"Feature","properties":{"plot_id":3,"poly_line":"1_1","strip_id":45},"geometry":{"type":"Polygon","coordinates":[[[-98.987943079,43.573706704],[-98.987938695,43.574426995],[-98.98805194,43.57442736],[-98.988056322,43.573707068],[-98.987943079,43.573706704]]]}},
{"type":"Feature","properties":{"plot_id":4,"poly_line":"1_1","strip_id":45},"geometry":{"type":"Polygon","coordinates":[[[-98.987938695,43.574426995],[-98.987934312,43.575147286],[-98.988047557,43.575147651],[-98.98805194,43.57442736],[-98.987938695,43.574426995]]]}},
{"type":"Feature","properties":{"plot_id":5,"poly_line":"1_1","strip_id":45},"geometry":{"type":"Polygon","coordinates":[[[-98.987934312,43.575147286],[-98.987929928,43.575867577],[-98.988043175,43.575867941],[-98.988047557,43.575147651],[-98.987934312,43.575147286]]]}},
{"type":"Feature","properties":{"plot_id":6,"poly_line":"1_1","strip_id":45},"geometry":{"type":"Polygon","coordinates":[[[-98.987929928,43.575867577],[-98.987925544,43.576587868],[-98.988038792,43.576588232],[-98.988043175,43.575867941],[-98.987929928,43.575867577]]]}},
{"type":"Feature","properties":{"plot_id":7,"poly_line":"1_1","strip_id":45},"geometry":{"type":"Polygon","coordinates":[[[-98.987925544,43.576587868],[-98.98792116,43.577308159],[-98.98803441,43.577308523],[-98.988038792,43.576588232],[-98.987925544,43.576587868]]]}},
{"type":"Feature","properties":{"plot_id":8,"poly_line":"1_1","strip_id":45},"geometry":{"type":"Polygon","coordinates":[[[-98.98792116,43.577308159],[-98.987916776,43.578028449],[-98.988030027,43.578028814],[-98.98803441,43.577308523],[-98.98792116,43.577308159]]]}},
{"type":"Feature","properties":{"plot_id":1,"poly_line":"1_1","strip_id":46},"geometry":{"type":"Polygon","coordinates":[[[-98.988065085,43.572266683],[-98.988060702,43.57298704],[-98.988173944,43.572987405],[-98.988178325,43.572267047],[-98.988065085,43.572266683]]]}},
{"type":"Feature","properties":{"plot_id":2,"poly_line":"1_1","strip_id":46},"geometry":{"type":"Polygon","coordinates":[[[-98.988060702,43.57298704],[-98.98805632,43.573707398],[-98.988169563,43.573707762],[-98.988173944,43.572987405],[-98.988060702,43.57298704]]]}},
{"type":"Feature","properties":{"plot_id":3,"poly_line":"1_1","strip_id":46},"geometry":{"type":"Polygon","coordinates":[[[-98.98805632,43.573707398],[-98.988051937,43.574427755],[-98.988165182,43.574428119],[-98.988169563,43.573707762],[-98.98805632,43.573707398]]]}},
{"type":"Feature","properties":{"plot_id":4,"poly_line":"1_1","strip_id":46},"geometry":{"type":"Polygon","coordinates":[[[-98.988051937,43.574427755],[-98.988047555,43.575148112],[-98.9881608,43.575148476],[-98.988165182,43.574428119],[-98.988051937,43.574427755]]]}},
{"type":"Feature","properties":{"plot_id":5,"poly_line":"1_1","strip_id":46},"geometry":{"type":"Polygon","coordinates":[[[-98.988047555,43.575148112],[-98.988043172,43.575868469],[-98.988156419,43.575868833],[-98.9881608,43.575148476],[-98.988047555,43.575148112]]]}},
{"type":"Feature","properties":{"plot_id":6,"poly_line":"1_1","strip_id":46},"geometry":{"type":"Polygon","coordinates":[[[-98.988043172,43.575868469],[-98.988038789,43.576588826],[-98.988152037,43.57658919],[-98.988156419,43.575868833],[-98.988043172,43.575868469]]]}},
{"type":"Feature","properties":{"plot_id":7,"poly_line":"1_1","strip_id":46},"geometry":{"type":"Polygon","coordinates":[[[-98.988038789,43.576588826],[-98.988034406,43.577309183],[-98.988147656,43.577309547],[-98.988152037,43.57658919],[-98.988038789,43.576588826]]]}},
{"type":"Feature","properties":{"plot_id":8,"poly_line":"1_1","strip_id":46},"geometry":{"type":"Polygon","coordinates":[[[-98.988034406,43.577309183],[-98.988030023,43.578029539],[-98.988143274,43.578029904],[-98.988147656,43.577309547],[-98.988034406,43.577309183]]]}},
{"type":"Feature","properties":{"plot_id":1,"poly_line":"1_1","strip_id":47},"geometry":{"type":"Polygon","coordinates":[[[-98.988178324,43.572267241],[-98.988173942,43.572987665],[-98.988287184,43.572988029],[-98.988291564,43.572267605],[-98.988178324,43.572267241]]]}},
{"type":"Feature","properties":{"plot_id":2,"poly_line":"1_1","strip_id":47},"geometry":{"type":"Polygon","coordinates":[[[-98.988173942,43.572987665],[-98.988169561,43.573708089],[-98.988282804,43.573708453],[-98.988287184,43.572988029],[-98.988173942,43.572987665]]]}},
{"type":"Feature","properties":{"plot_id":3,"poly_line":"1_1","strip_id":47},"geometry":{"type":"Polygon","coordinates":[[[-98.988169561,43.573708089],[-98.988165179,43.574428512],[-98.988278424,43.574428876],[-98.988282804,43.573708453],[-98.988169561,43.573708089]]]}},
{"type":"Feature","properties":{"plot_id":4,"poly_line":"1_1","strip_id":47},"geometry":{"type":"Polygon","coordinates":[[[-98.988165179,43.574428512],[-98.988160797,43.575148936],[-98.988274043,43.5751493],[-98.988278424,43.574428876],[-98.988165179,43.574428512]]]}},
{"type":"Feature","properties":{"plot_id":5,"poly_line":"1_1","strip_id":47},"geometry":{"type":"Polygon","coordinates":[[[-98.988160797,43.575148936],[-98.988156416,43.575869359],[-98.988269663,43.575869723],[-98.988274043,43.5751493],[-98.988160797,43.575148936]]]}},
{"type":"Feature","properties":{"plot_id":6,"poly_line":"1_1","strip_id":47},"geometry":{"type":"Polygon","coordinates":[[[-98.988156416,43.575869359],[-98.988152034,43.576589783],[-98.988265282,43.576590147],[-98.988269663,43.575869723],[-98.988156416,43.575869359]]]}},
{"type":"Feature","properties":{"plot_id":7,"poly_line":"1_1","strip_id":47},"geometry":{"type":"Polygon","coordinates":[[[-98.988152034,43.576589783],[-98.988147652,43.577310206],[-98.988260901,43.57731057],[-98.988265282,43.576590147],[-98.988152034,43.576589783]]]}},
{"type":"Feature","properties":{"plot_id":8,"poly_line":"1_1","strip_id":47},"geometry":{"type":"Polygon","coordinates":[[[-98.988147652,43.577310206],[-98.988143269,43.578030629],[-98.988256521,43.578030993],[-98.988260901,43.57731057],[-98.988147652,43.577310206]]]}},
{"type":"Feature","properties":{"plot_id":1,"poly_line":"1_1","strip_id":48},"geometry":{"type":"Polygon","coordinates":[[[-98.988291563,43.572267792],[-98.988287182,43.572988283],[-98.988400424,43.572988647],[-98.988404803,43.572268156],[-98.988291563,43.572267792]]]}},
{"type":"Feature","properties":{"plot_id":2,"poly_line":"1_1","strip_id":48},"geometry":{"type":"Polygon","coordinates":[[[-98.988287182,43.572988283],[-98.988282802,43.573708775],[-98.988396045,43.573709138],[-98.988400424,43.572988647],[-98.988287182,43.572988283]]]}},
{"type":"Feature","properties":{"plot_id":3,"poly_line":"1_1","strip_id":48},"geometry":{"type":"Polygon","coordinates":[[[-98.988282802,43.573708775],[-98.988278421,43.574429266],[-98.988391666,43.574429629],[-98.988396045,43.573709138],[-98.988282802,43.573708775]]]}},
{"type":"Feature","properties":{"plot_id":4,"poly_line":"1_1","strip_id":48},"geometry":{"type":"Polygon","coordinates":[[[-98.988278421,43.574429266],[-98.98827404,43.575149757],[-98.988387286,43.57515012],[-98.988391666,43.574429629],[-98.988278421,43.574429266]]]}},
{"type":"Feature","properties":{"plot_id":5,"poly_line":"1_1","strip_id":48},"geometry":{"type":"Polygon","coordinates":[[[-98.98827404,43.575149757],[-98.988269659,43.575870247],[-98.988382907,43.575870611],[-98.988387286,43.57515012],[-98.98827404,43.575149757]]]}},
{"type":"Feature","properties":{"plot_id":6,"poly_line":"1_1","strip_id":48},"geometry":{"type":"Polygon","coordinates":[[[-98.988269659,43.575870247],[-98.988265278,43.576590738],[-98.988378527,43.576591102],[-98.988382907,43.575870611],[-98.988269659,43.575870247]]]}},
{"type":"Feature","properties":{"plot_id":7,"poly_line":"1_1","strip_id":48},"geometry":{"type":"Polygon","coordinates":[[[-98.988265278,43.576590738],[-98.988260897,43.577311229],[-98.988374147,43.577311593],[-98.988378527,43.576591102],[-98.988265278,43.576590738]]]}},
{"type":"Feature","properties":{"plot_id":8,"poly_line":"1_1","strip_id":48},"geometry":{"type":"Polygon","coordinates":[[[-98.988260897,43.577311229],[-98.988256516,43.578031719],[-98.988369767,43.578032083],[-98.988374147,43.577311593],[-98.988260897,43.577311229]]]}},
{"type":"Feature","properties":{"plot_id":1,"poly_line":"1_1","strip_id":49},"geometry":{"type":"Polygon","coordinates":[[[-98.988404801,43.572268549],[-98.988400421,43.572989082],[-98.988513663,43.572989446],[-98.988518041,43.572268913],[-98.988404801,43.572268549]]]}},
{"type":"Feature","properties":{"plot_id":2,"poly_line":"1_1","strip_id":49},"geometry":{"type":"Polygon","coordinates":[[[-98.988400421,43.572989082],[-98.988396042,43.573709615],[-98.988509285,43.573709978],[-98.988513663,43.572989446],[-98.988400421,43.572989082]]]}},
{"type":"Feature","properties":{"plot_id":3,"poly_line":"1_1","strip_id":49},"geometry":{"type":"Polygon","coordinates":[[[-98.988396042,43.573709615],[-98.988391662,43.574430147],[-98.988504907,43.574430511],[-98.988509285,43.573709978],[-98.988396042,43.573709615]]]}},
{"type":"Feature","properties":{"plot_id":4,"poly_line":"1_1","strip_id":49},"geometry":{"type":"Polygon","coordinates":[[[-98.988391662,43.574430147],[-98.988387283,43.57515068],[-98.988500528,43.575151044],[-98.988504907,43.574430511],[-98.988391662,43.574430147]]]}},
{"type":"Feature","properties":{"plot_id":5,"poly_line":"1_1","strip_id":49},"geometry":{"type":"Polygon","coordinates":[[[-98.988387283,43.57515068],[-98.988382903,43.575871212],[-98.98849615,43.575871576],[-98.988500528,43.575151044],[-98.988387283,43.57515068]]]}},
{"type":"Feature","properties":{"plot_id":6,"poly_line":"1_1","strip_id":49},"geometry":{"type":"Polygon","coordinates":[[[-98.988382903,43.575871212],[-98.988378523,43.576591745],[-98.988491771,43.576592108],[-98.98849615,43.575871576],[-98.988382903,43.575871212]]]}},
{"type":"Feature","properties":{"plot_id":7,"poly_line":"1_1","strip_id":49},"geometry":{"type":"Polygon","coordinates":[[[-98.988378523,43.576591745],[-98.988374143,43.577312277],[-98.988487393,43.577312641],[-98.988491771,43.576592108],[-98.988378523,43.576591745]]]}},
{"type":"Feature","properties":{"plot_id":8,"poly_line":"1_1","strip_id":49},"geometry":{"type":"Polygon","coordinates":[[[-98.988374143,43.577312277],[-98.988369763,43.578032809],[-98.988483014,43.578033173],[-98.988487393,43.577312641],[-98.988374143,43.577312277]]]}},
{"type":"Feature","properties":{"plot_id":1,"poly_line":"1_1","strip_id":50},"geometry":{"type":"Polygon","coordinates":[[[-98.988518039,43.572269329],[-98.98851366,43.572989901],[-98.988626902,43.572990264],[-98.988631279,43.572269693],[-98.988518039,43.572269329]]]}},
{"type":"Feature","properties":{"plot_id":2,"poly_line":"1_1","strip_id":50},"geometry":{"type":"Polygon","coordinates":[[[-98.98851366,43.572989901],[-98.988509282,43.573710472],[-98.988622525,43.573710836],[-98.988626902,43.572990264],[-98.98851366,43.572989901]]]}},
{"type":"Feature","properties":{"plot_id":3,"poly_line":"1_1","strip_id":50},"geometry":{"type":"Polygon","coordinates":[[[-98.988509282,43.573710472],[-98.988504904,43.574431043],[-98.988618148,43.574431407],[-98.988622525,43.573710836],[-98.988509282,43.573710472]]]}},
{"type":"Feature","properties":{"plot_id":4,"poly_line":"1_1","strip_id":50},"geometry":{"type":"Polygon","coordinates":[[[-98.988504904,43.574431043],[-98.988500525,43.575151615],[-98.988613771,43.575151978],[-98.988618148,43.574431407],[-98.988504904,43.574431043]]]}},
{"type":"Feature","properties":{"plot_id":5,"poly_line":"1_1","strip_id":50},"geometry":{"type":"Polygon","coordinates":[[[-98.988500525,43.575151615],[-98.988496146,43.575872186],[-98.988609393,43.575872549],[-98.988613771,43.575151978],[-98.988500525,43.575151615]]]}},
{"type":"Feature","properties":{"plot_id":6,"poly_line":"1_1","strip_id":50},"geometry":{"type":"Polygon","coordinates":[[[-98.988496146,43.575872186],[-98.988491767,43.576592757],[-98.988605016,43.576593121],[-98.988609393,43.575872549],[-98.988496146,43.575872186]]]}},
{"type":"Feature","properties":{"plot_id":7,"poly_line":"1_1","strip_id":50},"geometry":{"type":"Polygon","coordinates":[[[-98.988491767,43.576592757],[-98.988487389,43.577313328],[-98.988600638,43.577313691],[-98.988605016,43.576593121],[-98.988491767,43.576592757]]]}},
{"type":"Feature","properties":{"plot_id":8,"poly_line":"1_1","strip_id":50},"geometry":{"type":"Polygon","coordinates":[[[-98.988487389,43.577313328],[-98.98848301,43.578033899],[-98.988596261,43.578034262],[-98.988600638,43.577313691],[-98.988487389,43.577313328]]]}},
{"type":"Feature","properties":{"plot_id":1,"poly_line":"1_1","strip_id":51},"geometry":{"type":"Polygon","coordinates":[[[-98.988631276,43.572270109],[-98.988626899,43.572990719],[-98.988740141,43.572991083],[-98.988744517,43.572270473],[-98.988631276,43.572270109]]]}},
{"type":"Feature","properties":{"plot_id":2,"poly_line":"1_1","strip_id":51},"geometry":{"type":"Polygon","coordinates":[[[-98.988626899,43.572990719],[-98.988622522,43.57371133],[-98.988735765,43.573711693],[-98.988740141,43.572991083],[-98.988626899,43.572990719]]]}},
{"type":"Feature","properties":{"plot_id":3,"poly_line":"1_1","strip_id":51},"geometry":{"type":"Polygon","coordinates":[[[-98.988622522,43.57371133],[-98.988618145,43.57443194],[-98.988731389,43.574432303],[-98.988735765,43.573711693],[-98.988622522,43.57371133]]]}},
{"type":"Feature","properties":{"plot_id":4,"poly_line":"1_1","strip_id":51},"geometry":{"type":"Polygon","coordinates":[[[-98.988618145,43.57443194],[-98.988613767,43.575152549],[-98.988727013,43.575152913],[-98.988731389,43.574432303],[-98.988618145,43.57443194]]]}},
{"type":"Feature","properties":{"plot_id":5,"poly_line":"1_1","strip_id":51},"geometry":{"type":"Polygon","coordinates":[[[-98.988613767,43.575152549],[-98.98860939,43.575873159],[-98.988722637,43.575873523],[-98.988727013,43.575152913],[-98.988613767,43.575152549]]]}},
{"type":"Feature","properties":{"plot_id":6,"poly_line":"1_1","strip_id":51},"geometry":{"type":"Polygon","coordinates":[[[-98.98860939,43.575873159],[-98.988605012,43.576593769],[-98.98871826,43.576594133],[-98.988722637,43.575873523],[-98.98860939,43.575873159]]]}},
{"type":"Feature","properties":{"plot_id":7,"poly_line":"1_1","strip_id":51},"geometry":{"type":"Polygon","coordinates":[[[-98.988605012,43.576593769],[-98.988600634,43.577314379],[-98.988713884,43.577314742],[-98.98871826,43.576594133],[-98.988605012,43.576593769]]]}},
{"type":"Feature","properties":{"plot_id":8,"poly_line":"1_1","strip_id":51},"geometry":{"type":"Polygon","coordinates":[[[-98.988600634,43.577314379],[-98.988596256,43.578034988],[-98.988709507,43.578035352],[-98.988713884,43.577314742],[-98.988600634,43.577314379]]]}},
{"type":"Feature","properties":{"plot_id":1,"poly_line":"1_1","strip_id":52},"geometry":{"type":"Polygon","coordinates":[[[-98.988744514,43.572270893],[-98.988740138,43.572991542],[-98.98885338,43.572991905],[-98.988857754,43.572271257],[-98.988744514,43.572270893]]]}},
{"type":"Feature","properties":{"plot_id":2,"poly_line":"1_1","strip_id":52},"geometry":{"type":"Polygon","coordinates":[[[-98.988740138,43.572991542],[-98.988735762,43.57371219],[-98.988849005,43.573712553],[-98.98885338,43.572991905],[-98.988740138,43.572991542]]]}},
{"type":"Feature","properties":{"plot_id":3,"poly_line":"1_1","strip_id":52},"geometry":{"type":"Polygon","coordinates":[[[-98.988735762,43.57371219],[-98.988731386,43.574432838],[-98.98884463,43.574433202],[-98.988849005,43.573712553],[-98.988735762,43.57371219]]]}},
{"type":"Feature","properties":{"plot_id":4,"poly_line":"1_1","strip_id":52},"geometry":{"type":"Polygon","coordinates":[[[-98.988731386,43.574432838],[-98.988727009,43.575153486],[-98.988840255,43.57515385],[-98.98884463,43.574433202],[-98.988731386,43.574432838]]]}},
{"type":"Feature","properties":{"plot_id":5,"poly_line":"1_1","strip_id":52},"geometry":{"type":"Polygon","coordinates":[[[-98.988727009,43.575153486],[-98.988722633,43.575874134],[-98.98883588,43.575874498],[-98.988840255,43.57515385],[-98.988727009,43.575153486]]]}},
{"type":"Feature","properties":{"plot_id":6,"poly_line":"1_1","strip_id":52},"geometry":{"type":"Polygon","coordinates":[[[-98.988722633,43.575874134],[-98.988718256,43.576594782],[-98.988831505,43.576595146],[-98.98883588,43.575874498],[-98.988722633,43.575874134]]]}},
{"type":"Feature","properties":{"plot_id":7,"poly_line":"1_1","strip_id":52},"geometry":{"type":"Polygon","coordinates":[[[-98.988718256,43.576594782],[-98.98871388,43.57731543],[-98.98882713,43.577315793],[-98.988831505,43.576595146],[-98.988718256,43.576594782]]]}},
{"type":"Feature","properties":{"plot_id":8,"poly_line":"1_1","strip_id":52},"geometry":{"type":"Polygon","coordinates":[[[-98.98871388,43.57731543],[-98.988709503,43.578036078],[-98.988822754,43.578036441],[-98.98882713,43.577315793],[-98.98871388,43.57731543]]]}},
{"type":"Feature","properties":{"plot_id":1,"poly_line":"1_1","strip_id":53},"geometry":{"type":"Polygon","coordinates":[[[-98.988857752,43.57227168],[-98.988853377,43.572992366],[-98.988966619,43.57299273],[-98.988970992,43.572272043],[-98.988857752,43.57227168]]]}},
{"type":"Feature","properties":{"plot_id":2,"poly_line":"1_1","strip_id":53},"geometry":{"type":"Polygon","coordinates":[[[-98.988853377,43.572992366],[-98.988849002,43.573713052],[-98.988962245,43.573713416],[-98.988966619,43.57299273],[-98.988853377,43.572992366]]]}},
{"type":"Feature","properties":{"plot_id":3,"poly_line":"1_1","strip_id":53},"geometry":{"type":"Polygon","coordinates":[[[-98.988849002,43.573713052],[-98.988844627,43.574433738],[-98.988957871,43.574434102],[-98.988962245,43.573713416],[-98.988849002,43.573713052]]]}},
{"type":"Feature","properties":{"plot_id":4,"poly_line":"1_1","strip_id":53},"geometry":{"type":"Polygon","coordinates":[[[-98.988844627,43.574433738],[-98.988840252,43.575154424],[-98.988953497,43.575154788],[-98.988957871,43.574434102],[-98.988844627,43.574433738]]]}},
{"type":"Feature","properties":{"plot_id":5,"poly_line":"1_1","strip_id":53},"geometry":{"type":"Polygon","coordinates":[[[-98.988840252,43.575154424],[-98.988835876,43.57587511],[-98.988949123,43.575875473],[-98.988953497,43.575154788],[-98.988840252,43.575154424]]]}},
{"type":"Feature","properties":{"plot_id":6,"poly_line":"1_1","strip_id":53},"geometry":{"type":"Polygon","coordinates":[[[-98.988835876,43.57587511],[-98.988831501,43.576595796],[-98.988944749,43.576596159],[-98.988949123,43.575875473],[-98.988835876,43.57587511]]]}},
{"type":"Feature","properties":{"plot_id":7,"poly_line":"1_1","strip_id":53},"geometry":{"type":"Polygon","coordinates":[[[-98.988831501,43.576595796],[-98.988827125,43.577316481],[-98.988940375,43.577316845],[-98.988944749,43.576596159],[-98.988831501,43.576595796]]]}},
{"type":"Feature","properties":{"plot_id":8,"poly_line":"1_1","strip_id":53},"geometry":{"type":"Polygon","coordinates":[[[-98.988827125,43.577316481],[-98.98882275,43.578037167],[-98.988936001,43.57803753],[-98.988940375,43.577316845],[-98.988827125,43.577316481]]]}},
{"type":"Feature","properties":{"plot_id":1,"poly_line":"1_1","strip_id":54},"geometry":{"type":"Polygon","coordinates":[[[-98.98897099,43.572272467],[-98.988966616,43.572993191],[-98.989079858,43.572993554],[-98.98908423,43.57227283],[-98.98897099,43.572272467]]]}},
{"type":"Feature","properties":{"plot_id":2,"poly_line":"1_1","strip_id":54},"geometry":{"type":"Polygon","coordinates":[[[-98.988966616,43.572993191],[-98.988962242,43.573713915],[-98.989075485,43.573714278],[-98.989079858,43.572993554],[-98.988966616,43.572993191]]]}},
{"type":"Feature","properties":{"plot_id":3,"poly_line":"1_1","strip_id":54},"geometry":{"type":"Polygon","coordinates":[[[-98.988962242,43.573713915],[-98.988957868,43.574434638],[-98.989071112,43.574435002],[-98.989075485,43.573714278],[-98.988962242,43.573713915]]]}},
{"type":"Feature","properties":{"plot_id":4,"poly_line":"1_1","strip_id":54},"geometry":{"type":"Polygon","coordinates":[[[-98.988957868,43.574434638],[-98.988953494,43.575155362],[-98.98906674,43.575155725],[-98.989071112,43.574435002],[-98.988957868,43.574434638]]]}},
{"type":"Feature","properties":{"plot_id":5,"poly_line":"1_1","strip_id":54},"geometry":{"type":"Polygon","coordinates":[[[-98.988953494,43.575155362],[-98.98894912,43.575876086],[-98.989062367,43.575876449],[-98.98906674,43.575155725],[-98.988953494,43.575155362]]]}},
{"type":"Feature","properties":{"plot_id":6,"poly_line":"1_1","strip_id":54},"geometry":{"type":"Polygon","coordinates":[[[-98.98894912,43.575876086],[-98.988944745,43.576596809],[-98.989057994,43.576597173],[-98.989062367,43.575876449],[-98.98894912,43.575876086]]]}},
{"type":"Feature","properties":{"plot_id":7,"poly_line":"1_1","strip_id":54},"geometry":{"type":"Polygon","coordinates":[[[-98.988944745,43.576596809],[-98.988940371,43.577317533],[-98.989053621,43.577317896],[-98.989057994,43.576597173],[-98.988944745,43.576596809]]]}},
{"type":"Feature","properties":{"plot_id":8,"poly_line":"1_1","strip_id":54},"geometry":{"type":"Polygon","coordinates":[[[-98.988940371,43.577317533],[-98.988935996,43.578038256],[-98.989049248,43.578038619],[-98.989053621,43.577317896],[-98.988940371,43.577317533]]]}},
{"type":"Feature","properties":{"plot_id":1,"poly_line":"1_1","strip_id":55},"geometry":{"type":"Polygon","coordinates":[[[-98.989084227,43.572273253],[-98.989079855,43.572993915],[-98.989193097,43.572994278],[-98.989197468,43.572273617],[-98.989084227,43.572273253]]]}},
{"type":"Feature","properties":{"plot_id":2,"poly_line":"1_1","strip_id":55},"geometry":{"type":"Polygon","coordinates":[[[-98.989079855,43.572993915],[-98.989075483,43.573714577],[-98.989188726,43.57371494],[-98.989193097,43.572994278],[-98.989079855,43.572993915]]]}},
{"type":"Feature","properties":{"plot_id":3,"poly_line":"1_1","strip_id":55},"geometry":{"type":"Polygon","coordinates":[[[-98.989075483,43.573714577],[-98.989071111,43.574435239],[-98.989184355,43.574435602],[-98.989188726,43.57371494],[-98.989075483,43.573714577]]]}},
{"type":"Feature","properties":{"plot_id":4,"poly_line":"1_1","strip_id":55},"geometry":{"type":"Polygon","coordinates":[[[-98.989071111,43.574435239],[-98.989066739,43.575155901],[-98.989179984,43.575156264],[-98.989184355,43.574435602],[-98.989071111,43.574435239]]]}},
{"type":"Feature","properties":{"plot_id":5,"poly_line":"1_1","strip_id":55},"geometry":{"type":"Polygon","coordinates":[[[-98.989066739,43.575155901],[-98.989062366,43.575876562],[-98.989175613,43.575876925],[-98.989179984,43.575156264],[-98.989066739,43.575155901]]]}},
{"type":"Feature","properties":{"plot_id":6,"poly_line":"1_1","strip_id":55},"geometry":{"type":"Polygon","coordinates":[[[-98.989062366,43.575876562],[-98.989057993,43.576597224],[-98.989171242,43.576597587],[-98.989175613,43.575876925],[-98.989062366,43.575876562]]]}},
{"type":"Feature","properties":{"plot_id":7,"poly_line":"1_1","strip_id":55},"geometry":{"type":"Polygon","coordinates":[[[-98.989057993,43.576597224],[-98.989053621,43.577317885],[-98.989166871,43.577318248],[-98.989171242,43.576597587],[-98.989057993,43.576597224]]]}},
{"type":"Feature","properties":{"plot_id":8,"poly_line":"1_1","strip_id":55},"geometry":{"type":"Polygon","coordinates":[[[-98.989053621,43.577317885],[-98.989049248,43.578038546],[-98.989162499,43.57803891],[-98.989166871,43.577318248],[-98.989053621,43.577317885]]]}},
{"type":"Feature","properties":{"plot_id":1,"poly_line":"1_1","strip_id":56},"geometry":{"type":"Polygon","coordinates":[[[-98.989197465,43.57227404],[-98.989193095,43.572994626],[-98.989306337,43.572994989],[-98.989310706,43.572274403],[-98.989197465,43.57227404]]]}},
{"type":"Feature","properties":{"plot_id":2,"poly_line":"1_1","strip_id":56},"geometry":{"type":"Polygon","coordinates":[[[-98.989193095,43.572994626],[-98.989188725,43.573715213],[-98.989301968,43.573715576],[-98.989306337,43.572994989],[-98.989193095,43.572994626]]]}},
{"type":"Feature","properties":{"plot_id":3,"poly_line":"1_1","strip_id":56},"geometry":{"type":"Polygon","coordinates":[[[-98.989188725,43.573715213],[-98.989184354,43.574435799],[-98.989297599,43.574436162],[-98.989301968,43.573715576],[-98.989188725,43.573715213]]]}},
{"type":"Feature","properties":{"plot_id":4,"poly_line":"1_1","strip_id":56},"geometry":{"type":"Polygon","coordinates":[[[-98.989184354,43.574435799],[-98.989179984,43.575156385],[-98.989293229,43.575156748],[-98.989297599,43.574436162],[-98.989184354,43.574435799]]]}},
{"type":"Feature","properties":{"plot_id":5,"poly_line":"1_1","strip_id":56},"geometry":{"type":"Polygon","coordinates":[[[-98.989179984,43.575156385],[-98.989175613,43.575876971],[-98.98928886,43.575877334],[-98.989293229,43.575156748],[-98.989179984,43.575156385]]]}},
{"type":"Feature","properties":{"plot_id":6,"poly_line":"1_1","strip_id":56},"geometry":{"type":"Polygon","coordinates":[[[-98.989175613,43.575876971],[-98.989171242,43.576597557],[-98.989284491,43.57659792],[-98.98928886,43.575877334],[-98.989175613,43.575876971]]]}},
{"type":"Feature","properties":{"plot_id":7,"poly_line":"1_1","strip_id":56},"geometry":{"type":"Polygon","coordinates":[[[-98.989171242,43.576597557],[-98.989166871,43.577318143],[-98.989280121,43.577318506],[-98.989284491,43.57659792],[-98.989171242,43.576597557]]]}},
{"type":"Feature","properties":{"plot_id":8,"poly_line":"1_1","strip_id":56},"geometry":{"type":"Polygon","coordinates":[[[-98.989166871,43.577318143],[-98.9891625,43.578038729],[-98.989275751,43.578039092],[-98.989280121,43.577318506],[-98.989166871,43.577318143]]]}},
{"type":"Feature","properties":{"plot_id":1,"poly_line":"1_1","strip_id":57},"geometry":{"type":"Polygon","coordinates":[[[-98.989310703,43.572274826],[-98.989306335,43.572995337],[-98.989419576,43.5729957],[-98.989423943,43.572275189],[-98.989310703,43.572274826]]]}},
{"type":"Feature","properties":{"plot_id":2,"poly_line":"1_1","strip_id":57},"geometry":{"type":"Polygon","coordinates":[[[-98.989306335,43.572995337],[-98.989301966,43.573715848],[-98.989415209,43.573716211],[-98.989419576,43.5729957],[-98.989306335,43.572995337]]]}},
{"type":"Feature","properties":{"plot_id":3,"poly_line":"1_1","strip_id":57},"geometry":{"type":"Polygon","coordinates":[[[-98.989301966,43.573715848],[-98.989297597,43.574436359],[-98.989410842,43.574436722],[-98.989415209,43.573716211],[-98.989301966,43.573715848]]]}},
{"type":"Feature","properties":{"plot_id":4,"poly_line":"1_1","strip_id":57},"geometry":{"type":"Polygon","coordinates":[[[-98.989297597,43.574436359],[-98.989293229,43.57515687],[-98.989406474,43.575157233],[-98.989410842,43.574436722],[-98.989297597,43.574436359]]]}},
{"type":"Feature","properties":{"plot_id":5,"poly_line":"1_1","strip_id":57},"geometry":{"type":"Polygon","coordinates":[[[-98.989293229,43.57515687],[-98.98928886,43.57587738],[-98.989402107,43.575877743],[-98.989406474,43.575157233],[-98.989293229,43.57515687]]]}},
{"type":"Feature","properties":{"plot_id":6,"poly_line":"1_1","strip_id":57},"geometry":{"type":"Polygon","coordinates":[[[-98.98928886,43.57587738],[-98.989284491,43.576597891],[-98.989397739,43.576598254],[-98.989402107,43.575877743],[-98.98928886,43.57587738]]]}},
{"type":"Feature","properties":{"plot_id":7,"poly_line":"1_1","strip_id":57},"geometry":{"type":"Polygon","coordinates":[[[-98.989284491,43.576597891],[-98.989280122,43.577318401],[-98.989393371,43.577318764],[-98.989397739,43.576598254],[-98.989284491,43.576597891]]]}},
{"type":"Feature","properties":{"plot_id":8,"poly_line":"1_1","strip_id":57},"geometry":{"type":"Polygon","coordinates":[[[-98.989280122,43.577318401],[-98.989275752,43.578038912],[-98.989389004,43.578039275],[-98.989393371,43.577318764],[-98.989280122,43.577318401]]]}},
{"type":"Feature","properties":{"plot_id":1,"poly_line":"1_1","strip_id":58},"geometry":{"type":"Polygon","coordinates":[[[-98.989423941,43.572275613],[-98.989419574,43.572996048],[-98.989532816,43.572996411],[-98.989537181,43.572275975],[-98.989423941,43.572275613]]]}},
{"type":"Feature","properties":{"plot_id":2,"poly_line":"1_1","strip_id":58},"geometry":{"type":"Polygon","coordinates":[[[-98.989419574,43.572996048],[-98.989415207,43.573716483],[-98.98952845,43.573716846],[-98.989532816,43.572996411],[-98.989419574,43.572996048]]]}},
{"type":"Feature","properties":{"plot_id":3,"poly_line":"1_1","strip_id":58},"geometry":{"type":"Polygon","coordinates":[[[-98.989415207,43.573716483],[-98.989410841,43.574436919],[-98.989524085,43.574437282],[-98.98952845,43.573716846],[-98.989415207,43.573716483]]]}},
{"type":"Feature","properties":{"plot_id":4,"poly_line":"1_1","strip_id":58},"geometry":{"type":"Polygon","coordinates":[[[-98.989410841,43.574436919],[-98.989406474,43.575157354],[-98.989519719,43.575157717],[-98.989524085,43.574437282],[-98.989410841,43.574436919]]]}},
{"type":"Feature","properties":{"plot_id":5,"poly_line":"1_1","strip_id":58},"geometry":{"type":"Polygon","coordinates":[[[-98.989406474,43.575157354],[-98.989402106,43.575877789],[-98.989515354,43.575878152],[-98.989519719,43.575157717],[-98.989406474,43.575157354]]]}},
{"type":"Feature","properties":{"plot_id":6,"poly_line":"1_1","strip_id":58},"geometry":{"type":"Polygon","coordinates":[[[-98.989402106,43.575877789],[-98.989397739,43.576598224],[-98.989510988,43.576598587],[-98.989515354,43.575878152],[-98.989402106,43.575877789]]]}},
{"type":"Feature","properties":{"plot_id":7,"poly_line":"1_1","strip_id":58},"geometry":{"type":"Polygon","coordinates":[[[-98.989397739,43.576598224],[-98.989393372,43.577318659],[-98.989506622,43.577319022],[-98.989510988,43.576598587],[-98.989397739,43.576598224]]]}},
{"type":"Feature","properties":{"plot_id":8,"poly_line":"1_1","strip_id":58},"geometry":{"type":"Polygon","coordinates":[[[-98.989393372,43.577318659],[-98.989389005,43.578039094],[-98.989502256,43.578039457],[-98.989506622,43.577319022],[-98.989393372,43.577318659]]]}},
{"type":"Feature","properties":{"plot_id":1,"poly_line":"1_1","strip_id":59},"geometry":{"type":"Polygon","coordinates":[[[-98.989537178,43.572276399],[-98.989532814,43.572996759],[-98.989646055,43.572997121],[-98.989650419,43.572276761],[-98.989537178,43.572276399]]]}},
{"type":"Feature","properties":{"plot_id":2,"poly_line":"1_1","strip_id":59},"geometry":{"type":"Polygon","coordinates":[[[-98.989532814,43.572996759],[-98.989528449,43.573717119],[-98.989641692,43.573717481],[-98.989646055,43.572997121],[-98.989532814,43.572996759]]]}},
{"type":"Feature","properties":{"plot_id":3,"poly_line":"1_1","strip_id":59},"geometry":{"type":"Polygon","coordinates":[[[-98.989528449,43.573717119],[-98.989524084,43.574437479],[-98.989637328,43.574437841],[-98.989641692,43.573717481],[-98.989528449,43.573717119]]]}},
{"type":"Feature","properties":{"plot_id":4,"poly_line":"1_1","strip_id":59},"geometry":{"type":"Polygon","coordinates":[[[-98.989524084,43.574437479],[-98.989519719,43.575157838],[-98.989632964,43.575158201],[-98.989637328,43.574437841],[-98.989524084,43.574437479]]]}},
{"type":"Feature","properties":{"plot_id":5,"poly_line":"1_1","strip_id":59},"geometry":{"type":"Polygon","coordinates":[[[-98.989519719,43.575157838],[-98.989515353,43.575878198],[-98.9896286,43.575878561],[-98.989632964,43.575158201],[-98.989519719,43.575157838]]]}},
{"type":"Feature","properties":{"plot_id":6,"poly_line":"1_1","strip_id":59},"geometry":{"type":"Polygon","coordinates":[[[-98.989515353,43.575878198],[-98.989510988,43.576598557],[-98.989624236,43.57659892],[-98.9896286,43.575878561],[-98.989515353,43.575878198]]]}},
{"type":"Feature","properties":{"plot_id":7,"poly_line":"1_1","strip_id":59},"geometry":{"type":"Polygon","coordinates":[[[-98.989510988,43.576598557],[-98.989506622,43.577318917],[-98.989619872,43.57731928],[-98.989624236,43.57659892],[-98.989510988,43.576598557]]]}},
{"type":"Feature","properties":{"plot_id":8,"poly_line":"1_1","strip_id":59},"geometry":{"type":"Polygon","coordinates":[[[-98.989506622,43.577318917],[-98.989502257,43.578039276],[-98.989615508,43.578039639],[-98.989619872,43.57731928],[-98.989506622,43.577318917]]]}},
{"type":"Feature","properties":{"plot_id":1,"poly_line":"1_1","strip_id":60},"geometry":{"type":"Polygon","coordinates":[[[-98.989650416,43.572277181],[-98.989646053,43.572997466],[-98.989759295,43.572997828],[-98.989763657,43.572277543],[-98.989650416,43.572277181]]]}},
{"type":"Feature","properties":{"plot_id":2,"poly_line":"1_1","strip_id":60},"geometry":{"type":"Polygon","coordinates":[[[-98.989646053,43.572997466],[-98.98964169,43.573717751],[-98.989754933,43.573718113],[-98.989759295,43.572997828],[-98.989646053,43.572997466]]]}},
{"type":"Feature","properties":{"plot_id":3,"poly_line":"1_1","strip_id":60},"geometry":{"type":"Polygon","coordinates":[[[-98.98964169,43.573717751],[-98.989637327,43.574438036],[-98.989750571,43.574438398],[-98.989754933,43.573718113],[-98.98964169,43.573717751]]]}},
{"type":"Feature","properties":{"plot_id":4,"poly_line":"1_1","strip_id":60},"geometry":{"type":"Polygon","coordinates":[[[-98.989637327,43.574438036],[-98.989632964,43.57515832],[-98.989746209,43.575158683],[-98.989750571,43.574438398],[-98.989637327,43.574438036]]]}},
{"type":"Feature","properties":{"plot_id":5,"poly_line":"1_1","strip_id":60},"geometry":{"type":"Polygon","coordinates":[[[-98.989632964,43.57515832],[-98.9896286,43.575878605],[-98.989741847,43.575878968],[-98.989746209,43.575158683],[-98.989632964,43.57515832]]]}},
{"type":"Feature","properties":{"plot_id":6,"poly_line":"1_1","strip_id":60},"geometry":{"type":"Polygon","coordinates":[[[-98.9896286,43.575878605],[-98.989624237,43.57659889],[-98.989737485,43.576599252],[-98.989741847,43.575878968],[-98.9896286,43.575878605]]]}},
{"type":"Feature","properties":{"plot_id":7,"poly_line":"1_1","strip_id":60},"geometry":{"type":"Polygon","coordinates":[[[-98.989624237,43.57659889],[-98.989619873,43.577319174],[-98.989733123,43.577319537],[-98.989737485,43.576599252],[-98.989624237,43.57659889]]]}},
{"type":"Feature","properties":{"plot_id":8,"poly_line":"1_1","strip_id":60},"geometry":{"type":"Polygon","coordinates":[[[-98.989619873,43.577319174],[-98.989615509,43.578039458],[-98.98972876,43.578039821],[-98.989733123,43.577319537],[-98.989619873,43.577319174]]]}},
{"type":"Feature","properties":{"plot_id":1,"poly_line":"1_1","strip_id":61},"geometry":{"type":"Polygon","coordinates":[[[-98.989763654,43.572277959],[-98.989759293,43.57299817],[-98.989872535,43.572998532],[-98.989876894,43.572278322],[-98.989763654,43.572277959]]]}},
{"type":"Feature","properties":{"plot_id":2,"poly_line":"1_1","strip_id":61},"geometry":{"type":"Polygon","coordinates":[[[-98.989759293,43.57299817],[-98.989754932,43.57371838],[-98.989868175,43.573718743],[-98.989872535,43.572998532],[-98.989759293,43.57299817]]]}},
{"type":"Feature","properties":{"plot_id":3,"poly_line":"1_1","strip_id":61},"geometry":{"type":"Polygon","coordinates":[[[-98.989754932,43.57371838],[-98.98975057,43.57443859],[-98.989863815,43.574438953],[-98.989868175,43.573718743],[-98.989754932,43.57371838]]]}},
{"type":"Feature","properties":{"plot_id":4,"poly_line":"1_1","strip_id":61},"geometry":{"type":"Polygon","coordinates":[[[-98.98975057,43.57443859],[-98.989746209,43.575158801],[-98.989859454,43.575159163],[-98.989863815,43.574438953],[-98.98975057,43.57443859]]]}},
{"type":"Feature","properties":{"plot_id":5,"poly_line":"1_1","strip_id":61},"geometry":{"type":"Polygon","coordinates":[[[-98.989746209,43.575158801],[-98.989741847,43.575879011],[-98.989855094,43.575879373],[-98.989859454,43.575159163],[-98.989746209,43.575158801]]]}},
{"type":"Feature","properties":{"plot_id":6,"poly_line":"1_1","strip_id":61},"geometry":{"type":"Polygon","coordinates":[[[-98.989741847,43.575879011],[-98.989737485,43.576599221],[-98.989850734,43.576599583],[-98.989855094,43.575879373],[-98.989741847,43.575879011]]]}},
{"type":"Feature","properties":{"plot_id":7,"poly_line":"1_1","strip_id":61},"geometry":{"type":"Polygon","coordinates":[[[-98.989737485,43.576599221],[-98.989733123,43.577319431],[-98.989846373,43.577319793],[-98.989850734,43.576599583],[-98.989737485,43.576599221]]]}},
{"type":"Feature","properties":{"plot_id":8,"poly_line":"1_1","strip_id":61},"geometry":{"type":"Polygon","coordinates":[[[-98.989733123,43.577319431],[-98.989728761,43.578039641],[-98.989842013,43.578040003],[-98.989846373,43.577319793],[-98.989733123,43.577319431]]]}},
{"type":"Feature","properties":{"plot_id":1,"poly_line":"1_1","strip_id":62},"geometry":{"type":"Polygon","coordinates":[[[-98.989876892,43.572278739],[-98.989872533,43.572998875],[-98.989985774,43.572999238],[-98.989990132,43.572279102],[-98.989876892,43.572278739]]]}},
{"type":"Feature","properties":{"plot_id":2,"poly_line":"1_1","strip_id":62},"geometry":{"type":"Polygon","coordinates":[[[-98.989872533,43.572998875],[-98.989868173,43.573719011],[-98.989981416,43.573719373],[-98.989985774,43.572999238],[-98.989872533,43.572998875]]]}},
{"type":"Feature","properties":{"plot_id":3,"poly_line":"1_1","strip_id":62},"geometry":{"type":"Polygon","coordinates":[[[-98.989868173,43.573719011],[-98.989863813,43.574439146],[-98.989977058,43.574439509],[-98.989981416,43.573719373],[-98.989868173,43.573719011]]]}},
{"type":"Feature","properties":{"plot_id":4,"poly_line":"1_1","strip_id":62},"geometry":{"type":"Polygon","coordinates":[[[-98.989863813,43.574439146],[-98.989859454,43.575159282],[-98.989972699,43.575159644],[-98.989977058,43.574439509],[-98.989863813,43.574439146]]]}},
{"type":"Feature","properties":{"plot_id":5,"poly_line":"1_1","strip_id":62},"geometry":{"type":"Polygon","coordinates":[[[-98.989859454,43.575159282],[-98.989855094,43.575879417],[-98.989968341,43.575879779],[-98.989972699,43.575159644],[-98.989859454,43.575159282]]]}},
{"type":"Feature","properties":{"plot_id":6,"poly_line":"1_1","strip_id":62},"geometry":{"type":"Polygon","coordinates":[[[-98.989855094,43.575879417],[-98.989850734,43.576599552],[-98.989963982,43.576599915],[-98.989968341,43.575879779],[-98.989855094,43.575879417]]]}},
{"type":"Feature","properties":{"plot_id":7,"poly_line":"1_1","strip_id":62},"geometry":{"type":"Polygon","coordinates":[[[-98.989850734,43.576599552],[-98.989846374,43.577319687],[-98.989959624,43.57732005],[-98.989963982,43.576599915],[-98.989850734,43.576599552]]]}},
{"type":"Feature","properties":{"plot_id":8,"poly_line":"1_1","strip_id":62},"geometry":{"type":"Polygon","coordinates":[[[-98.989846374,43.577319687],[-98.989842014,43.578039822],[-98.989955265,43.578040185],[-98.989959624,43.57732005],[-98.989846374,43.577319687]]]}},
{"type":"Feature","properties":{"plot_id":1,"poly_line":"1_1","strip_id":63},"geometry":{"type":"Polygon","coordinates":[[[-98.98999013,43.57227952],[-98.989985772,43.572999581],[-98.990099014,43.572999943],[-98.99010337,43.572279882],[-98.98999013,43.57227952]]]}},
{"type":"Feature","properties":{"plot_id":2,"poly_line":"1_1","strip_id":63},"geometry":{"type":"Polygon","coordinates":[[[-98.989985772,43.572999581],[-98.989981414,43.573719642],[-98.990094657,43.573720004],[-98.990099014,43.572999943],[-98.989985772,43.572999581]]]}},
{"type":"Feature","properties":{"plot_id":3,"poly_line":"1_1","strip_id":63},"geometry":{"type":"Polygon","coordinates":[[[-98.989981414,43.573719642],[-98.989977057,43.574439702],[-98.990090301,43.574440064],[-98.990094657,43.573720004],[-98.989981414,43.573719642]]]}},
{"type":"Feature","properties":{"plot_id":4,"poly_line":"1_1","strip_id":63},"geometry":{"type":"Polygon","coordinates":[[[-98.989977057,43.574439702],[-98.989972699,43.575159763],[-98.990085944,43.575160125],[-98.990090301,43.574440064],[-98.989977057,43.574439702]]]}},
{"type":"Feature","properties":{"plot_id":5,"poly_line":"1_1","strip_id":63},"geometry":{"type":"Polygon","coordinates":[[[-98.989972699,43.575159763],[-98.989968341,43.575879823],[-98.990081588,43.575880186],[-98.990085944,43.575160125],[-98.989972699,43.575159763]]]}},
{"type":"Feature","properties":{"plot_id":6,"poly_line":"1_1","strip_id":63},"geometry":{"type":"Polygon","coordinates":[[[-98.989968341,43.575879823],[-98.989963982,43.576599884],[-98.990077231,43.576600246],[-98.990081588,43.575880186],[-98.989968341,43.575879823]]]}},
{"type":"Feature","properties":{"plot_id":7,"poly_line":"1_1","strip_id":63},"geometry":{"type":"Polygon","coordinates":[[[-98.989963982,43.576599884],[-98.989959624,43.577319944],[-98.990072874,43.577320306],[-98.990077231,43.576600246],[-98.989963982,43.576599884]]]}},
{"type":"Feature","properties":{"plot_id":8,"poly_line":"1_1","strip_id":63},"geometry":{"type":"Polygon","coordinates":[[[-98.989959624,43.577319944],[-98.989955266,43.578040004],[-98.990068517,43.578040367],[-98.990072874,43.577320306],[-98.989959624,43.577319944]]]}},
{"type":"Feature","properties":{"plot_id":1,"poly_line":"1_1","strip_id":64},"geometry":{"type":"Polygon","coordinates":[[[-98.990103368,43.5722803],[-98.990099012,43.573000286],[-98.990212253,43.573000648],[-98.990216608,43.572280662],[-98.990103368,43.5722803]]]}},
{"type":"Feature","properties":{"plot_id":2,"poly_line":"1_1","strip_id":64},"geometry":{"type":"Polygon","coordinates":[[[-98.990099012,43.573000286],[-98.990094656,43.573720272],[-98.990207899,43.573720634],[-98.990212253,43.573000648],[-98.990099012,43.573000286]]]}},
{"type":"Feature","properties":{"plot_id":3,"poly_line":"1_1","strip_id":64},"geometry":{"type":"Polygon","coordinates":[[[-98.990094656,43.573720272],[-98.9900903,43.574440258],[-98.990203544,43.57444062],[-98.990207899,43.573720634],[-98.990094656,43.573720272]]]}},
{"type":"Feature","properties":{"plot_id":4,"poly_line":"1_1","strip_id":64},"geometry":{"type":"Polygon","coordinates":[[[-98.9900903,43.574440258],[-98.990085944,43.575160244],[-98.990199189,43.575160606],[-98.990203544,43.57444062],[-98.9900903,43.574440258]]]}},
{"type":"Feature","properties":{"plot_id":5,"poly_line":"1_1","strip_id":64},"geometry":{"type":"Polygon","coordinates":[[[-98.990085944,43.575160244],[-98.990081587,43.57588023],[-98.990194835,43.575880592],[-98.990199189,43.575160606],[-98.990085944,43.575160244]]]}},
{"type":"Feature","properties":{"plot_id":6,"poly_line":"1_1","strip_id":64},"geometry":{"type":"Polygon","coordinates":[[[-98.990081587,43.57588023],[-98.990077231,43.576600215],[-98.99019048,43.576600577],[-98.990194835,43.575880592],[-98.990081587,43.57588023]]]}},
{"type":"Feature","properties":{"plot_id":7,"poly_line":"1_1","strip_id":64},"geometry":{"type":"Polygon","coordinates":[[[-98.990077231,43.576600215],[-98.990072875,43.577320201],[-98.990186124,43.577320563],[-98.99019048,43.576600577],[-98.990077231,43.576600215]]]}},
{"type":"Feature","properties":{"plot_id":8,"poly_line":"1_1","strip_id":64},"geometry":{"type":"Polygon","coordinates":[[[-98.990072875,43.577320201],[-98.990068518,43.578040186],[-98.990181769,43.578040548],[-98.990186124,43.577320563],[-98.990072875,43.577320201]]]}},
{"type":"Feature","properties":{"plot_id":1,"poly_line":"1_1","strip_id":65},"geometry":{"type":"Polygon","coordinates":[[[-98.990216605,43.57228108],[-98.990212251,43.573000992],[-98.990325493,43.573001354],[-98.990329846,43.572281442],[-98.990216605,43.57228108]]]}},
{"type":"Feature","properties":{"plot_id":2,"poly_line":"1_1","strip_id":65},"geometry":{"type":"Polygon","coordinates":[[[-98.990212251,43.573000992],[-98.990207897,43.573720903],[-98.99032114,43.573721265],[-98.990325493,43.573001354],[-98.990212251,43.573000992]]]}},
{"type":"Feature","properties":{"plot_id":3,"poly_line":"1_1","strip_id":65},"geometry":{"type":"Polygon","coordinates":[[[-98.990207897,43.573720903],[-98.990203543,43.574440814],[-98.990316787,43.574441176],[-98.99032114,43.573721265],[-98.990207897,43.573720903]]]}},
{"type":"Feature","properties":{"plot_id":4,"poly_line":"1_1","strip_id":65},"geometry":{"type":"Polygon","coordinates":[[[-98.990203543,43.574440814],[-98.990199189,43.575160725],[-98.990312434,43.575161087],[-98.990316787,43.574441176],[-98.990203543,43.574440814]]]}},
{"type":"Feature","properties":{"plot_id":5,"poly_line":"1_1","strip_id":65},"geometry":{"type":"Polygon","coordinates":[[[-98.990199189,43.575160725],[-98.990194834,43.575880636],[-98.990308081,43.575880998],[-98.990312434,43.575161087],[-98.990199189,43.575160725]]]}},
{"type":"Feature","properties":{"plot_id":6,"poly_line":"1_1","strip_id":65},"geometry":{"type":"Polygon","coordinates":[[[-98.990194834,43.575880636],[-98.99019048,43.576600546],[-98.990303728,43.576600908],[-98.990308081,43.575880998],[-98.990194834,43.575880636]]]}},
{"type":"Feature","properties":{"plot_id":7,"poly_line":"1_1","strip_id":65},"geometry":{"type":"Polygon","coordinates":[[[-98.99019048,43.576600546],[-98.990186125,43.577320457],[-98.990299375,43.577320819],[-98.990303728,43.576600908],[-98.99019048,43.576600546]]]}},
{"type":"Feature","properties":{"plot_id":8,"poly_line":"1_1","strip_id":65},"geometry":{"type":"Polygon","coordinates":[[[-98.990186125,43.577320457],[-98.99018177,43.578040368],[-98.990295021,43.57804073],[-98.990299375,43.577320819],[-98.990186125,43.577320457]]]}},
{"type":"Feature","properties":{"plot_id":1,"poly_line":"1_1","strip_id":66},"geometry":{"type":"Polygon","coordinates":[[[-98.990329843,43.572281861],[-98.990325491,43.573001697],[-98.990438733,43.573002059],[-98.990443084,43.572282222],[-98.990329843,43.572281861]]]}},
{"type":"Feature","properties":{"plot_id":2,"poly_line":"1_1","strip_id":66},"geometry":{"type":"Polygon","coordinates":[[[-98.990325491,43.573001697],[-98.990321139,43.573721533],[-98.990434382,43.573721895],[-98.990438733,43.573002059],[-98.990325491,43.573001697]]]}},
{"type":"Feature","properties":{"plot_id":3,"poly_line":"1_1","strip_id":66},"geometry":{"type":"Polygon","coordinates":[[[-98.990321139,43.573721533],[-98.990316786,43.574441369],[-98.990430031,43.574441731],[-98.990434382,43.573721895],[-98.990321139,43.573721533]]]}},
{"type":"Feature","properties":{"plot_id":4,"poly_line":"1_1","strip_id":66},"geometry":{"type":"Polygon","coordinates":[[[-98.990316786,43.574441369],[-98.990312434,43.575161206],[-98.990425679,43.575161567],[-98.990430031,43.574441731],[-98.990316786,43.574441369]]]}},
{"type":"Feature","properties":{"plot_id":5,"poly_line":"1_1","strip_id":66},"geometry":{"type":"Polygon","coordinates":[[[-98.990312434,43.575161206],[-98.990308081,43.575881042],[-98.990421328,43.575881403],[-98.990425679,43.575161567],[-98.990312434,43.575161206]]]}},
{"type":"Feature","properties":{"plot_id":6,"poly_line":"1_1","strip_id":66},"geometry":{"type":"Polygon","coordinates":[[[-98.990308081,43.575881042],[-98.990303728,43.576600878],[-98.990416977,43.576601239],[-98.990421328,43.575881403],[-98.990308081,43.575881042]]]}},
{"type":"Feature","properties":{"plot_id":7,"poly_line":"1_1","strip_id":66},"geometry":{"type":"Polygon","coordinates":[[[-98.990303728,43.576600878],[-98.990299375,43.577320713],[-98.990412625,43.577321075],[-98.990416977,43.576601239],[-98.990303728,43.576600878]]]}},
{"type":"Feature","properties":{"plot_id":8,"poly_line":"1_1","strip_id":66},"geometry":{"type":"Polygon","coordinates":[[[-98.990299375,43.577320713],[-98.990295023,43.578040549],[-98.990408274,43.578040911],[-98.990412625,43.577321075],[-98.990299375,43.577320713]]]}},
{"type":"Feature","properties":{"plot_id":1,"poly_line":"1_1","strip_id":67},"geometry":{"type":"Polygon","coordinates":[[[-98.990443081,43.57228264],[-98.990438731,43.573002402],[-98.990551972,43.573002764],[-98.990556321,43.572283002],[-98.990443081,43.57228264]]]}},
{"type":"Feature","properties":{"plot_id":2,"poly_line":"1_1","strip_id":67},"geometry":{"type":"Polygon","coordinates":[[[-98.990438731,43.573002402],[-98.99043438,43.573722164],[-98.990547623,43.573722525],[-98.990551972,43.573002764],[-98.990438731,43.573002402]]]}},
{"type":"Feature","properties":{"plot_id":3,"poly_line":"1_1","strip_id":67},"geometry":{"type":"Polygon","coordinates":[[[-98.99043438,43.573722164],[-98.990430029,43.574441925],[-98.990543274,43.574442287],[-98.990547623,43.573722525],[-98.99043438,43.573722164]]]}},
{"type":"Feature","properties":{"plot_id":4,"poly_line":"1_1","strip_id":67},"geometry":{"type":"Polygon","coordinates":[[[-98.990430029,43.574441925],[-98.990425679,43.575161686],[-98.990538924,43.575162048],[-98.990543274,43.574442287],[-98.990430029,43.574441925]]]}},
{"type":"Feature","properties":{"plot_id":5,"poly_line":"1_1","strip_id":67},"geometry":{"type":"Polygon","coordinates":[[[-98.990425679,43.575161686],[-98.990421328,43.575881448],[-98.990534575,43.575881809],[-98.990538924,43.575162048],[-98.990425679,43.575161686]]]}},
{"type":"Feature","properties":{"plot_id":6,"poly_line":"1_1","strip_id":67},"geometry":{"type":"Polygon","coordinates":[[[-98.990421328,43.575881448],[-98.990416977,43.576601209],[-98.990530225,43.57660157],[-98.990534575,43.575881809],[-98.990421328,43.575881448]]]}},
{"type":"Feature","properties":{"plot_id":7,"poly_line":"1_1","strip_id":67},"geometry":{"type":"Polygon","coordinates":[[[-98.990416977,43.576601209],[-98.990412626,43.57732097],[-98.990525876,43.577321332],[-98.990530225,43.57660157],[-98.990416977,43.576601209]]]}},
{"type":"Feature","properties":{"plot_id":8,"poly_line":"1_1","strip_id":67},"geometry":{"type":"Polygon","coordinates":[[[-98.990412626,43.57732097],[-98.990408275,43.578040731],[-98.990521526,43.578041092],[-98.990525876,43.577321332],[-98.990412626,43.57732097]]]}},
{"type":"Feature","properties":{"plot_id":1,"poly_line":"1_1","strip_id":68},"geometry":{"type":"Polygon","coordinates":[[[-98.990556319,43.57228342],[-98.99055197,43.573003107],[-98.990665212,43.573003469],[-98.990669559,43.572283782],[-98.990556319,43.57228342]]]}},
{"type":"Feature","properties":{"plot_id":2,"poly_line":"1_1","strip_id":68},"geometry":{"type":"Polygon","coordinates":[[[-98.99055197,43.573003107],[-98.990547622,43.573722794],[-98.990660865,43.573723156],[-98.990665212,43.573003469],[-98.99055197,43.573003107]]]}},
{"type":"Feature","properties":{"plot_id":3,"poly_line":"1_1","strip_id":68},"geometry":{"type":"Polygon","coordinates":[[[-98.990547622,43.573722794],[-98.990543273,43.574442481],[-98.990656517,43.574442842],[-98.990660865,43.573723156],[-98.990547622,43.573722794]]]}},
{"type":"Feature","properties":{"plot_id":4,"poly_line":"1_1","strip_id":68},"geometry":{"type":"Polygon","coordinates":[[[-98.990543273,43.574442481],[-98.990538924,43.575162167],[-98.99065217,43.575162529],[-98.990656517,43.574442842],[-98.990543273,43.574442481]]]}},
{"type":"Feature","properties":{"plot_id":5,"poly_line":"1_1","strip_id":68},"geometry":{"type":"Polygon","coordinates":[[[-98.990538924,43.575162167],[-98.990534575,43.575881854],[-98.990647822,43.575882215],[-98.99065217,43.575162529],[-98.990538924,43.575162167]]]}},
{"type":"Feature","properties":{"plot_id":6,"poly_line":"1_1","strip_id":68},"geometry":{"type":"Polygon","coordinates":[[[-98.990534575,43.575881854],[-98.990530226,43.57660154],[-98.990643474,43.576601902],[-98.990647822,43.575882215],[-98.990534575,43.575881854]]]}},
{"type":"Feature","properties":{"plot_id":7,"poly_line":"1_1","strip_id":68},"geometry":{"type":"Polygon","coordinates":[[[-98.990530226,43.57660154],[-98.990525876,43.577321226],[-98.990639126,43.577321588],[-98.990643474,43.576601902],[-98.990530226,43.57660154]]]}},
{"type":"Feature","properties":{"plot_id":8,"poly_line":"1_1","strip_id":68},"geometry":{"type":"Polygon","coordinates":[[[-98.990525876,43.577321226],[-98.990521527,43.578040913],[-98.990634778,43.578041274],[-98.990639126,43.577321588],[-98.990525876,43.577321226]]]}},
{"type":"Feature","properties":{"plot_id":1,"poly_line":"1_1","strip_id":69},"geometry":{"type":"Polygon","coordinates":[[[-98.990669557,43.5722842],[-98.99066521,43.573003812],[-98.990778452,43.573004174],[-98.990782797,43.572284562],[-98.990669557,43.5722842]]]}},
{"type":"Feature","properties":{"plot_id":2,"poly_line":"1_1","strip_id":69},"geometry":{"type":"Polygon","coordinates":[[[-98.99066521,43.573003812],[-98.990660863,43.573723424],[-98.990774106,43.573723786],[-98.990778452,43.573004174],[-98.99066521,43.573003812]]]}},
{"type":"Feature","properties":{"plot_id":3,"poly_line":"1_1","strip_id":69},"geometry":{"type":"Polygon","coordinates":[[[-98.990660863,43.573723424],[-98.990656516,43.574443036],[-98.99076976,43.574443398],[-98.990774106,43.573723786],[-98.990660863,43.573723424]]]}},
{"type":"Feature","properties":{"plot_id":4,"poly_line":"1_1","strip_id":69},"geometry":{"type":"Polygon","coordinates":[[[-98.990656516,43.574443036],[-98.990652169,43.575162648],[-98.990765415,43.57516301],[-98.99076976,43.574443398],[-98.990656516,43.574443036]]]}},
{"type":"Feature","properties":{"plot_id":5,"poly_line":"1_1","strip_id":69},"geometry":{"type":"Polygon","coordinates":[[[-98.990652169,43.575162648],[-98.990647822,43.57588226],[-98.990761069,43.575882621],[-98.990765415,43.57516301],[-98.990652169,43.575162648]]]}},
{"type":"Feature","properties":{"plot_id":6,"poly_line":"1_1","strip_id":69},"geometry":{"type":"Polygon","coordinates":[[[-98.990647822,43.57588226],[-98.990643474,43.576601871],[-98.990756723,43.576602233],[-98.990761069,43.575882621],[-98.990647822,43.57588226]]]}},
{"type":"Feature","properties":{"plot_id":7,"poly_line":"1_1","strip_id":69},"geometry":{"type":"Polygon","coordinates":[[[-98.990643474,43.576601871],[-98.990639127,43.577321483],[-98.990752377,43.577321845],[-98.990756723,43.576602233],[-98.990643474,43.576601871]]]}},
{"type":"Feature","properties":{"plot_id":8,"poly_line":"1_1","strip_id":69},"geometry":{"type":"Polygon","coordinates":[[[-98.990639127,43.577321483],[-98.990634779,43.578041094],[-98.99074803,43.578041456],[-98.990752377,43.577321845],[-98.990639127,43.577321483]]]}},
{"type":"Feature","properties":{"plot_id":1,"poly_line":"1_1","strip_id":70},"geometry":{"type":"Polygon","coordinates":[[[-98.990782795,43.57228498],[-98.99077845,43.573004517],[-98.990891691,43.573004879],[-98.990896035,43.572285341],[-98.990782795,43.57228498]]]}},
{"type":"Feature","properties":{"plot_id":2,"poly_line":"1_1","strip_id":70},"geometry":{"type":"Polygon","coordinates":[[[-98.99077845,43.573004517],[-98.990774104,43.573724054],[-98.990887347,43.573724416],[-98.990891691,43.573004879],[-98.99077845,43.573004517]]]}},
{"type":"Feature","properties":{"plot_id":3,"poly_line":"1_1","strip_id":70},"geometry":{"type":"Polygon","coordinates":[[[-98.990774104,43.573724054],[-98.990769759,43.574443592],[-98.990883004,43.574443953],[-98.990887347,43.573724416],[-98.990774104,43.573724054]]]}},
{"type":"Feature","properties":{"plot_id":4,"poly_line":"1_1","strip_id":70},"geometry":{"type":"Polygon","coordinates":[[[-98.990769759,43.574443592],[-98.990765414,43.575163129],[-98.99087866,43.57516349],[-98.990883004,43.574443953],[-98.990769759,43.574443592]]]}},
{"type":"Feature","properties":{"plot_id":5,"poly_line":"1_1","strip_id":70},"geometry":{"type":"Polygon","coordinates":[[[-98.990765414,43.575163129],[-98.990761068,43.575882666],[-98.990874315,43.575883027],[-98.99087866,43.57516349],[-98.990765414,43.575163129]]]}},
{"type":"Feature","properties":{"plot_id":6,"poly_line":"1_1","strip_id":70},"geometry":{"type":"Polygon","coordinates":[[[-98.990761068,43.575882666],[-98.990756723,43.576602203],[-98.990869971,43.576602564],[-98.990874315,43.575883027],[-98.990761068,43.575882666]]]}},
{"type":"Feature","properties":{"plot_id":7,"poly_line":"1_1","strip_id":70},"geometry":{"type":"Polygon","coordinates":[[[-98.990756723,43.576602203],[-98.990752377,43.577321739],[-98.990865627,43.577322101],[-98.990869971,43.576602564],[-98.990756723,43.576602203]]]}},
{"type":"Feature","properties":{"plot_id":8,"poly_line":"1_1","strip_id":70},"geometry":{"type":"Polygon","coordinates":[[[-98.990752377,43.577321739],[-98.990748031,43.578041276],[-98.990861283,43.578041638],[-98.990865627,43.577322101],[-98.990752377,43.577321739]]]}},
{"type":"Feature","properties":{"plot_id":1,"poly_line":"1_1","strip_id":71},"geometry":{"type":"Polygon","coordinates":[[[-98.990896032,43.572285759],[-98.990891689,43.573005222],[-98.991004931,43.573005583],[-98.991009273,43.572286121],[-98.990896032,43.572285759]]]}},
{"type":"Feature","properties":{"plot_id":2,"poly_line":"1_1","strip_id":71},"geometry":{"type":"Polygon","coordinates":[[[-98.990891689,43.573005222],[-98.990887346,43.573724684],[-98.991000589,43.573725046],[-98.991004931,43.573005583],[-98.990891689,43.573005222]]]}},
{"type":"Feature","properties":{"plot_id":3,"poly_line":"1_1","strip_id":71},"geometry":{"type":"Polygon","coordinates":[[[-98.990887346,43.573724684],[-98.990883002,43.574444147],[-98.990996247,43.574444508],[-98.991000589,43.573725046],[-98.990887346,43.573724684]]]}},
{"type":"Feature","properties":{"plot_id":4,"poly_line":"1_1","strip_id":71},"geometry":{"type":"Polygon","coordinates":[[[-98.990883002,43.574444147],[-98.990878659,43.575163609],[-98.990991905,43.575163971],[-98.990996247,43.574444508],[-98.990883002,43.574444147]]]}},
{"type":"Feature","properties":{"plot_id":5,"poly_line":"1_1","strip_id":71},"geometry":{"type":"Polygon","coordinates":[[[-98.990878659,43.575163609],[-98.990874315,43.575883072],[-98.990987562,43.575883433],[-98.990991905,43.575163971],[-98.990878659,43.575163609]]]}},
{"type":"Feature","properties":{"plot_id":6,"poly_line":"1_1","strip_id":71},"geometry":{"type":"Polygon","coordinates":[[[-98.990874315,43.575883072],[-98.990869971,43.576602534],[-98.99098322,43.576602895],[-98.990987562,43.575883433],[-98.990874315,43.575883072]]]}},
{"type":"Feature","properties":{"plot_id":7,"poly_line":"1_1","strip_id":71},"geometry":{"type":"Polygon","coordinates":[[[-98.990869971,43.576602534],[-98.990865628,43.577321996],[-98.990978877,43.577322357],[-98.99098322,43.576602895],[-98.990869971,43.576602534]]]}},
{"type":"Feature","properties":{"plot_id":8,"poly_line":"1_1","strip_id":71},"geometry":{"type":"Polygon","coordinates":[[[-98.990865628,43.577321996],[-98.990861284,43.578041458],[-98.990974535,43.578041819],[-98.990978877,43.577322357],[-98.990865628,43.577321996]]]}},
{"type":"Feature","properties":{"plot_id":1,"poly_line":"1_1","strip_id":72},"geometry":{"type":"Polygon","coordinates":[[[-98.99100927,43.572286539],[-98.991004929,43.573005927],[-98.99111817,43.573006288],[-98.991122511,43.5722869],[-98.99100927,43.572286539]]]}},
{"type":"Feature","properties":{"plot_id":2,"poly_line":"1_1","strip_id":72},"geometry":{"type":"Polygon","coordinates":[[[-98.991004929,43.573005927],[-98.991000587,43.573725314],[-98.99111383,43.573725676],[-98.99111817,43.573006288],[-98.991004929,43.573005927]]]}},
{"type":"Feature","properties":{"plot_id":3,"poly_line":"1_1","strip_id":72},"geometry":{"type":"Polygon","coordinates":[[[-98.991000587,43.573725314],[-98.990996246,43.574444702],[-98.99110949,43.574445063],[-98.99111383,43.573725676],[-98.991000587,43.573725314]]]}},
{"type":"Feature","properties":{"plot_id":4,"poly_line":"1_1","strip_id":72},"geometry":{"type":"Polygon","coordinates":[[[-98.990996246,43.574444702],[-98.990991904,43.57516409],[-98.99110515,43.575164451],[-98.99110949,43.574445063],[-98.990996246,43.574444702]]]}},
{"type":"Feature","properties":{"plot_id":5,"poly_line":"1_1","strip_id":72},"geometry":{"type":"Polygon","coordinates":[[[-98.990991904,43.57516409],[-98.990987562,43.575883477],[-98.991100809,43.575883839],[-98.99110515,43.575164451],[-98.990991904,43.57516409]]]}},
{"type":"Feature","properties":{"plot_id":6,"poly_line":"1_1","strip_id":72},"geometry":{"type":"Polygon","coordinates":[[[-98.990987562,43.575883477],[-98.99098322,43.576602865],[-98.991096469,43.576603226],[-98.991100809,43.575883839],[-98.990987562,43.575883477]]]}},
{"type":"Feature","properties":{"plot_id":7,"poly_line":"1_1","strip_id":72},"geometry":{"type":"Polygon","coordinates":[[[-98.99098322,43.576602865],[-98.990978878,43.577322252],[-98.991092128,43.577322613],[-98.991096469,43.576603226],[-98.99098322,43.576602865]]]}},
{"type":"Feature","properties":{"plot_id":8,"poly_line":"1_1","strip_id":72},"geometry":{"type":"Polygon","coordinates":[[[-98.990978878,43.577322252],[-98.990974536,43.578041639],[-98.991087787,43.578042001],[-98.991092128,43.577322613],[-98.990978878,43.577322252]]]}},
{"type":"Feature","properties":{"plot_id":1,"poly_line":"1_1","strip_id":73},"geometry":{"type":"Polygon","coordinates":[[[-98.991122511,43.572286803],[-98.991118171,43.573006181],[-98.991231413,43.573006542],[-98.991235752,43.572287164],[-98.991122511,43.572286803]]]}},
{"type":"Feature","properties":{"plot_id":2,"poly_line":"1_1","strip_id":73},"geometry":{"type":"Polygon","coordinates":[[[-98.991118171,43.573006181],[-98.991113831,43.573725558],[-98.991227074,43.573725919],[-98.991231413,43.573006542],[-98.991118171,43.573006181]]]}},
{"type":"Feature","properties":{"plot_id":3,"poly_line":"1_1","strip_id":73},"geometry":{"type":"Polygon","coordinates":[[[-98.991113831,43.573725558],[-98.991109491,43.574444935],[-98.991222735,43.574445297],[-98.991227074,43.573725919],[-98.991113831,43.573725558]]]}},
{"type":"Feature","properties":{"plot_id":4,"poly_line":"1_1","strip_id":73},"geometry":{"type":"Polygon","coordinates":[[[-98.991109491,43.574444935],[-98.99110515,43.575164313],[-98.991218396,43.575164674],[-98.991222735,43.574445297],[-98.991109491,43.574444935]]]}},
{"type":"Feature","properties":{"plot_id":5,"poly_line":"1_1","strip_id":73},"geometry":{"type":"Polygon","coordinates":[[[-98.99110515,43.575164313],[-98.99110081,43.57588369],[-98.991214057,43.575884051],[-98.991218396,43.575164674],[-98.99110515,43.575164313]]]}},
{"type":"Feature","properties":{"plot_id":6,"poly_line":"1_1","strip_id":73},"geometry":{"type":"Polygon","coordinates":[[[-98.99110081,43.57588369],[-98.99109647,43.576603067],[-98.991209718,43.576603428],[-98.991214057,43.575884051],[-98.99110081,43.57588369]]]}},
{"type":"Feature","properties":{"plot_id":7,"poly_line":"1_1","strip_id":73},"geometry":{"type":"Polygon","coordinates":[[[-98.99109647,43.576603067],[-98.991092129,43.577322444],[-98.991205379,43.577322805],[-98.991209718,43.576603428],[-98.99109647,43.576603067]]]}},
{"type":"Feature","properties":{"plot_id":8,"poly_line":"1_1","strip_id":73},"geometry":{"type":"Polygon","coordinates":[[[-98.991092129,43.577322444],[-98.991087788,43.578041821],[-98.991201039,43.578042182],[-98.991205379,43.577322805],[-98.991092129,43.577322444]]]}},
{"type":"Feature","properties":{"plot_id":1,"poly_line":"1_1","strip_id":74},"geometry":{"type":"Polygon","coordinates":[[[-98.991235758,43.57228612],[-98.991231418,43.573005605],[-98.99134466,43.573005966],[-98.991348998,43.572286481],[-98.991235758,43.57228612]]]}},
{"type":"Feature","properties":{"plot_id":2,"poly_line":"1_1","strip_id":74},"geometry":{"type":"Polygon","coordinates":[[[-98.991231418,43.573005605],[-98.991227079,43.573725091],[-98.991340322,43.573725452],[-98.99134466,43.573005966],[-98.991231418,43.573005605]]]}},
{"type":"Feature","properties":{"plot_id":3,"poly_line":"1_1","strip_id":74},"geometry":{"type":"Polygon","coordinates":[[[-98.991227079,43.573725091],[-98.99122274,43.574444576],[-98.991335984,43.574444937],[-98.991340322,43.573725452],[-98.991227079,43.573725091]]]}},
{"type":"Feature","properties":{"plot_id":4,"poly_line":"1_1","strip_id":74},"geometry":{"type":"Polygon","coordinates":[[[-98.99122274,43.574444576],[-98.9912184,43.575164062],[-98.991331646,43.575164423],[-98.991335984,43.574444937],[-98.99122274,43.574444576]]]}},
{"type":"Feature","properties":{"plot_id":5,"poly_line":"1_1","strip_id":74},"geometry":{"type":"Polygon","coordinates":[[[-98.9912184,43.575164062],[-98.99121406,43.575883547],[-98.991327307,43.575883908],[-98.991331646,43.575164423],[-98.9912184,43.575164062]]]}},
{"type":"Feature","properties":{"plot_id":6,"poly_line":"1_1","strip_id":74},"geometry":{"type":"Polygon","coordinates":[[[-98.99121406,43.575883547],[-98.99120972,43.576603032],[-98.991322969,43.576603393],[-98.991327307,43.575883908],[-98.99121406,43.575883547]]]}},
{"type":"Feature","properties":{"plot_id":7,"poly_line":"1_1","strip_id":74},"geometry":{"type":"Polygon","coordinates":[[[-98.99120972,43.576603032],[-98.99120538,43.577322517],[-98.99131863,43.577322878],[-98.991322969,43.576603393],[-98.99120972,43.576603032]]]}},
{"type":"Feature","properties":{"plot_id":8,"poly_line":"1_1","strip_id":74},"geometry":{"type":"Polygon","coordinates":[[[-98.99120538,43.577322517],[-98.99120104,43.578042002],[-98.991314292,43.578042363],[-98.99131863,43.577322878],[-98.99120538,43.577322517]]]}},
{"type":"Feature","properties":{"plot_id":1,"poly_line":"1_1","strip_id":75},"geometry":{"type":"Polygon","coordinates":[[[-98.991349004,43.572285436],[-98.991344666,43.57300503],[-98.991457908,43.573005391],[-98.991462245,43.572285797],[-98.991349004,43.572285436]]]}},
{"type":"Feature","properties":{"plot_id":2,"poly_line":"1_1","strip_id":75},"geometry":{"type":"Polygon","coordinates":[[[-98.991344666,43.57300503],[-98.991340327,43.573724624],[-98.99145357,43.573724984],[-98.991457908,43.573005391],[-98.991344666,43.57300503]]]}},
{"type":"Feature","properties":{"plot_id":3,"poly_line":"1_1","strip_id":75},"geometry":{"type":"Polygon","coordinates":[[[-98.991340327,43.573724624],[-98.991335988,43.574444217],[-98.991449233,43.574444578],[-98.99145357,43.573724984],[-98.991340327,43.573724624]]]}},
{"type":"Feature","properties":{"plot_id":4,"poly_line":"1_1","strip_id":75},"geometry":{"type":"Polygon","coordinates":[[[-98.991335988,43.574444217],[-98.991331649,43.575163811],[-98.991444895,43.575164171],[-98.991449233,43.574444578],[-98.991335988,43.574444217]]]}},
{"type":"Feature","properties":{"plot_id":5,"poly_line":"1_1","strip_id":75},"geometry":{"type":"Polygon","coordinates":[[[-98.991331649,43.575163811],[-98.99132731,43.575883404],[-98.991440557,43.575883765],[-98.991444895,43.575164171],[-98.991331649,43.575163811]]]}},
{"type":"Feature","properties":{"plot_id":6,"poly_line":"1_1","strip_id":75},"geometry":{"type":"Polygon","coordinates":[[[-98.99132731,43.575883404],[-98.991322971,43.576602997],[-98.99143622,43.576603358],[-98.991440557,43.575883765],[-98.99132731,43.575883404]]]}},
{"type":"Feature","properties":{"plot_id":7,"poly_line":"1_1","strip_id":75},"geometry":{"type":"Polygon","coordinates":[[[-98.991322971,43.576602997],[-98.991318632,43.57732259],[-98.991431882,43.577322951],[-98.99143622,43.576603358],[-98.991322971,43.576602997]]]}},
{"type":"Feature","properties":{"plot_id":8,"poly_line":"1_1","strip_id":75},"geometry":{"type":"Polygon","coordinates":[[[-98.991318632,43.57732259],[-98.991314293,43.578042183],[-98.991427544,43.578042544],[-98.991431882,43.577322951],[-98.991318632,43.57732259]]]}},
{"type":"Feature","properties":{"plot_id":1,"poly_line":"1_1","strip_id":76},"geometry":{"type":"Polygon","coordinates":[[[-98.991462251,43.572284753],[-98.991457913,43.573004455],[-98.991571155,43.573004815],[-98.991575491,43.572285114],[-98.991462251,43.572284753]]]}},
{"type":"Feature","properties":{"plot_id":2,"poly_line":"1_1","strip_id":76},"geometry":{"type":"Polygon","coordinates":[[[-98.991457913,43.573004455],[-98.991453575,43.573724156],[-98.991566818,43.573724517],[-98.991571155,43.573004815],[-98.991457913,43.573004455]]]}},
{"type":"Feature","properties":{"plot_id":3,"poly_line":"1_1","strip_id":76},"geometry":{"type":"Polygon","coordinates":[[[-98.991453575,43.573724156],[-98.991449237,43.574443858],[-98.991562481,43.574444219],[-98.991566818,43.573724517],[-98.991453575,43.573724156]]]}},
{"type":"Feature","properties":{"plot_id":4,"poly_line":"1_1","strip_id":76},"geometry":{"type":"Polygon","coordinates":[[[-98.991449237,43.574443858],[-98.991444899,43.575163559],[-98.991558145,43.57516392],[-98.991562481,43.574444219],[-98.991449237,43.574443858]]]}},
{"type":"Feature","properties":{"plot_id":5,"poly_line":"1_1","strip_id":76},"geometry":{"type":"Polygon","coordinates":[[[-98.991444899,43.575163559],[-98.991440561,43.575883261],[-98.991553808,43.575883621],[-98.991558145,43.57516392],[-98.991444899,43.575163559]]]}},
{"type":"Feature","properties":{"plot_id":6,"poly_line":"1_1","strip_id":76},"geometry":{"type":"Polygon","coordinates":[[[-98.991440561,43.575883261],[-98.991436222,43.576602962],[-98.991549471,43.576603323],[-98.991553808,43.575883621],[-98.991440561,43.575883261]]]}},
{"type":"Feature","properties":{"plot_id":7,"poly_line":"1_1","strip_id":76},"geometry":{"type":"Polygon","coordinates":[[[-98.991436222,43.576602962],[-98.991431884,43.577322663],[-98.991545133,43.577323024],[-98.991549471,43.576603323],[-98.991436222,43.576602962]]]}},
{"type":"Feature","properties":{"plot_id":8,"poly_line":"1_1","strip_id":76},"geometry":{"type":"Polygon","coordinates":[[[-98.991431884,43.577322663],[-98.991427545,43.578042364],[-98.991540796,43.578042725],[-98.991545133,43.577323024],[-98.991431884,43.577322663]]]}},
{"type":"Feature","properties":{"plot_id":1,"poly_line":"1_1","strip_id":77},"geometry":{"type":"Polygon","coordinates":[[[-98.991575498,43.572284069],[-98.991571161,43.573003879],[-98.991684402,43.57300424],[-98.991688738,43.57228443],[-98.991575498,43.572284069]]]}},
{"type":"Feature","properties":{"plot_id":2,"poly_line":"1_1","strip_id":77},"geometry":{"type":"Polygon","coordinates":[[[-98.991571161,43.573003879],[-98.991566823,43.573723689],[-98.991680066,43.573724049],[-98.991684402,43.57300424],[-98.991571161,43.573003879]]]}},
{"type":"Feature","properties":{"plot_id":3,"poly_line":"1_1","strip_id":77},"geometry":{"type":"Polygon","coordinates":[[[-98.991566823,43.573723689],[-98.991562486,43.574443498],[-98.99167573,43.574443859],[-98.991680066,43.573724049],[-98.991566823,43.573723689]]]}},
{"type":"Feature","properties":{"plot_id":4,"poly_line":"1_1","strip_id":77},"geometry":{"type":"Polygon","coordinates":[[[-98.991562486,43.574443498],[-98.991558148,43.575163308],[-98.991671394,43.575163669],[-98.99167573,43.574443859],[-98.991562486,43.574443498]]]}},
{"type":"Feature","properties":{"plot_id":5,"poly_line":"1_1","strip_id":77},"geometry":{"type":"Polygon","coordinates":[[[-98.991558148,43.575163308],[-98.991553811,43.575883117],[-98.991667058,43.575883478],[-98.991671394,43.575163669],[-98.991558148,43.575163308]]]}},
{"type":"Feature","properties":{"plot_id":6,"poly_line":"1_1","strip_id":77},"geometry":{"type":"Polygon","coordinates":[[[-98.991553811,43.575883117],[-98.991549473,43.576602927],[-98.991662721,43.576603287],[-98.991667058,43.575883478],[-98.991553811,43.575883117]]]}},
{"type":"Feature","properties":{"plot_id":7,"poly_line":"1_1","strip_id":77},"geometry":{"type":"Polygon","coordinates":[[[-98.991549473,43.576602927],[-98.991545135,43.577322736],[-98.991658385,43.577323097],[-98.991662721,43.576603287],[-98.991549473,43.576602927]]]}},
{"type":"Feature","properties":{"plot_id":8,"poly_line":"1_1","strip_id":77},"geometry":{"type":"Polygon","coordinates":[[[-98.991545135,43.577322736],[-98.991540797,43.578042545],[-98.991654048,43.578042906],[-98.991658385,43.577323097],[-98.991545135,43.577322736]]]}},
{"type":"Feature","properties":{"plot_id":1,"poly_line":"1_1","strip_id":78},"geometry":{"type":"Polygon","coordinates":[[[-98.991688744,43.572283387],[-98.991684408,43.573003305],[-98.99179765,43.573003665],[-98.991801985,43.572283747],[-98.991688744,43.572283387]]]}},
{"type":"Feature","properties":{"plot_id":2,"poly_line":"1_1","strip_id":78},"geometry":{"type":"Polygon","coordinates":[[[-98.991684408,43.573003305],[-98.991680071,43.573723222],[-98.991793314,43.573723583],[-98.99179765,43.573003665],[-98.991684408,43.573003305]]]}},
{"type":"Feature","properties":{"plot_id":3,"poly_line":"1_1","strip_id":78},"geometry":{"type":"Polygon","coordinates":[[[-98.991680071,43.573723222],[-98.991675735,43.57444314],[-98.991788979,43.5744435],[-98.991793314,43.573723583],[-98.991680071,43.573723222]]]}},
{"type":"Feature","properties":{"plot_id":4,"poly_line":"1_1","strip_id":78},"geometry":{"type":"Polygon","coordinates":[[[-98.991675735,43.57444314],[-98.991671398,43.575163057],[-98.991784643,43.575163418],[-98.991788979,43.5744435],[-98.991675735,43.57444314]]]}},
{"type":"Feature","properties":{"plot_id":5,"poly_line":"1_1","strip_id":78},"geometry":{"type":"Polygon","coordinates":[[[-98.991671398,43.575163057],[-98.991667061,43.575882975],[-98.991780308,43.575883335],[-98.991784643,43.575163418],[-98.991671398,43.575163057]]]}},
{"type":"Feature","properties":{"plot_id":6,"poly_line":"1_1","strip_id":78},"geometry":{"type":"Polygon","coordinates":[[[-98.991667061,43.575882975],[-98.991662724,43.576602892],[-98.991775972,43.576603252],[-98.991780308,43.575883335],[-98.991667061,43.575882975]]]}},
{"type":"Feature","properties":{"plot_id":7,"poly_line":"1_1","strip_id":78},"geometry":{"type":"Polygon","coordinates":[[[-98.991662724,43.576602892],[-98.991658387,43.577322809],[-98.991771636,43.57732317],[-98.991775972,43.576603252],[-98.991662724,43.576602892]]]}},
{"type":"Feature","properties":{"plot_id":8,"poly_line":"1_1","strip_id":78},"geometry":{"type":"Polygon","coordinates":[[[-98.991658387,43.577322809],[-98.991654049,43.578042726],[-98.991767301,43.578043087],[-98.991771636,43.57732317],[-98.991658387,43.577322809]]]}},
{"type":"Feature","properties":{"plot_id":1,"poly_line":"1_1","strip_id":79},"geometry":{"type":"Polygon","coordinates":[[[-98.991801991,43.572282706],[-98.991797655,43.573002731],[-98.991910897,43.573003092],[-98.991915231,43.572283066],[-98.991801991,43.572282706]]]}},
{"type":"Feature","properties":{"plot_id":2,"poly_line":"1_1","strip_id":79},"geometry":{"type":"Polygon","coordinates":[[[-98.991797655,43.573002731],[-98.991793319,43.573722756],[-98.991906562,43.573723117],[-98.991910897,43.573003092],[-98.991797655,43.573002731]]]}},
{"type":"Feature","properties":{"plot_id":3,"poly_line":"1_1","strip_id":79},"geometry":{"type":"Polygon","coordinates":[[[-98.991793319,43.573722756],[-98.991788983,43.574442782],[-98.991902228,43.574443142],[-98.991906562,43.573723117],[-98.991793319,43.573722756]]]}},
{"type":"Feature","properties":{"plot_id":4,"poly_line":"1_1","strip_id":79},"geometry":{"type":"Polygon","coordinates":[[[-98.991788983,43.574442782],[-98.991784647,43.575162807],[-98.991897893,43.575163167],[-98.991902228,43.574443142],[-98.991788983,43.574442782]]]}},
{"type":"Feature","properties":{"plot_id":5,"poly_line":"1_1","strip_id":79},"geometry":{"type":"Polygon","coordinates":[[[-98.991784647,43.575162807],[-98.991780311,43.575882832],[-98.991893558,43.575883192],[-98.991897893,43.575163167],[-98.991784647,43.575162807]]]}},
{"type":"Feature","properties":{"plot_id":6,"poly_line":"1_1","strip_id":79},"geometry":{"type":"Polygon","coordinates":[[[-98.991780311,43.575882832],[-98.991775975,43.576602857],[-98.991889223,43.576603218],[-98.991893558,43.575883192],[-98.991780311,43.575882832]]]}},
{"type":"Feature","properties":{"plot_id":7,"poly_line":"1_1","strip_id":79},"geometry":{"type":"Polygon","coordinates":[[[-98.991775975,43.576602857],[-98.991771638,43.577322882],[-98.991884888,43.577323242],[-98.991889223,43.576603218],[-98.991775975,43.576602857]]]}},
{"type":"Feature","properties":{"plot_id":8,"poly_line":"1_1","strip_id":79},"geometry":{"type":"Polygon","coordinates":[[[-98.991771638,43.577322882],[-98.991767302,43.578042907],[-98.991880553,43.578043267],[-98.991884888,43.577323242],[-98.991771638,43.577322882]]]}},
{"type":"Feature","properties":{"plot_id":1,"poly_line":"1_1","strip_id":80},"geometry":{"type":"Polygon","coordinates":[[[-98.991915238,43.572282024],[-98.991910903,43.573002158],[-98.992024144,43.573002518],[-98.992028478,43.572282385],[-98.991915238,43.572282024]]]}},
{"type":"Feature","properties":{"plot_id":2,"poly_line":"1_1","strip_id":80},"geometry":{"type":"Polygon","coordinates":[[[-98.991910903,43.573002158],[-98.991906567,43.573722291],[-98.99201981,43.573722651],[-98.992024144,43.573002518],[-98.991910903,43.573002158]]]}},
{"type":"Feature","properties":{"plot_id":3,"poly_line":"1_1","strip_id":80},"geometry":{"type":"Polygon","coordinates":[[[-98.991906567,43.573722291],[-98.991902232,43.574442424],[-98.992015476,43.574442784],[-98.99201981,43.573722651],[-98.991906567,43.573722291]]]}},
{"type":"Feature","properties":{"plot_id":4,"poly_line":"1_1","strip_id":80},"geometry":{"type":"Polygon","coordinates":[[[-98.991902232,43.574442424],[-98.991897897,43.575162557],[-98.992011142,43.575162917],[-98.992015476,43.574442784],[-98.991902232,43.574442424]]]}},
{"type":"Feature","properties":{"plot_id":5,"poly_line":"1_1","strip_id":80},"geometry":{"type":"Polygon","coordinates":[[[-98.991897897,43.575162557],[-98.991893561,43.575882689],[-98.992006808,43.57588305],[-98.992011142,43.575162917],[-98.991897897,43.575162557]]]}},
{"type":"Feature","properties":{"plot_id":6,"poly_line":"1_1","strip_id":80},"geometry":{"type":"Polygon","coordinates":[[[-98.991893561,43.575882689],[-98.991889225,43.576602822],[-98.992002474,43.576603183],[-98.992006808,43.57588305],[-98.991893561,43.575882689]]]}},
{"type":"Feature","properties":{"plot_id":7,"poly_line":"1_1","strip_id":80},"geometry":{"type":"Polygon","coordinates":[[[-98.991889225,43.576602822],[-98.99188489,43.577322955],[-98.991998139,43.577323315],[-98.992002474,43.576603183],[-98.991889225,43.576602822]]]}},
{"type":"Feature","properties":{"plot_id":8,"poly_line":"1_1","strip_id":80},"geometry":{"type":"Polygon","coordinates":[[[-98.99188489,43.577322955],[-98.991880554,43.578043087],[-98.991993805,43.578043448],[-98.991998139,43.577323315],[-98.99188489,43.577322955]]]}},
{"type":"Feature","properties":{"plot_id":1,"poly_line":"1_1","strip_id":81},"geometry":{"type":"Polygon","coordinates":[[[-98.992028484,43.572281343],[-98.992024149,43.573001785],[-98.99213739,43.573002145],[-98.992141725,43.572281703],[-98.992028484,43.572281343]]]}},
{"type":"Feature","properties":{"plot_id":2,"poly_line":"1_1","strip_id":81},"geometry":{"type":"Polygon","coordinates":[[[-98.992024149,43.573001785],[-98.992019813,43.573722226],[-98.992133056,43.573722587],[-98.99213739,43.573002145],[-98.992024149,43.573001785]]]}},
{"type":"Feature","properties":{"plot_id":3,"poly_line":"1_1","strip_id":81},"geometry":{"type":"Polygon","coordinates":[[[-98.992019813,43.573722226],[-98.992015477,43.574442668],[-98.992128722,43.574443028],[-98.992133056,43.573722587],[-98.992019813,43.573722226]]]}},
{"type":"Feature","properties":{"plot_id":4,"poly_line":"1_1","strip_id":81},"geometry":{"type":"Polygon","coordinates":[[[-98.992015477,43.574442668],[-98.992011141,43.57516311],[-98.992124387,43.57516347],[-98.992128722,43.574443028],[-98.992015477,43.574442668]]]}},
{"type":"Feature","properties":{"plot_id":5,"poly_line":"1_1","strip_id":81},"geometry":{"type":"Polygon","coordinates":[[[-98.992011141,43.57516311],[-98.992006805,43.575883551],[-98.992120052,43.575883911],[-98.992124387,43.57516347],[-98.992011141,43.57516311]]]}},
{"type":"Feature","properties":{"plot_id":6,"poly_line":"1_1","strip_id":81},"geometry":{"type":"Polygon","coordinates":[[[-98.992006805,43.575883551],[-98.992002469,43.576603992],[-98.992115717,43.576604353],[-98.992120052,43.575883911],[-98.992006805,43.575883551]]]}},
{"type":"Feature","properties":{"plot_id":7,"poly_line":"1_1","strip_id":81},"geometry":{"type":"Polygon","coordinates":[[[-98.992002469,43.576603992],[-98.991998133,43.577324434],[-98.992111383,43.577324794],[-98.992115717,43.576604353],[-98.992002469,43.576603992]]]}},
{"type":"Feature","properties":{"plot_id":8,"poly_line":"1_1","strip_id":81},"geometry":{"type":"Polygon","coordinates":[[[-98.991998133,43.577324434],[-98.991993796,43.578044875],[-98.992107048,43.578045235],[-98.992111383,43.577324794],[-98.991998133,43.577324434]]]}},
{"type":"Feature","properties":{"plot_id":1,"poly_line":"1_1","strip_id":82},"geometry":{"type":"Polygon","coordinates":[[[-98.992141731,43.572280662],[-98.992137393,43.573001686],[-98.992250635,43.573002046],[-98.992254971,43.572281022],[-98.992141731,43.572280662]]]}},
{"type":"Feature","properties":{"plot_id":2,"poly_line":"1_1","strip_id":82},"geometry":{"type":"Polygon","coordinates":[[[-98.992137393,43.573001686],[-98.992133055,43.57372271],[-98.992246298,43.57372307],[-98.992250635,43.573002046],[-98.992137393,43.573001686]]]}},
{"type":"Feature","properties":{"plot_id":3,"poly_line":"1_1","strip_id":82},"geometry":{"type":"Polygon","coordinates":[[[-98.992133055,43.57372271],[-98.992128717,43.574443734],[-98.992241962,43.574444094],[-98.992246298,43.57372307],[-98.992133055,43.57372271]]]}},
{"type":"Feature","properties":{"plot_id":4,"poly_line":"1_1","strip_id":82},"geometry":{"type":"Polygon","coordinates":[[[-98.992128717,43.574443734],[-98.992124379,43.575164758],[-98.992237625,43.575165118],[-98.992241962,43.574444094],[-98.992128717,43.574443734]]]}},
{"type":"Feature","properties":{"plot_id":5,"poly_line":"1_1","strip_id":82},"geometry":{"type":"Polygon","coordinates":[[[-98.992124379,43.575164758],[-98.992120041,43.575885782],[-98.992233288,43.575886142],[-98.992237625,43.575165118],[-98.992124379,43.575164758]]]}},
{"type":"Feature","properties":{"plot_id":6,"poly_line":"1_1","strip_id":82},"geometry":{"type":"Polygon","coordinates":[[[-98.992120041,43.575885782],[-98.992115703,43.576606806],[-98.992228951,43.576607166],[-98.992233288,43.575886142],[-98.992120041,43.575885782]]]}},
{"type":"Feature","properties":{"plot_id":7,"poly_line":"1_1","strip_id":82},"geometry":{"type":"Polygon","coordinates":[[[-98.992115703,43.576606806],[-98.992111364,43.57732783],[-98.992224614,43.57732819],[-98.992228951,43.576607166],[-98.992115703,43.576606806]]]}},
{"type":"Feature","properties":{"plot_id":8,"poly_line":"1_1","strip_id":82},"geometry":{"type":"Polygon","coordinates":[[[-98.992111364,43.57732783],[-98.992107026,43.578048854],[-98.992220277,43.578049214],[-98.992224614,43.57732819],[-98.992111364,43.57732783]]]}},
{"type":"Feature","properties":{"plot_id":1,"poly_line":"1_1","strip_id":83},"geometry":{"type":"Polygon","coordinates":[[[-98.992254978,43.57227998],[-98.992250638,43.573001587],[-98.992363879,43.573001947],[-98.992368218,43.57228034],[-98.992254978,43.57227998]]]}},
{"type":"Feature","properties":{"plot_id":2,"poly_line":"1_1","strip_id":83},"geometry":{"type":"Polygon","coordinates":[[[-98.992250638,43.573001587],[-98.992246298,43.573723194],[-98.992359541,43.573723554],[-98.992363879,43.573001947],[-98.992250638,43.573001587]]]}},
{"type":"Feature","properties":{"plot_id":3,"poly_line":"1_1","strip_id":83},"geometry":{"type":"Polygon","coordinates":[[[-98.992246298,43.573723194],[-98.992241957,43.5744448],[-98.992355202,43.57444516],[-98.992359541,43.573723554],[-98.992246298,43.573723194]]]}},
{"type":"Feature","properties":{"plot_id":4,"poly_line":"1_1","strip_id":83},"geometry":{"type":"Polygon","coordinates":[[[-98.992241957,43.5744448],[-98.992237617,43.575166407],[-98.992350863,43.575166767],[-98.992355202,43.57444516],[-98.992241957,43.5744448]]]}},
{"type":"Feature","properties":{"plot_id":5,"poly_line":"1_1","strip_id":83},"geometry":{"type":"Polygon","coordinates":[[[-98.992237617,43.575166407],[-98.992233277,43.575888013],[-98.992346524,43.575888373],[-98.992350863,43.575166767],[-98.992237617,43.575166407]]]}},
{"type":"Feature","properties":{"plot_id":6,"poly_line":"1_1","strip_id":83},"geometry":{"type":"Polygon","coordinates":[[[-98.992233277,43.575888013],[-98.992228936,43.57660962],[-98.992342185,43.57660998],[-98.992346524,43.575888373],[-98.992233277,43.575888013]]]}},
{"type":"Feature","properties":{"plot_id":7,"poly_line":"1_1","strip_id":83},"geometry":{"type":"Polygon","coordinates":[[[-98.992228936,43.57660962],[-98.992224596,43.577331226],[-98.992337846,43.577331586],[-98.992342185,43.57660998],[-98.992228936,43.57660962]]]}},
{"type":"Feature","properties":{"plot_id":8,"poly_line":"1_1","strip_id":83},"geometry":{"type":"Polygon","coordinates":[[[-98.992224596,43.577331226],[-98.992220255,43.578052832],[-98.992333506,43.578053192],[-98.992337846,43.577331586],[-98.992224596,43.577331226]]]}},
{"type":"Feature","properties":{"plot_id":1,"poly_line":"1_1","strip_id":84},"geometry":{"type":"Polygon","coordinates":[[[-98.992357239,43.574106402],[-98.992352488,43.574896484],[-98.992465733,43.574896844],[-98.992470483,43.574106762],[-98.992357239,43.574106402]]]}},
{"type":"Feature","properties":{"plot_id":2,"poly_line":"1_1","strip_id":84},"geometry":{"type":"Polygon","coordinates":[[[-98.992352488,43.574896484],[-98.992347737,43.575686566],[-98.992460984,43.575686926],[-98.992465733,43.574896844],[-98.992352488,43.574896484]]]}},
{"type":"Feature","properties":{"plot_id":3,"poly_line":"1_1","strip_id":84},"geometry":{"type":"Polygon","coordinates":[[[-98.992347737,43.575686566],[-98.992342987,43.576476648],[-98.992456235,43.576477008],[-98.992460984,43.575686926],[-98.992347737,43.575686566]]]}},
{"type":"Feature","properties":{"plot_id":4,"poly_line":"1_1","strip_id":84},"geometry":{"type":"Polygon","coordinates":[[[-98.992342987,43.576476648],[-98.992338236,43.57726673],[-98.992451485,43.577267089],[-98.992456235,43.576477008],[-98.992342987,43.576476648]]]}},
{"type":"Feature","properties":{"plot_id":5,"poly_line":"1_1","strip_id":84},"geometry":{"type":"Polygon","coordinates":[[[-98.992338236,43.57726673],[-98.992333485,43.578056811],[-98.992446736,43.578057171],[-98.992451485,43.577267089],[-98.992338236,43.57726673]]]}}
]
}
