{
"type": "FeatureCollection",
"name": "trial-design",
"xy_coordinate_resolution": 1e-09,
"features": [
{"type":"Feature","properties":{"rate":155.0,"strip_id":1,"plot_id":1,"type":"experiment"},"geometry":{"type":"Polygon","coordinates":[[[-16.696201777,39.120011322],[-16.696202475,39.120672945],[-16.69630656,39.120672878],[-16.696305861,39.120011255],[-16.696201777,39.120011322]]]}},
{"type":"Feature","properties":{"rate":110.0,"strip_id":1,"plot_id":2,"type":"experiment"},"geometry":{"type":"Polygon","coordinates":[[[-16.696202475,39.120672945],[-16.696203173,39.121334567],[-16.696307259,39.121334501],[-16.69630656,39.120672878],[-16.696202475,39.120672945]]]}},
{"type":"Feature","properties":{"rate":200.0,"strip_id":1,"plot_id":3,"type":"experiment"},"geometry":{"type":"Polygon","coordinates":[[[-16.696203173,39.121334567],[-16.696203871,39.12199619],[-16.696307958,39.121996123],[-16.696307259,39.121334501],[-16.696203173,39.121334567]]]}},
{"type":"Feature","properties":{"rate":290.0,"strip_id":1,"plot_id":4,"type":"experiment"},"geometry":{"type":"Polygon","coordinates":[[[-16.696203871,39.12199619],[-16.696204569,39.122657812],[-16.696308658,39.122657746],[-16.696307958,39.121996123],[-16.696203871,39.12199619]]]}},
{"type":"Feature","properties":{"rate":155.0,"strip_id":1,"plot_id":5,"type":"experiment"},"geometry":{"type":"Polygon","coordinates":[[[-16.696204569,39.122657812],[-16.696205268,39.123319435],[-16.696309357,39.123319368],[-16.696308658,39.122657746],[-16.696204569,39.122657812]]]}},
{"type":"Feature","properties":{"rate":110.0,"strip_id":1,"plot_id":6,"type":"experiment"},"geometry":{"type":"Polygon","coordinates":[[[-16.696205268,39.123319435],[-16.696205967,39.123981057],[-16.696310057,39.123980991],[-16.696309357,39.123319368],[-16.696205268,39.123319435]]]}},
{"type":"Feature","properties":{"rate":200.0,"strip_id":1,"plot_id":7,"type":"experiment"},"geometry":{"type":"Polygon","coordinates":[[[-16.696205967,39.123981057],[-16.696206666,39.12464268],[-16.696310757,39.124642613],[-16.696310057,39.123980991],[-16.696205967,39.123981057]]]}},
{"type":"Feature","properties":{"rate":290.0,"strip_id":1,"plot_id":8,"type":"experiment"},"geometry":{"type":"Polygon","coordinates":[[[-16.696206666,39.12464268],[-16.696207365,39.125304302],[-16.696311458,39.125304235],[-16.696310757,39.124642613],[-16.696206666,39.12464268]]]}},
{"type":"Feature","properties":{"rate":155.0,"strip_id":1,"plot_id":9,"type":"experiment"},"geometry":{"type":"Polygon","coordinates":[[[-16.696207365,39.125304302],[-16.696208065,39.125965924],[-16.696312158,39.125965857],[-16.696311458,39.125304235],[-16.696207365,39.125304302]]]}},
{"type":"Feature","properties":{"rate":110.0,"strip_id":1,"plot_id":10,"type":"experiment"},"geometry":{"type":"Polygon","coordinates":[[[-16.696208065,39.125965924],[-16.696208765,39.126627546],[-16.696312859,39.126627479],[-16.696312158,39.125965857],[-16.696208065,39.125965924]]]}},
{"type":"Feature","properties":{"rate":290.0,"strip_id":2,"plot_id":1,"type":"experiment"},"geometry":{"type":"Polygon","coordinates":[[[-16.696305858,39.12000818],[-16.696306557,39.12066968],[-16.696410642,39.120669613],[-16.696409943,39.120008113],[-16.696305858,39.12000818]]]}},
{"type":"Feature","properties":{"rate":155.0,"strip_id":2,"plot_id":2,"type":"experiment"},"geometry":{"type":"Polygon","coordinates":[[[-16.696306557,39.12066968],[-16.696307256,39.12133118],[-16.696411342,39.121331113],[-16.696410642,39.120669613],[-16.696306557,39.12066968]]]}},
{"type":"Feature","properties":{"rate":110.0,"strip_id":2,"plot_id":3,"type":"experiment"},"geometry":{"type":"Polygon","coordinates":[[[-16.696307256,39.12133118],[-16.696307955,39.121992679],[-16.696412042,39.121992613],[-16.696411342,39.121331113],[-16.696307256,39.12133118]]]}},
{"type":"Feature","properties":{"rate":200.0,"strip_id":2,"plot_id":4,"type":"experiment"},"geometry":{"type":"Polygon","coordinates":[[[-16.696307955,39.121992679],[-16.696308654,39.122654179],[-16.696412742,39.122654112],[-16.696412042,39.121992613],[-16.696307955,39.121992679]]]}},
{"type":"Feature","properties":{"rate":290.0,"strip_id":2,"plot_id":5,"type":"experiment"},"geometry":{"type":"Polygon","coordinates":[[[-16.696308654,39.122654179],[-16.696309353,39.123315679],[-16.696413443,39.123315612],[-16.696412742,39.122654112],[-16.696308654,39.122654179]]]}},
{"type":"Feature","properties":{"rate":155.0,"strip_id":2,"plot_id":6,"type":"experiment"},"geometry":{"type":"Polygon","coordinates":[[[-16.696309353,39.123315679],[-16.696310053,39.123977178],[-16.696414143,39.123977111],[-16.696413443,39.123315612],[-16.696309353,39.123315679]]]}},
{"type":"Feature","properties":{"rate":110.0,"strip_id":2,"plot_id":7,"type":"experiment"},"geometry":{"type":"Polygon","coordinates":[[[-16.696310053,39.123977178],[-16.696310753,39.124638677],[-16.696414844,39.12463861],[-16.696414143,39.123977111],[-16.696310053,39.123977178]]]}},
{"type":"Feature","properties":{"rate":200.0,"strip_id":2,"plot_id":8,"type":"experiment"},"geometry":{"type":"Polygon","coordinates":[[[-16.696310753,39.124638677],[-16.696311453,39.125300177],[-16.696415546,39.12530011],[-16.696414844,39.12463861],[-16.696310753,39.124638677]]]}},
{"type":"Feature","properties":{"rate":290.0,"strip_id":2,"plot_id":9,"type":"experiment"},"geometry":{"type":"Polygon","coordinates":[[[-16.696311453,39.125300177],[-16.696312154,39.125961676],[-16.696416247,39.125961609],[-16.696415546,39.12530011],[-16.696311453,39.125300177]]]}},
{"type":"Feature","properties":{"rate":155.0,"strip_id":2,"plot_id":10,"type":"experiment"},"geometry":{"type":"Polygon","coordinates":[[[-16.696312154,39.125961676],[-16.696312855,39.126623175],[-16.696416949,39.126623108],[-16.696416247,39.125961609],[-16.696312154,39.125961676]]]}},
{"type":"Feature","properties":{"rate":110.0,"strip_id":3,"plot_id":1,"type":"experiment"},"geometry":{"type":"Polygon","coordinates":[[[-16.696409939,39.120005038],[-16.696410639,39.120666415],[-16.696514724,39.120666348],[-16.696514024,39.120004971],[-16.696409939,39.120005038]]]}},
{"type":"Feature","properties":{"rate":200.0,"strip_id":3,"plot_id":2,"type":"experiment"},"geometry":{"type":"Polygon","coordinates":[[[-16.696410639,39.120666415],[-16.696411339,39.121327792],[-16.696515425,39.121327725],[-16.696514724,39.120666348],[-16.696410639,39.120666415]]]}},
{"type":"Feature","properties":{"rate":290.0,"strip_id":3,"plot_id":3,"type":"experiment"},"geometry":{"type":"Polygon","coordinates":[[[-16.696411339,39.121327792],[-16.696412038,39.121989169],[-16.696516126,39.121989102],[-16.696515425,39.121327725],[-16.696411339,39.121327792]]]}},
{"type":"Feature","properties":{"rate":155.0,"strip_id":3,"plot_id":4,"type":"experiment"},"geometry":{"type":"Polygon","coordinates":[[[-16.696412038,39.121989169],[-16.696412738,39.122650545],[-16.696516827,39.122650479],[-16.696516126,39.121989102],[-16.696412038,39.121989169]]]}},
{"type":"Feature","properties":{"rate":110.0,"strip_id":3,"plot_id":5,"type":"experiment"},"geometry":{"type":"Polygon","coordinates":[[[-16.696412738,39.122650545],[-16.696413439,39.123311922],[-16.696517528,39.123311855],[-16.696516827,39.122650479],[-16.696412738,39.122650545]]]}},
{"type":"Feature","properties":{"rate":200.0,"strip_id":3,"plot_id":6,"type":"experiment"},"geometry":{"type":"Polygon","coordinates":[[[-16.696413439,39.123311922],[-16.696414139,39.123973299],[-16.69651823,39.123973232],[-16.696517528,39.123311855],[-16.696413439,39.123311922]]]}},
{"type":"Feature","properties":{"rate":290.0,"strip_id":3,"plot_id":7,"type":"experiment"},"geometry":{"type":"Polygon","coordinates":[[[-16.696414139,39.123973299],[-16.69641484,39.124634675],[-16.696518932,39.124634608],[-16.69651823,39.123973232],[-16.696414139,39.123973299]]]}},
{"type":"Feature","properties":{"rate":155.0,"strip_id":3,"plot_id":8,"type":"experiment"},"geometry":{"type":"Polygon","coordinates":[[[-16.69641484,39.124634675],[-16.696415541,39.125296051],[-16.696519634,39.125295984],[-16.696518932,39.124634608],[-16.69641484,39.124634675]]]}},
{"type":"Feature","properties":{"rate":110.0,"strip_id":3,"plot_id":9,"type":"experiment"},"geometry":{"type":"Polygon","coordinates":[[[-16.696415541,39.125296051],[-16.696416243,39.125957428],[-16.696520336,39.125957361],[-16.696519634,39.125295984],[-16.696415541,39.125296051]]]}},
{"type":"Feature","properties":{"rate":200.0,"strip_id":3,"plot_id":10,"type":"experiment"},"geometry":{"type":"Polygon","coordinates":[[[-16.696416243,39.125957428],[-16.696416944,39.126618804],[-16.696521038,39.126618737],[-16.696520336,39.125957361],[-16.696416243,39.125957428]]]}},
{"type":"Feature","properties":{"rate":200.0,"strip_id":4,"plot_id":1,"type":"experiment"},"geometry":{"type":"Polygon","coordinates":[[[-16.696514021,39.120001896],[-16.696514721,39.12066315],[-16.696618806,39.120663083],[-16.696618105,39.120001829],[-16.696514021,39.120001896]]]}},
{"type":"Feature","properties":{"rate":290.0,"strip_id":4,"plot_id":2,"type":"experiment"},"geometry":{"type":"Polygon","coordinates":[[[-16.696514721,39.12066315],[-16.696515421,39.121324404],[-16.696619508,39.121324337],[-16.696618806,39.120663083],[-16.696514721,39.12066315]]]}},
{"type":"Feature","properties":{"rate":155.0,"strip_id":4,"plot_id":3,"type":"experiment"},"geometry":{"type":"Polygon","coordinates":[[[-16.696515421,39.121324404],[-16.696516122,39.121985658],[-16.69662021,39.121985591],[-16.696619508,39.121324337],[-16.696515421,39.121324404]]]}},
{"type":"Feature","properties":{"rate":110.0,"strip_id":4,"plot_id":4,"type":"experiment"},"geometry":{"type":"Polygon","coordinates":[[[-16.696516122,39.121985658],[-16.696516823,39.122646912],[-16.696620911,39.122646845],[-16.69662021,39.121985591],[-16.696516122,39.121985658]]]}},
{"type":"Feature","properties":{"rate":200.0,"strip_id":4,"plot_id":5,"type":"experiment"},"geometry":{"type":"Polygon","coordinates":[[[-16.696516823,39.122646912],[-16.696517524,39.123308165],[-16.696621614,39.123308098],[-16.696620911,39.122646845],[-16.696516823,39.122646912]]]}},
{"type":"Feature","properties":{"rate":290.0,"strip_id":4,"plot_id":6,"type":"experiment"},"geometry":{"type":"Polygon","coordinates":[[[-16.696517524,39.123308165],[-16.696518226,39.123969419],[-16.696622316,39.123969352],[-16.696621614,39.123308098],[-16.696517524,39.123308165]]]}},
{"type":"Feature","properties":{"rate":155.0,"strip_id":4,"plot_id":7,"type":"experiment"},"geometry":{"type":"Polygon","coordinates":[[[-16.696518226,39.123969419],[-16.696518927,39.124630673],[-16.696623019,39.124630606],[-16.696622316,39.123969352],[-16.696518226,39.123969419]]]}},
{"type":"Feature","properties":{"rate":110.0,"strip_id":4,"plot_id":8,"type":"experiment"},"geometry":{"type":"Polygon","coordinates":[[[-16.696518927,39.124630673],[-16.696519629,39.125291926],[-16.696623722,39.125291859],[-16.696623019,39.124630606],[-16.696518927,39.124630673]]]}},
{"type":"Feature","properties":{"rate":200.0,"strip_id":4,"plot_id":9,"type":"experiment"},"geometry":{"type":"Polygon","coordinates":[[[-16.696519629,39.125291926],[-16.696520331,39.125953179],[-16.696624425,39.125953112],[-16.696623722,39.125291859],[-16.696519629,39.125291926]]]}},
{"type":"Feature","properties":{"rate":290.0,"strip_id":4,"plot_id":10,"type":"experiment"},"geometry":{"type":"Polygon","coordinates":[[[-16.696520331,39.125953179],[-16.696521034,39.126614433],[-16.696625128,39.126614366],[-16.696624425,39.125953112],[-16.696520331,39.125953179]]]}},
{"type":"Feature","properties":{"rate":155.0,"strip_id":5,"plot_id":1,"type":"experiment"},"geometry":{"type":"Polygon","coordinates":[[[-16.696618102,39.119998754],[-16.696618803,39.120659885],[-16.696722888,39.120659818],[-16.696722186,39.119998687],[-16.696618102,39.119998754]]]}},
{"type":"Feature","properties":{"rate":110.0,"strip_id":5,"plot_id":2,"type":"experiment"},"geometry":{"type":"Polygon","coordinates":[[[-16.696618803,39.120659885],[-16.696619504,39.121321016],[-16.696723591,39.121320949],[-16.696722888,39.120659818],[-16.696618803,39.120659885]]]}},
{"type":"Feature","properties":{"rate":200.0,"strip_id":5,"plot_id":3,"type":"experiment"},"geometry":{"type":"Polygon","coordinates":[[[-16.696619504,39.121321016],[-16.696620206,39.121982147],[-16.696724293,39.12198208],[-16.696723591,39.121320949],[-16.696619504,39.121321016]]]}},
{"type":"Feature","properties":{"rate":290.0,"strip_id":5,"plot_id":4,"type":"experiment"},"geometry":{"type":"Polygon","coordinates":[[[-16.696620206,39.121982147],[-16.696620908,39.122643278],[-16.696724996,39.122643211],[-16.696724293,39.12198208],[-16.696620206,39.121982147]]]}},
{"type":"Feature","properties":{"rate":155.0,"strip_id":5,"plot_id":5,"type":"experiment"},"geometry":{"type":"Polygon","coordinates":[[[-16.696620908,39.122643278],[-16.69662161,39.123304409],[-16.696725699,39.123304342],[-16.696724996,39.122643211],[-16.696620908,39.122643278]]]}},
{"type":"Feature","properties":{"rate":110.0,"strip_id":5,"plot_id":6,"type":"experiment"},"geometry":{"type":"Polygon","coordinates":[[[-16.69662161,39.123304409],[-16.696622312,39.12396554],[-16.696726402,39.123965472],[-16.696725699,39.123304342],[-16.69662161,39.123304409]]]}},
{"type":"Feature","properties":{"rate":200.0,"strip_id":5,"plot_id":7,"type":"experiment"},"geometry":{"type":"Polygon","coordinates":[[[-16.696622312,39.12396554],[-16.696623014,39.12462667],[-16.696727106,39.124626603],[-16.696726402,39.123965472],[-16.696622312,39.12396554]]]}},
{"type":"Feature","properties":{"rate":290.0,"strip_id":5,"plot_id":8,"type":"experiment"},"geometry":{"type":"Polygon","coordinates":[[[-16.696623014,39.12462667],[-16.696623717,39.125287801],[-16.696727809,39.125287733],[-16.696727106,39.124626603],[-16.696623014,39.12462667]]]}},
{"type":"Feature","properties":{"rate":155.0,"strip_id":5,"plot_id":9,"type":"experiment"},"geometry":{"type":"Polygon","coordinates":[[[-16.696623717,39.125287801],[-16.69662442,39.125948931],[-16.696728513,39.125948864],[-16.696727809,39.125287733],[-16.696623717,39.125287801]]]}},
{"type":"Feature","properties":{"rate":110.0,"strip_id":5,"plot_id":10,"type":"experiment"},"geometry":{"type":"Polygon","coordinates":[[[-16.69662442,39.125948931],[-16.696625123,39.126610062],[-16.696729218,39.126609994],[-16.696728513,39.125948864],[-16.69662442,39.125948931]]]}},
{"type":"Feature","properties":{"rate":290.0,"strip_id":6,"plot_id":1,"type":"experiment"},"geometry":{"type":"Polygon","coordinates":[[[-16.696722183,39.119995612],[-16.696722885,39.12065662],[-16.69682697,39.120656553],[-16.696826268,39.119995545],[-16.696722183,39.119995612]]]}},
{"type":"Feature","properties":{"rate":155.0,"strip_id":6,"plot_id":2,"type":"experiment"},"geometry":{"type":"Polygon","coordinates":[[[-16.696722885,39.12065662],[-16.696723587,39.121317628],[-16.696827674,39.121317561],[-16.69682697,39.120656553],[-16.696722885,39.12065662]]]}},
{"type":"Feature","properties":{"rate":110.0,"strip_id":6,"plot_id":3,"type":"experiment"},"geometry":{"type":"Polygon","coordinates":[[[-16.696723587,39.121317628],[-16.69672429,39.121978636],[-16.696828377,39.121978569],[-16.696827674,39.121317561],[-16.696723587,39.121317628]]]}},
{"type":"Feature","properties":{"rate":200.0,"strip_id":6,"plot_id":4,"type":"experiment"},"geometry":{"type":"Polygon","coordinates":[[[-16.69672429,39.121978636],[-16.696724992,39.122639644],[-16.696829081,39.122639577],[-16.696828377,39.121978569],[-16.69672429,39.121978636]]]}},
{"type":"Feature","properties":{"rate":290.0,"strip_id":6,"plot_id":5,"type":"experiment"},"geometry":{"type":"Polygon","coordinates":[[[-16.696724992,39.122639644],[-16.696725695,39.123300652],[-16.696829784,39.123300585],[-16.696829081,39.122639577],[-16.696724992,39.122639644]]]}},
{"type":"Feature","properties":{"rate":155.0,"strip_id":6,"plot_id":6,"type":"experiment"},"geometry":{"type":"Polygon","coordinates":[[[-16.696725695,39.123300652],[-16.696726398,39.12396166],[-16.696830489,39.123961593],[-16.696829784,39.123300585],[-16.696725695,39.123300652]]]}},
{"type":"Feature","properties":{"rate":110.0,"strip_id":6,"plot_id":7,"type":"experiment"},"geometry":{"type":"Polygon","coordinates":[[[-16.696726398,39.12396166],[-16.696727102,39.124622668],[-16.696831193,39.1246226],[-16.696830489,39.123961593],[-16.696726398,39.12396166]]]}},
{"type":"Feature","properties":{"rate":200.0,"strip_id":6,"plot_id":8,"type":"experiment"},"geometry":{"type":"Polygon","coordinates":[[[-16.696727102,39.124622668],[-16.696727805,39.125283675],[-16.696831897,39.125283608],[-16.696831193,39.1246226],[-16.696727102,39.124622668]]]}},
{"type":"Feature","properties":{"rate":290.0,"strip_id":6,"plot_id":9,"type":"experiment"},"geometry":{"type":"Polygon","coordinates":[[[-16.696727805,39.125283675],[-16.696728509,39.125944683],[-16.696832602,39.125944615],[-16.696831897,39.125283608],[-16.696727805,39.125283675]]]}},
{"type":"Feature","properties":{"rate":155.0,"strip_id":6,"plot_id":10,"type":"experiment"},"geometry":{"type":"Polygon","coordinates":[[[-16.696728509,39.125944683],[-16.696729213,39.12660569],[-16.696833307,39.126605623],[-16.696832602,39.125944615],[-16.696728509,39.125944683]]]}},
{"type":"Feature","properties":{"rate":110.0,"strip_id":7,"plot_id":1,"type":"experiment"},"geometry":{"type":"Polygon","coordinates":[[[-16.696826264,39.11999247],[-16.696826967,39.120653355],[-16.696931052,39.120653288],[-16.696930349,39.119992403],[-16.696826264,39.11999247]]]}},
{"type":"Feature","properties":{"rate":200.0,"strip_id":7,"plot_id":2,"type":"experiment"},"geometry":{"type":"Polygon","coordinates":[[[-16.696826967,39.120653355],[-16.69682767,39.12131424],[-16.696931756,39.121314173],[-16.696931052,39.120653288],[-16.696826967,39.120653355]]]}},
{"type":"Feature","properties":{"rate":290.0,"strip_id":7,"plot_id":3,"type":"experiment"},"geometry":{"type":"Polygon","coordinates":[[[-16.69682767,39.12131424],[-16.696828373,39.121975125],[-16.696932461,39.121975058],[-16.696931756,39.121314173],[-16.69682767,39.12131424]]]}},
{"type":"Feature","properties":{"rate":155.0,"strip_id":7,"plot_id":4,"type":"experiment"},"geometry":{"type":"Polygon","coordinates":[[[-16.696828373,39.121975125],[-16.696829077,39.12263601],[-16.696933165,39.122635943],[-16.696932461,39.121975058],[-16.696828373,39.121975125]]]}},
{"type":"Feature","properties":{"rate":110.0,"strip_id":7,"plot_id":5,"type":"experiment"},"geometry":{"type":"Polygon","coordinates":[[[-16.696829077,39.12263601],[-16.69682978,39.123296895],[-16.69693387,39.123296828],[-16.696933165,39.122635943],[-16.696829077,39.12263601]]]}},
{"type":"Feature","properties":{"rate":200.0,"strip_id":7,"plot_id":6,"type":"experiment"},"geometry":{"type":"Polygon","coordinates":[[[-16.69682978,39.123296895],[-16.696830484,39.12395778],[-16.696934575,39.123957713],[-16.69693387,39.123296828],[-16.69682978,39.123296895]]]}},
{"type":"Feature","properties":{"rate":290.0,"strip_id":7,"plot_id":7,"type":"experiment"},"geometry":{"type":"Polygon","coordinates":[[[-16.696830484,39.12395778],[-16.696831189,39.124618665],[-16.69693528,39.124618597],[-16.696934575,39.123957713],[-16.696830484,39.12395778]]]}},
{"type":"Feature","properties":{"rate":155.0,"strip_id":7,"plot_id":8,"type":"experiment"},"geometry":{"type":"Polygon","coordinates":[[[-16.696831189,39.124618665],[-16.696831893,39.12527955],[-16.696935985,39.125279482],[-16.69693528,39.124618597],[-16.696831189,39.124618665]]]}},
{"type":"Feature","properties":{"rate":110.0,"strip_id":7,"plot_id":9,"type":"experiment"},"geometry":{"type":"Polygon","coordinates":[[[-16.696831893,39.12527955],[-16.696832598,39.125940434],[-16.696936691,39.125940367],[-16.696935985,39.125279482],[-16.696831893,39.12527955]]]}},
{"type":"Feature","properties":{"rate":200.0,"strip_id":7,"plot_id":10,"type":"experiment"},"geometry":{"type":"Polygon","coordinates":[[[-16.696832598,39.125940434],[-16.696833303,39.126601319],[-16.696937397,39.126601251],[-16.696936691,39.125940367],[-16.696832598,39.125940434]]]}},
{"type":"Feature","properties":{"rate":200.0,"strip_id":8,"plot_id":1,"type":"experiment"},"geometry":{"type":"Polygon","coordinates":[[[-16.696930345,39.119989328],[-16.696931049,39.12065009],[-16.697035134,39.120650023],[-16.69703443,39.11998926],[-16.696930345,39.119989328]]]}},
{"type":"Feature","properties":{"rate":290.0,"strip_id":8,"plot_id":2,"type":"experiment"},"geometry":{"type":"Polygon","coordinates":[[[-16.696931049,39.12065009],[-16.696931753,39.121310852],[-16.697035839,39.121310785],[-16.697035134,39.120650023],[-16.696931049,39.12065009]]]}},
{"type":"Feature","properties":{"rate":155.0,"strip_id":8,"plot_id":3,"type":"experiment"},"geometry":{"type":"Polygon","coordinates":[[[-16.696931753,39.121310852],[-16.696932457,39.121971614],[-16.697036544,39.121971547],[-16.697035839,39.121310785],[-16.696931753,39.121310852]]]}},
{"type":"Feature","properties":{"rate":110.0,"strip_id":8,"plot_id":4,"type":"experiment"},"geometry":{"type":"Polygon","coordinates":[[[-16.696932457,39.121971614],[-16.696933161,39.122632376],[-16.69703725,39.122632309],[-16.697036544,39.121971547],[-16.696932457,39.121971614]]]}},
{"type":"Feature","properties":{"rate":200.0,"strip_id":8,"plot_id":5,"type":"experiment"},"geometry":{"type":"Polygon","coordinates":[[[-16.696933161,39.122632376],[-16.696933866,39.123293138],[-16.697037955,39.123293071],[-16.69703725,39.122632309],[-16.696933161,39.122632376]]]}},
{"type":"Feature","properties":{"rate":290.0,"strip_id":8,"plot_id":6,"type":"experiment"},"geometry":{"type":"Polygon","coordinates":[[[-16.696933866,39.123293138],[-16.696934571,39.1239539],[-16.697038661,39.123953833],[-16.697037955,39.123293071],[-16.696933866,39.123293138]]]}},
{"type":"Feature","properties":{"rate":155.0,"strip_id":8,"plot_id":7,"type":"experiment"},"geometry":{"type":"Polygon","coordinates":[[[-16.696934571,39.1239539],[-16.696935276,39.124614662],[-16.697039367,39.124614595],[-16.697038661,39.123953833],[-16.696934571,39.1239539]]]}},
{"type":"Feature","properties":{"rate":110.0,"strip_id":8,"plot_id":8,"type":"experiment"},"geometry":{"type":"Polygon","coordinates":[[[-16.696935276,39.124614662],[-16.696935981,39.125275424],[-16.697040073,39.125275356],[-16.697039367,39.124614595],[-16.696935276,39.124614662]]]}},
{"type":"Feature","properties":{"rate":200.0,"strip_id":8,"plot_id":9,"type":"experiment"},"geometry":{"type":"Polygon","coordinates":[[[-16.696935981,39.125275424],[-16.696936686,39.125936186],[-16.69704078,39.125936118],[-16.697040073,39.125275356],[-16.696935981,39.125275424]]]}},
{"type":"Feature","properties":{"rate":290.0,"strip_id":8,"plot_id":10,"type":"experiment"},"geometry":{"type":"Polygon","coordinates":[[[-16.696936686,39.125936186],[-16.696937392,39.126596947],[-16.697041486,39.12659688],[-16.69704078,39.125936118],[-16.696936686,39.125936186]]]}},
{"type":"Feature","properties":{"rate":155.0,"strip_id":9,"plot_id":1,"type":"experiment"},"geometry":{"type":"Polygon","coordinates":[[[-16.697034427,39.119986185],[-16.697035131,39.120646825],[-16.697139216,39.120646757],[-16.697138511,39.119986118],[-16.697034427,39.119986185]]]}},
{"type":"Feature","properties":{"rate":110.0,"strip_id":9,"plot_id":2,"type":"experiment"},"geometry":{"type":"Polygon","coordinates":[[[-16.697035131,39.120646825],[-16.697035836,39.121307464],[-16.697139922,39.121307396],[-16.697139216,39.120646757],[-16.697035131,39.120646825]]]}},
{"type":"Feature","properties":{"rate":200.0,"strip_id":9,"plot_id":3,"type":"experiment"},"geometry":{"type":"Polygon","coordinates":[[[-16.697035836,39.121307464],[-16.697036541,39.121968103],[-16.697140628,39.121968036],[-16.697139922,39.121307396],[-16.697035836,39.121307464]]]}},
{"type":"Feature","properties":{"rate":290.0,"strip_id":9,"plot_id":4,"type":"experiment"},"geometry":{"type":"Polygon","coordinates":[[[-16.697036541,39.121968103],[-16.697037246,39.122628742],[-16.697141334,39.122628675],[-16.697140628,39.121968036],[-16.697036541,39.121968103]]]}},
{"type":"Feature","properties":{"rate":155.0,"strip_id":9,"plot_id":5,"type":"experiment"},"geometry":{"type":"Polygon","coordinates":[[[-16.697037246,39.122628742],[-16.697037951,39.123289381],[-16.697142041,39.123289314],[-16.697141334,39.122628675],[-16.697037246,39.122628742]]]}},
{"type":"Feature","properties":{"rate":110.0,"strip_id":9,"plot_id":6,"type":"experiment"},"geometry":{"type":"Polygon","coordinates":[[[-16.697037951,39.123289381],[-16.697038657,39.12395002],[-16.697142747,39.123949953],[-16.697142041,39.123289314],[-16.697037951,39.123289381]]]}},
{"type":"Feature","properties":{"rate":200.0,"strip_id":9,"plot_id":7,"type":"experiment"},"geometry":{"type":"Polygon","coordinates":[[[-16.697038657,39.12395002],[-16.697039363,39.124610659],[-16.697143454,39.124610592],[-16.697142747,39.123949953],[-16.697038657,39.12395002]]]}},
{"type":"Feature","properties":{"rate":290.0,"strip_id":9,"plot_id":8,"type":"experiment"},"geometry":{"type":"Polygon","coordinates":[[[-16.697039363,39.124610659],[-16.697040069,39.125271298],[-16.697144161,39.12527123],[-16.697143454,39.124610592],[-16.697039363,39.124610659]]]}},
{"type":"Feature","properties":{"rate":155.0,"strip_id":9,"plot_id":9,"type":"experiment"},"geometry":{"type":"Polygon","coordinates":[[[-16.697040069,39.125271298],[-16.697040775,39.125931937],[-16.697144868,39.125931869],[-16.697144161,39.12527123],[-16.697040069,39.125271298]]]}},
{"type":"Feature","properties":{"rate":110.0,"strip_id":9,"plot_id":10,"type":"experiment"},"geometry":{"type":"Polygon","coordinates":[[[-16.697040775,39.125931937],[-16.697041482,39.126592576],[-16.697145576,39.126592508],[-16.697144868,39.125931869],[-16.697040775,39.125931937]]]}},
{"type":"Feature","properties":{"rate":290.0,"strip_id":10,"plot_id":1,"type":"experiment"},"geometry":{"type":"Polygon","coordinates":[[[-16.697138508,39.119983043],[-16.697139213,39.120643559],[-16.697243298,39.120643492],[-16.697242592,39.119982975],[-16.697138508,39.119983043]]]}},
{"type":"Feature","properties":{"rate":155.0,"strip_id":10,"plot_id":2,"type":"experiment"},"geometry":{"type":"Polygon","coordinates":[[[-16.697139213,39.120643559],[-16.697139919,39.121304075],[-16.697244005,39.121304008],[-16.697243298,39.120643492],[-16.697139213,39.120643559]]]}},
{"type":"Feature","properties":{"rate":110.0,"strip_id":10,"plot_id":3,"type":"experiment"},"geometry":{"type":"Polygon","coordinates":[[[-16.697139919,39.121304075],[-16.697140624,39.121964592],[-16.697244712,39.121964524],[-16.697244005,39.121304008],[-16.697139919,39.121304075]]]}},
{"type":"Feature","properties":{"rate":200.0,"strip_id":10,"plot_id":4,"type":"experiment"},"geometry":{"type":"Polygon","coordinates":[[[-16.697140624,39.121964592],[-16.69714133,39.122625108],[-16.697245419,39.12262504],[-16.697244712,39.121964524],[-16.697140624,39.121964592]]]}},
{"type":"Feature","properties":{"rate":290.0,"strip_id":10,"plot_id":5,"type":"experiment"},"geometry":{"type":"Polygon","coordinates":[[[-16.69714133,39.122625108],[-16.697142037,39.123285624],[-16.697246126,39.123285557],[-16.697245419,39.12262504],[-16.69714133,39.122625108]]]}},
{"type":"Feature","properties":{"rate":155.0,"strip_id":10,"plot_id":6,"type":"experiment"},"geometry":{"type":"Polygon","coordinates":[[[-16.697142037,39.123285624],[-16.697142743,39.12394614],[-16.697246833,39.123946073],[-16.697246126,39.123285557],[-16.697142037,39.123285624]]]}},
{"type":"Feature","properties":{"rate":110.0,"strip_id":10,"plot_id":7,"type":"experiment"},"geometry":{"type":"Polygon","coordinates":[[[-16.697142743,39.12394614],[-16.69714345,39.124606656],[-16.697247541,39.124606589],[-16.697246833,39.123946073],[-16.697142743,39.12394614]]]}},
{"type":"Feature","properties":{"rate":200.0,"strip_id":10,"plot_id":8,"type":"experiment"},"geometry":{"type":"Polygon","coordinates":[[[-16.69714345,39.124606656],[-16.697144157,39.125267172],[-16.697248249,39.125267105],[-16.697247541,39.124606589],[-16.69714345,39.124606656]]]}},
{"type":"Feature","properties":{"rate":290.0,"strip_id":10,"plot_id":9,"type":"experiment"},"geometry":{"type":"Polygon","coordinates":[[[-16.697144157,39.125267172],[-16.697144864,39.125927688],[-16.697248957,39.12592762],[-16.697248249,39.125267105],[-16.697144157,39.125267172]]]}},
{"type":"Feature","properties":{"rate":155.0,"strip_id":10,"plot_id":10,"type":"experiment"},"geometry":{"type":"Polygon","coordinates":[[[-16.697144864,39.125927688],[-16.697145571,39.126588204],[-16.697249665,39.126588136],[-16.697248957,39.12592762],[-16.697144864,39.125927688]]]}},
{"type":"Feature","properties":{"rate":110.0,"strip_id":11,"plot_id":1,"type":"experiment"},"geometry":{"type":"Polygon","coordinates":[[[-16.697242589,39.1199799],[-16.697243295,39.120640294],[-16.69734738,39.120640226],[-16.697346673,39.119979833],[-16.697242589,39.1199799]]]}},
{"type":"Feature","properties":{"rate":200.0,"strip_id":11,"plot_id":2,"type":"experiment"},"geometry":{"type":"Polygon","coordinates":[[[-16.697243295,39.120640294],[-16.697244001,39.121300687],[-16.697348088,39.121300619],[-16.69734738,39.120640226],[-16.697243295,39.120640294]]]}},
{"type":"Feature","properties":{"rate":290.0,"strip_id":11,"plot_id":3,"type":"experiment"},"geometry":{"type":"Polygon","coordinates":[[[-16.697244001,39.121300687],[-16.697244708,39.12196108],[-16.697348795,39.121961013],[-16.697348088,39.121300619],[-16.697244001,39.121300687]]]}},
{"type":"Feature","properties":{"rate":155.0,"strip_id":11,"plot_id":4,"type":"experiment"},"geometry":{"type":"Polygon","coordinates":[[[-16.697244708,39.12196108],[-16.697245415,39.122621474],[-16.697349503,39.122621406],[-16.697348795,39.121961013],[-16.697244708,39.12196108]]]}},
{"type":"Feature","properties":{"rate":110.0,"strip_id":11,"plot_id":5,"type":"experiment"},"geometry":{"type":"Polygon","coordinates":[[[-16.697245415,39.122621474],[-16.697246122,39.123281867],[-16.697350211,39.123281799],[-16.697349503,39.122621406],[-16.697245415,39.122621474]]]}},
{"type":"Feature","properties":{"rate":200.0,"strip_id":11,"plot_id":6,"type":"experiment"},"geometry":{"type":"Polygon","coordinates":[[[-16.697246122,39.123281867],[-16.697246829,39.12394226],[-16.697350919,39.123942192],[-16.697350211,39.123281799],[-16.697246122,39.123281867]]]}},
{"type":"Feature","properties":{"rate":290.0,"strip_id":11,"plot_id":7,"type":"experiment"},"geometry":{"type":"Polygon","coordinates":[[[-16.697246829,39.12394226],[-16.697247537,39.124602653],[-16.697351628,39.124602585],[-16.697350919,39.123942192],[-16.697246829,39.12394226]]]}},
{"type":"Feature","properties":{"rate":155.0,"strip_id":11,"plot_id":8,"type":"experiment"},"geometry":{"type":"Polygon","coordinates":[[[-16.697247537,39.124602653],[-16.697248245,39.125263046],[-16.697352337,39.125262978],[-16.697351628,39.124602585],[-16.697247537,39.124602653]]]}},
{"type":"Feature","properties":{"rate":110.0,"strip_id":11,"plot_id":9,"type":"experiment"},"geometry":{"type":"Polygon","coordinates":[[[-16.697248245,39.125263046],[-16.697248953,39.125923439],[-16.697353046,39.125923371],[-16.697352337,39.125262978],[-16.697248245,39.125263046]]]}},
{"type":"Feature","properties":{"rate":200.0,"strip_id":11,"plot_id":10,"type":"experiment"},"geometry":{"type":"Polygon","coordinates":[[[-16.697248953,39.125923439],[-16.697249661,39.126583832],[-16.697353755,39.126583764],[-16.697353046,39.125923371],[-16.697248953,39.125923439]]]}},
{"type":"Feature","properties":{"rate":200.0,"strip_id":12,"plot_id":1,"type":"experiment"},"geometry":{"type":"Polygon","coordinates":[[[-16.69734667,39.119976757],[-16.697347377,39.120637028],[-16.697451462,39.12063696],[-16.697450754,39.11997669],[-16.69734667,39.119976757]]]}},
{"type":"Feature","properties":{"rate":290.0,"strip_id":12,"plot_id":2,"type":"experiment"},"geometry":{"type":"Polygon","coordinates":[[[-16.697347377,39.120637028],[-16.697348084,39.121297299],[-16.697452171,39.121297231],[-16.697451462,39.12063696],[-16.697347377,39.120637028]]]}},
{"type":"Feature","properties":{"rate":155.0,"strip_id":12,"plot_id":3,"type":"experiment"},"geometry":{"type":"Polygon","coordinates":[[[-16.697348084,39.121297299],[-16.697348792,39.121957569],[-16.697452879,39.121957501],[-16.697452171,39.121297231],[-16.697348084,39.121297299]]]}},
{"type":"Feature","properties":{"rate":110.0,"strip_id":12,"plot_id":4,"type":"experiment"},"geometry":{"type":"Polygon","coordinates":[[[-16.697348792,39.121957569],[-16.697349499,39.122617839],[-16.697453588,39.122617772],[-16.697452879,39.121957501],[-16.697348792,39.121957569]]]}},
{"type":"Feature","properties":{"rate":200.0,"strip_id":12,"plot_id":5,"type":"experiment"},"geometry":{"type":"Polygon","coordinates":[[[-16.697349499,39.122617839],[-16.697350207,39.12327811],[-16.697454296,39.123278042],[-16.697453588,39.122617772],[-16.697349499,39.122617839]]]}},
{"type":"Feature","properties":{"rate":290.0,"strip_id":12,"plot_id":6,"type":"experiment"},"geometry":{"type":"Polygon","coordinates":[[[-16.697350207,39.12327811],[-16.697350915,39.12393838],[-16.697455006,39.123938312],[-16.697454296,39.123278042],[-16.697350207,39.12327811]]]}},
{"type":"Feature","properties":{"rate":155.0,"strip_id":12,"plot_id":7,"type":"experiment"},"geometry":{"type":"Polygon","coordinates":[[[-16.697350915,39.12393838],[-16.697351624,39.12459865],[-16.697455715,39.124598582],[-16.697455006,39.123938312],[-16.697350915,39.12393838]]]}},
{"type":"Feature","properties":{"rate":110.0,"strip_id":12,"plot_id":8,"type":"experiment"},"geometry":{"type":"Polygon","coordinates":[[[-16.697351624,39.12459865],[-16.697352332,39.12525892],[-16.697456425,39.125258852],[-16.697455715,39.124598582],[-16.697351624,39.12459865]]]}},
{"type":"Feature","properties":{"rate":200.0,"strip_id":12,"plot_id":9,"type":"experiment"},"geometry":{"type":"Polygon","coordinates":[[[-16.697352332,39.12525892],[-16.697353041,39.12591919],[-16.697457134,39.125919122],[-16.697456425,39.125258852],[-16.697352332,39.12525892]]]}},
{"type":"Feature","properties":{"rate":290.0,"strip_id":12,"plot_id":10,"type":"experiment"},"geometry":{"type":"Polygon","coordinates":[[[-16.697353041,39.12591919],[-16.69735375,39.12657946],[-16.697457845,39.126579392],[-16.697457134,39.125919122],[-16.697353041,39.12591919]]]}},
{"type":"Feature","properties":{"rate":155.0,"strip_id":13,"plot_id":1,"type":"experiment"},"geometry":{"type":"Polygon","coordinates":[[[-16.697450751,39.119973615],[-16.697451459,39.120633762],[-16.697555544,39.120633695],[-16.697554836,39.119973547],[-16.697450751,39.119973615]]]}},
{"type":"Feature","properties":{"rate":110.0,"strip_id":13,"plot_id":2,"type":"experiment"},"geometry":{"type":"Polygon","coordinates":[[[-16.697451459,39.120633762],[-16.697452167,39.12129391],[-16.697556253,39.121293842],[-16.697555544,39.120633695],[-16.697451459,39.120633762]]]}},
{"type":"Feature","properties":{"rate":200.0,"strip_id":13,"plot_id":3,"type":"experiment"},"geometry":{"type":"Polygon","coordinates":[[[-16.697452167,39.12129391],[-16.697452875,39.121954057],[-16.697556963,39.12195399],[-16.697556253,39.121293842],[-16.697452167,39.12129391]]]}},
{"type":"Feature","properties":{"rate":290.0,"strip_id":13,"plot_id":4,"type":"experiment"},"geometry":{"type":"Polygon","coordinates":[[[-16.697452875,39.121954057],[-16.697453584,39.122614205],[-16.697557672,39.122614137],[-16.697556963,39.12195399],[-16.697452875,39.121954057]]]}},
{"type":"Feature","properties":{"rate":155.0,"strip_id":13,"plot_id":5,"type":"experiment"},"geometry":{"type":"Polygon","coordinates":[[[-16.697453584,39.122614205],[-16.697454293,39.123274352],[-16.697558382,39.123274284],[-16.697557672,39.122614137],[-16.697453584,39.122614205]]]}},
{"type":"Feature","properties":{"rate":110.0,"strip_id":13,"plot_id":6,"type":"experiment"},"geometry":{"type":"Polygon","coordinates":[[[-16.697454293,39.123274352],[-16.697455002,39.1239345],[-16.697559092,39.123934432],[-16.697558382,39.123274284],[-16.697454293,39.123274352]]]}},
{"type":"Feature","properties":{"rate":200.0,"strip_id":13,"plot_id":7,"type":"experiment"},"geometry":{"type":"Polygon","coordinates":[[[-16.697455002,39.1239345],[-16.697455711,39.124594647],[-16.697559802,39.124594579],[-16.697559092,39.123934432],[-16.697455002,39.1239345]]]}},
{"type":"Feature","properties":{"rate":290.0,"strip_id":13,"plot_id":8,"type":"experiment"},"geometry":{"type":"Polygon","coordinates":[[[-16.697455711,39.124594647],[-16.69745642,39.125254794],[-16.697560512,39.125254726],[-16.697559802,39.124594579],[-16.697455711,39.124594647]]]}},
{"type":"Feature","properties":{"rate":155.0,"strip_id":13,"plot_id":9,"type":"experiment"},"geometry":{"type":"Polygon","coordinates":[[[-16.69745642,39.125254794],[-16.69745713,39.125914941],[-16.697561223,39.125914873],[-16.697560512,39.125254726],[-16.69745642,39.125254794]]]}},
{"type":"Feature","properties":{"rate":110.0,"strip_id":13,"plot_id":10,"type":"experiment"},"geometry":{"type":"Polygon","coordinates":[[[-16.69745713,39.125914941],[-16.69745784,39.126575088],[-16.697561934,39.12657502],[-16.697561223,39.125914873],[-16.69745713,39.125914941]]]}},
{"type":"Feature","properties":{"rate":290.0,"strip_id":14,"plot_id":1,"type":"experiment"},"geometry":{"type":"Polygon","coordinates":[[[-16.697554832,39.119970472],[-16.697555541,39.120630496],[-16.697659626,39.120630429],[-16.697658917,39.119970404],[-16.697554832,39.119970472]]]}},
{"type":"Feature","properties":{"rate":155.0,"strip_id":14,"plot_id":2,"type":"experiment"},"geometry":{"type":"Polygon","coordinates":[[[-16.697555541,39.120630496],[-16.69755625,39.121290521],[-16.697660336,39.121290453],[-16.697659626,39.120630429],[-16.697555541,39.120630496]]]}},
{"type":"Feature","properties":{"rate":110.0,"strip_id":14,"plot_id":3,"type":"experiment"},"geometry":{"type":"Polygon","coordinates":[[[-16.69755625,39.121290521],[-16.697556959,39.121950546],[-16.697661046,39.121950478],[-16.697660336,39.121290453],[-16.69755625,39.121290521]]]}},
{"type":"Feature","properties":{"rate":200.0,"strip_id":14,"plot_id":4,"type":"experiment"},"geometry":{"type":"Polygon","coordinates":[[[-16.697556959,39.121950546],[-16.697557668,39.12261057],[-16.697661757,39.122610502],[-16.697661046,39.121950478],[-16.697556959,39.121950546]]]}},
{"type":"Feature","properties":{"rate":290.0,"strip_id":14,"plot_id":5,"type":"experiment"},"geometry":{"type":"Polygon","coordinates":[[[-16.697557668,39.12261057],[-16.697558378,39.123270595],[-16.697662467,39.123270527],[-16.697661757,39.122610502],[-16.697557668,39.12261057]]]}},
{"type":"Feature","properties":{"rate":155.0,"strip_id":14,"plot_id":6,"type":"experiment"},"geometry":{"type":"Polygon","coordinates":[[[-16.697558378,39.123270595],[-16.697559088,39.123930619],[-16.697663178,39.123930551],[-16.697662467,39.123270527],[-16.697558378,39.123270595]]]}},
{"type":"Feature","properties":{"rate":110.0,"strip_id":14,"plot_id":7,"type":"experiment"},"geometry":{"type":"Polygon","coordinates":[[[-16.697559088,39.123930619],[-16.697559798,39.124590643],[-16.697663889,39.124590575],[-16.697663178,39.123930551],[-16.697559088,39.123930619]]]}},
{"type":"Feature","properties":{"rate":200.0,"strip_id":14,"plot_id":8,"type":"experiment"},"geometry":{"type":"Polygon","coordinates":[[[-16.697559798,39.124590643],[-16.697560508,39.125250668],[-16.6976646,39.1252506],[-16.697663889,39.124590575],[-16.697559798,39.124590643]]]}},
{"type":"Feature","properties":{"rate":290.0,"strip_id":14,"plot_id":9,"type":"experiment"},"geometry":{"type":"Polygon","coordinates":[[[-16.697560508,39.125250668],[-16.697561219,39.125910692],[-16.697665312,39.125910624],[-16.6976646,39.1252506],[-16.697560508,39.125250668]]]}},
{"type":"Feature","properties":{"rate":155.0,"strip_id":14,"plot_id":10,"type":"experiment"},"geometry":{"type":"Polygon","coordinates":[[[-16.697561219,39.125910692],[-16.697561929,39.126570716],[-16.697666023,39.126570648],[-16.697665312,39.125910624],[-16.697561219,39.125910692]]]}},
{"type":"Feature","properties":{"rate":110.0,"strip_id":15,"plot_id":1,"type":"experiment"},"geometry":{"type":"Polygon","coordinates":[[[-16.697658913,39.119967329],[-16.697659623,39.120627231],[-16.697763708,39.120627163],[-16.697762998,39.119967261],[-16.697658913,39.119967329]]]}},
{"type":"Feature","properties":{"rate":200.0,"strip_id":15,"plot_id":2,"type":"experiment"},"geometry":{"type":"Polygon","coordinates":[[[-16.697659623,39.120627231],[-16.697660333,39.121287132],[-16.697764419,39.121287064],[-16.697763708,39.120627163],[-16.697659623,39.120627231]]]}},
{"type":"Feature","properties":{"rate":290.0,"strip_id":15,"plot_id":3,"type":"experiment"},"geometry":{"type":"Polygon","coordinates":[[[-16.697660333,39.121287132],[-16.697661042,39.121947034],[-16.69776513,39.121946966],[-16.697764419,39.121287064],[-16.697660333,39.121287132]]]}},
{"type":"Feature","properties":{"rate":155.0,"strip_id":15,"plot_id":4,"type":"experiment"},"geometry":{"type":"Polygon","coordinates":[[[-16.697661042,39.121947034],[-16.697661753,39.122606936],[-16.697765841,39.122606868],[-16.69776513,39.121946966],[-16.697661042,39.121947034]]]}},
{"type":"Feature","properties":{"rate":110.0,"strip_id":15,"plot_id":5,"type":"experiment"},"geometry":{"type":"Polygon","coordinates":[[[-16.697661753,39.122606936],[-16.697662463,39.123266837],[-16.697766552,39.123266769],[-16.697765841,39.122606868],[-16.697661753,39.122606936]]]}},
{"type":"Feature","properties":{"rate":200.0,"strip_id":15,"plot_id":6,"type":"experiment"},"geometry":{"type":"Polygon","coordinates":[[[-16.697662463,39.123266837],[-16.697663174,39.123926739],[-16.697767264,39.123926671],[-16.697766552,39.123266769],[-16.697662463,39.123266837]]]}},
{"type":"Feature","properties":{"rate":290.0,"strip_id":15,"plot_id":7,"type":"experiment"},"geometry":{"type":"Polygon","coordinates":[[[-16.697663174,39.123926739],[-16.697663885,39.12458664],[-16.697767976,39.124586572],[-16.697767264,39.123926671],[-16.697663174,39.123926739]]]}},
{"type":"Feature","properties":{"rate":155.0,"strip_id":15,"plot_id":8,"type":"experiment"},"geometry":{"type":"Polygon","coordinates":[[[-16.697663885,39.12458664],[-16.697664596,39.125246541],[-16.697768688,39.125246473],[-16.697767976,39.124586572],[-16.697663885,39.12458664]]]}},
{"type":"Feature","properties":{"rate":110.0,"strip_id":15,"plot_id":9,"type":"experiment"},"geometry":{"type":"Polygon","coordinates":[[[-16.697664596,39.125246541],[-16.697665307,39.125906443],[-16.6977694,39.125906374],[-16.697768688,39.125246473],[-16.697664596,39.125246541]]]}},
{"type":"Feature","properties":{"rate":200.0,"strip_id":15,"plot_id":10,"type":"experiment"},"geometry":{"type":"Polygon","coordinates":[[[-16.697665307,39.125906443],[-16.697666019,39.126566344],[-16.697770113,39.126566276],[-16.6977694,39.125906374],[-16.697665307,39.125906443]]]}},
{"type":"Feature","properties":{"rate":200.0,"strip_id":16,"plot_id":1,"type":"experiment"},"geometry":{"type":"Polygon","coordinates":[[[-16.697762994,39.119964186],[-16.697763705,39.120623965],[-16.69786779,39.120623897],[-16.697867079,39.119964118],[-16.697762994,39.119964186]]]}},
{"type":"Feature","properties":{"rate":290.0,"strip_id":16,"plot_id":2,"type":"experiment"},"geometry":{"type":"Polygon","coordinates":[[[-16.697763705,39.120623965],[-16.697764415,39.121283743],[-16.697868502,39.121283675],[-16.69786779,39.120623897],[-16.697763705,39.120623965]]]}},
{"type":"Feature","properties":{"rate":155.0,"strip_id":16,"plot_id":3,"type":"experiment"},"geometry":{"type":"Polygon","coordinates":[[[-16.697764415,39.121283743],[-16.697765126,39.121943522],[-16.697869213,39.121943454],[-16.697868502,39.121283675],[-16.697764415,39.121283743]]]}},
{"type":"Feature","properties":{"rate":110.0,"strip_id":16,"plot_id":4,"type":"experiment"},"geometry":{"type":"Polygon","coordinates":[[[-16.697765126,39.121943522],[-16.697765837,39.122603301],[-16.697869925,39.122603233],[-16.697869213,39.121943454],[-16.697765126,39.121943522]]]}},
{"type":"Feature","properties":{"rate":200.0,"strip_id":16,"plot_id":5,"type":"experiment"},"geometry":{"type":"Polygon","coordinates":[[[-16.697765837,39.122603301],[-16.697766548,39.123263079],[-16.697870638,39.123263011],[-16.697869925,39.122603233],[-16.697765837,39.122603301]]]}},
{"type":"Feature","properties":{"rate":290.0,"strip_id":16,"plot_id":6,"type":"experiment"},"geometry":{"type":"Polygon","coordinates":[[[-16.697766548,39.123263079],[-16.69776726,39.123922858],[-16.69787135,39.12392279],[-16.697870638,39.123263011],[-16.697766548,39.123263079]]]}},
{"type":"Feature","properties":{"rate":155.0,"strip_id":16,"plot_id":7,"type":"experiment"},"geometry":{"type":"Polygon","coordinates":[[[-16.69776726,39.123922858],[-16.697767972,39.124582636],[-16.697872063,39.124582568],[-16.69787135,39.12392279],[-16.69776726,39.123922858]]]}},
{"type":"Feature","properties":{"rate":110.0,"strip_id":16,"plot_id":8,"type":"experiment"},"geometry":{"type":"Polygon","coordinates":[[[-16.697767972,39.124582636],[-16.697768684,39.125242415],[-16.697872776,39.125242347],[-16.697872063,39.124582568],[-16.697767972,39.124582636]]]}},
{"type":"Feature","properties":{"rate":200.0,"strip_id":16,"plot_id":9,"type":"experiment"},"geometry":{"type":"Polygon","coordinates":[[[-16.697768684,39.125242415],[-16.697769396,39.125902193],[-16.697873489,39.125902125],[-16.697872776,39.125242347],[-16.697768684,39.125242415]]]}},
{"type":"Feature","properties":{"rate":290.0,"strip_id":16,"plot_id":10,"type":"experiment"},"geometry":{"type":"Polygon","coordinates":[[[-16.697769396,39.125902193],[-16.697770108,39.126561971],[-16.697874202,39.126561903],[-16.697873489,39.125902125],[-16.697769396,39.125902193]]]}},
{"type":"Feature","properties":{"rate":155.0,"strip_id":17,"plot_id":1,"type":"experiment"},"geometry":{"type":"Polygon","coordinates":[[[-16.697867075,39.119961043],[-16.697867787,39.120620699],[-16.697971872,39.12062063],[-16.69797116,39.119960974],[-16.697867075,39.119961043]]]}},
{"type":"Feature","properties":{"rate":110.0,"strip_id":17,"plot_id":2,"type":"experiment"},"geometry":{"type":"Polygon","coordinates":[[[-16.697867787,39.120620699],[-16.697868498,39.121280354],[-16.697972584,39.121280286],[-16.697971872,39.12062063],[-16.697867787,39.120620699]]]}},
{"type":"Feature","properties":{"rate":200.0,"strip_id":17,"plot_id":3,"type":"experiment"},"geometry":{"type":"Polygon","coordinates":[[[-16.697868498,39.121280354],[-16.69786921,39.12194001],[-16.697973297,39.121939942],[-16.697972584,39.121280286],[-16.697868498,39.121280354]]]}},
{"type":"Feature","properties":{"rate":290.0,"strip_id":17,"plot_id":4,"type":"experiment"},"geometry":{"type":"Polygon","coordinates":[[[-16.69786921,39.12194001],[-16.697869922,39.122599666],[-16.69797401,39.122599598],[-16.697973297,39.121939942],[-16.69786921,39.12194001]]]}},
{"type":"Feature","properties":{"rate":155.0,"strip_id":17,"plot_id":5,"type":"experiment"},"geometry":{"type":"Polygon","coordinates":[[[-16.697869922,39.122599666],[-16.697870634,39.123259322],[-16.697974723,39.123259253],[-16.69797401,39.122599598],[-16.697869922,39.122599666]]]}},
{"type":"Feature","properties":{"rate":110.0,"strip_id":17,"plot_id":6,"type":"experiment"},"geometry":{"type":"Polygon","coordinates":[[[-16.697870634,39.123259322],[-16.697871346,39.123918977],[-16.697975436,39.123918909],[-16.697974723,39.123259253],[-16.697870634,39.123259322]]]}},
{"type":"Feature","properties":{"rate":200.0,"strip_id":17,"plot_id":7,"type":"experiment"},"geometry":{"type":"Polygon","coordinates":[[[-16.697871346,39.123918977],[-16.697872059,39.124578633],[-16.69797615,39.124578565],[-16.697975436,39.123918909],[-16.697871346,39.123918977]]]}},
{"type":"Feature","properties":{"rate":290.0,"strip_id":17,"plot_id":8,"type":"experiment"},"geometry":{"type":"Polygon","coordinates":[[[-16.697872059,39.124578633],[-16.697872771,39.125238288],[-16.697976863,39.12523822],[-16.69797615,39.124578565],[-16.697872059,39.124578633]]]}},
{"type":"Feature","properties":{"rate":155.0,"strip_id":17,"plot_id":9,"type":"experiment"},"geometry":{"type":"Polygon","coordinates":[[[-16.697872771,39.125238288],[-16.697873484,39.125897944],[-16.697977578,39.125897875],[-16.697976863,39.12523822],[-16.697872771,39.125238288]]]}},
{"type":"Feature","properties":{"rate":110.0,"strip_id":17,"plot_id":10,"type":"experiment"},"geometry":{"type":"Polygon","coordinates":[[[-16.697873484,39.125897944],[-16.697874198,39.126557599],[-16.697978292,39.126557531],[-16.697977578,39.125897875],[-16.697873484,39.125897944]]]}},
{"type":"Feature","properties":{"rate":290.0,"strip_id":18,"plot_id":1,"type":"experiment"},"geometry":{"type":"Polygon","coordinates":[[[-16.697971156,39.119957899],[-16.697971868,39.120617432],[-16.698075954,39.120617364],[-16.698075241,39.119957831],[-16.697971156,39.119957899]]]}},
{"type":"Feature","properties":{"rate":155.0,"strip_id":18,"plot_id":2,"type":"experiment"},"geometry":{"type":"Polygon","coordinates":[[[-16.697971868,39.120617432],[-16.697972581,39.121276965],[-16.698076667,39.121276897],[-16.698075954,39.120617364],[-16.697971868,39.120617432]]]}},
{"type":"Feature","properties":{"rate":110.0,"strip_id":18,"plot_id":3,"type":"experiment"},"geometry":{"type":"Polygon","coordinates":[[[-16.697972581,39.121276965],[-16.697973293,39.121936498],[-16.69807738,39.12193643],[-16.698076667,39.121276897],[-16.697972581,39.121276965]]]}},
{"type":"Feature","properties":{"rate":200.0,"strip_id":18,"plot_id":4,"type":"experiment"},"geometry":{"type":"Polygon","coordinates":[[[-16.697973293,39.121936498],[-16.697974006,39.122596031],[-16.698078094,39.122595963],[-16.69807738,39.12193643],[-16.697973293,39.121936498]]]}},
{"type":"Feature","properties":{"rate":290.0,"strip_id":18,"plot_id":5,"type":"experiment"},"geometry":{"type":"Polygon","coordinates":[[[-16.697974006,39.122596031],[-16.697974719,39.123255564],[-16.698078808,39.123255496],[-16.698078094,39.122595963],[-16.697974006,39.122596031]]]}},
{"type":"Feature","properties":{"rate":155.0,"strip_id":18,"plot_id":6,"type":"experiment"},"geometry":{"type":"Polygon","coordinates":[[[-16.697974719,39.123255564],[-16.697975432,39.123915097],[-16.698079522,39.123915028],[-16.698078808,39.123255496],[-16.697974719,39.123255564]]]}},
{"type":"Feature","properties":{"rate":110.0,"strip_id":18,"plot_id":7,"type":"experiment"},"geometry":{"type":"Polygon","coordinates":[[[-16.697975432,39.123915097],[-16.697976145,39.124574629],[-16.698080237,39.124574561],[-16.698079522,39.123915028],[-16.697975432,39.123915097]]]}},
{"type":"Feature","properties":{"rate":200.0,"strip_id":18,"plot_id":8,"type":"experiment"},"geometry":{"type":"Polygon","coordinates":[[[-16.697976145,39.124574629],[-16.697976859,39.125234162],[-16.698080951,39.125234093],[-16.698080237,39.124574561],[-16.697976145,39.124574629]]]}},
{"type":"Feature","properties":{"rate":290.0,"strip_id":18,"plot_id":9,"type":"experiment"},"geometry":{"type":"Polygon","coordinates":[[[-16.697976859,39.125234162],[-16.697977573,39.125893694],[-16.698081666,39.125893626],[-16.698080951,39.125234093],[-16.697976859,39.125234162]]]}},
{"type":"Feature","properties":{"rate":155.0,"strip_id":18,"plot_id":10,"type":"experiment"},"geometry":{"type":"Polygon","coordinates":[[[-16.697977573,39.125893694],[-16.697978287,39.126553227],[-16.698082381,39.126553158],[-16.698081666,39.125893626],[-16.697977573,39.125893694]]]}},
{"type":"Feature","properties":{"rate":110.0,"strip_id":19,"plot_id":1,"type":"experiment"},"geometry":{"type":"Polygon","coordinates":[[[-16.698075238,39.119954756],[-16.69807595,39.120614166],[-16.698180036,39.120614098],[-16.698179322,39.119954688],[-16.698075238,39.119954756]]]}},
{"type":"Feature","properties":{"rate":200.0,"strip_id":19,"plot_id":2,"type":"experiment"},"geometry":{"type":"Polygon","coordinates":[[[-16.69807595,39.120614166],[-16.698076663,39.121273576],[-16.69818075,39.121273508],[-16.698180036,39.120614098],[-16.69807595,39.120614166]]]}},
{"type":"Feature","properties":{"rate":290.0,"strip_id":19,"plot_id":3,"type":"experiment"},"geometry":{"type":"Polygon","coordinates":[[[-16.698076663,39.121273576],[-16.698077377,39.121932986],[-16.698181464,39.121932918],[-16.69818075,39.121273508],[-16.698076663,39.121273576]]]}},
{"type":"Feature","properties":{"rate":155.0,"strip_id":19,"plot_id":4,"type":"experiment"},"geometry":{"type":"Polygon","coordinates":[[[-16.698077377,39.121932986],[-16.69807809,39.122592396],[-16.698182179,39.122592328],[-16.698181464,39.121932918],[-16.698077377,39.121932986]]]}},
{"type":"Feature","properties":{"rate":110.0,"strip_id":19,"plot_id":5,"type":"experiment"},"geometry":{"type":"Polygon","coordinates":[[[-16.69807809,39.122592396],[-16.698078804,39.123251806],[-16.698182893,39.123251737],[-16.698182179,39.122592328],[-16.69807809,39.122592396]]]}},
{"type":"Feature","properties":{"rate":200.0,"strip_id":19,"plot_id":6,"type":"experiment"},"geometry":{"type":"Polygon","coordinates":[[[-16.698078804,39.123251806],[-16.698079518,39.123911216],[-16.698183608,39.123911147],[-16.698182893,39.123251737],[-16.698078804,39.123251806]]]}},
{"type":"Feature","properties":{"rate":290.0,"strip_id":19,"plot_id":7,"type":"experiment"},"geometry":{"type":"Polygon","coordinates":[[[-16.698079518,39.123911216],[-16.698080232,39.124570625],[-16.698184323,39.124570557],[-16.698183608,39.123911147],[-16.698079518,39.123911216]]]}},
{"type":"Feature","properties":{"rate":155.0,"strip_id":19,"plot_id":8,"type":"experiment"},"geometry":{"type":"Polygon","coordinates":[[[-16.698080232,39.124570625],[-16.698080947,39.125230035],[-16.698185039,39.125229967],[-16.698184323,39.124570557],[-16.698080232,39.124570625]]]}},
{"type":"Feature","properties":{"rate":110.0,"strip_id":19,"plot_id":9,"type":"experiment"},"geometry":{"type":"Polygon","coordinates":[[[-16.698080947,39.125230035],[-16.698081662,39.125889445],[-16.698185755,39.125889376],[-16.698185039,39.125229967],[-16.698080947,39.125230035]]]}},
{"type":"Feature","properties":{"rate":200.0,"strip_id":19,"plot_id":10,"type":"experiment"},"geometry":{"type":"Polygon","coordinates":[[[-16.698081662,39.125889445],[-16.698082377,39.126548854],[-16.698186471,39.126548785],[-16.698185755,39.125889376],[-16.698081662,39.125889445]]]}},
{"type":"Feature","properties":{"rate":200.0,"strip_id":20,"plot_id":1,"type":"experiment"},"geometry":{"type":"Polygon","coordinates":[[[-16.698179319,39.119951613],[-16.698180032,39.1206109],[-16.698284118,39.120610831],[-16.698283403,39.119951544],[-16.698179319,39.119951613]]]}},
{"type":"Feature","properties":{"rate":290.0,"strip_id":20,"plot_id":2,"type":"experiment"},"geometry":{"type":"Polygon","coordinates":[[[-16.698180032,39.1206109],[-16.698180746,39.121270187],[-16.698284832,39.121270118],[-16.698284118,39.120610831],[-16.698180032,39.1206109]]]}},
{"type":"Feature","properties":{"rate":155.0,"strip_id":20,"plot_id":3,"type":"experiment"},"geometry":{"type":"Polygon","coordinates":[[[-16.698180746,39.121270187],[-16.69818146,39.121929474],[-16.698285548,39.121929405],[-16.698284832,39.121270118],[-16.698180746,39.121270187]]]}},
{"type":"Feature","properties":{"rate":110.0,"strip_id":20,"plot_id":4,"type":"experiment"},"geometry":{"type":"Polygon","coordinates":[[[-16.69818146,39.121929474],[-16.698182175,39.122588761],[-16.698286263,39.122588692],[-16.698285548,39.121929405],[-16.69818146,39.121929474]]]}},
{"type":"Feature","properties":{"rate":200.0,"strip_id":20,"plot_id":5,"type":"experiment"},"geometry":{"type":"Polygon","coordinates":[[[-16.698182175,39.122588761],[-16.698182889,39.123248048],[-16.698286978,39.123247979],[-16.698286263,39.122588692],[-16.698182175,39.122588761]]]}},
{"type":"Feature","properties":{"rate":290.0,"strip_id":20,"plot_id":6,"type":"experiment"},"geometry":{"type":"Polygon","coordinates":[[[-16.698182889,39.123248048],[-16.698183604,39.123907335],[-16.698287694,39.123907266],[-16.698286978,39.123247979],[-16.698182889,39.123248048]]]}},
{"type":"Feature","properties":{"rate":155.0,"strip_id":20,"plot_id":7,"type":"experiment"},"geometry":{"type":"Polygon","coordinates":[[[-16.698183604,39.123907335],[-16.698184319,39.124566621],[-16.69828841,39.124566553],[-16.698287694,39.123907266],[-16.698183604,39.123907335]]]}},
{"type":"Feature","properties":{"rate":110.0,"strip_id":20,"plot_id":8,"type":"experiment"},"geometry":{"type":"Polygon","coordinates":[[[-16.698184319,39.124566621],[-16.698185035,39.125225908],[-16.698289127,39.12522584],[-16.69828841,39.124566553],[-16.698184319,39.124566621]]]}},
{"type":"Feature","properties":{"rate":200.0,"strip_id":20,"plot_id":9,"type":"experiment"},"geometry":{"type":"Polygon","coordinates":[[[-16.698185035,39.125225908],[-16.69818575,39.125885195],[-16.698289843,39.125885126],[-16.698289127,39.12522584],[-16.698185035,39.125225908]]]}},
{"type":"Feature","properties":{"rate":290.0,"strip_id":20,"plot_id":10,"type":"experiment"},"geometry":{"type":"Polygon","coordinates":[[[-16.69818575,39.125885195],[-16.698186466,39.126544481],[-16.69829056,39.126544413],[-16.698289843,39.125885126],[-16.69818575,39.125885195]]]}},
{"type":"Feature","properties":{"rate":155.0,"strip_id":21,"plot_id":1,"type":"experiment"},"geometry":{"type":"Polygon","coordinates":[[[-16.698283403,39.119951712],[-16.698284197,39.120683756],[-16.698388282,39.120683688],[-16.698387487,39.119951644],[-16.698283403,39.119951712]]]}},
{"type":"Feature","properties":{"rate":110.0,"strip_id":21,"plot_id":2,"type":"experiment"},"geometry":{"type":"Polygon","coordinates":[[[-16.698284197,39.120683756],[-16.69828499,39.121415801],[-16.698389077,39.121415732],[-16.698388282,39.120683688],[-16.698284197,39.120683756]]]}},
{"type":"Feature","properties":{"rate":200.0,"strip_id":21,"plot_id":3,"type":"experiment"},"geometry":{"type":"Polygon","coordinates":[[[-16.69828499,39.121415801],[-16.698285785,39.122147845],[-16.698389872,39.122147776],[-16.698389077,39.121415732],[-16.69828499,39.121415801]]]}},
{"type":"Feature","properties":{"rate":290.0,"strip_id":21,"plot_id":4,"type":"experiment"},"geometry":{"type":"Polygon","coordinates":[[[-16.698285785,39.122147845],[-16.698286579,39.122879889],[-16.698390668,39.122879821],[-16.698389872,39.122147776],[-16.698285785,39.122147845]]]}},
{"type":"Feature","properties":{"rate":155.0,"strip_id":21,"plot_id":5,"type":"experiment"},"geometry":{"type":"Polygon","coordinates":[[[-16.698286579,39.122879889],[-16.698287374,39.123611933],[-16.698391463,39.123611865],[-16.698390668,39.122879821],[-16.698286579,39.122879889]]]}},
{"type":"Feature","properties":{"rate":110.0,"strip_id":21,"plot_id":6,"type":"experiment"},"geometry":{"type":"Polygon","coordinates":[[[-16.698287374,39.123611933],[-16.698288169,39.124343977],[-16.698392259,39.124343909],[-16.698391463,39.123611865],[-16.698287374,39.123611933]]]}},
{"type":"Feature","properties":{"rate":200.0,"strip_id":21,"plot_id":7,"type":"experiment"},"geometry":{"type":"Polygon","coordinates":[[[-16.698288169,39.124343977],[-16.698288964,39.125076021],[-16.698393056,39.125075952],[-16.698392259,39.124343909],[-16.698288169,39.124343977]]]}},
{"type":"Feature","properties":{"rate":290.0,"strip_id":21,"plot_id":8,"type":"experiment"},"geometry":{"type":"Polygon","coordinates":[[[-16.698288964,39.125076021],[-16.698289759,39.125808065],[-16.698393852,39.125807996],[-16.698393056,39.125075952],[-16.698288964,39.125076021]]]}},
{"type":"Feature","properties":{"rate":155.0,"strip_id":21,"plot_id":9,"type":"experiment"},"geometry":{"type":"Polygon","coordinates":[[[-16.698289759,39.125808065],[-16.698290555,39.126540109],[-16.698394649,39.12654004],[-16.698393852,39.125807996],[-16.698289759,39.125808065]]]}},
{"type":"Feature","properties":{"rate":290.0,"strip_id":22,"plot_id":1,"type":"experiment"},"geometry":{"type":"Polygon","coordinates":[[[-16.698387495,39.119958857],[-16.698388288,39.120689621],[-16.698492374,39.120689553],[-16.69849158,39.119958788],[-16.698387495,39.119958857]]]}},
{"type":"Feature","properties":{"rate":155.0,"strip_id":22,"plot_id":2,"type":"experiment"},"geometry":{"type":"Polygon","coordinates":[[[-16.698388288,39.120689621],[-16.698389082,39.121420386],[-16.698493168,39.121420317],[-16.698492374,39.120689553],[-16.698388288,39.120689621]]]}},
{"type":"Feature","properties":{"rate":110.0,"strip_id":22,"plot_id":3,"type":"experiment"},"geometry":{"type":"Polygon","coordinates":[[[-16.698389082,39.121420386],[-16.698389876,39.122151151],[-16.698493963,39.122151082],[-16.698493168,39.121420317],[-16.698389082,39.121420386]]]}},
{"type":"Feature","properties":{"rate":200.0,"strip_id":22,"plot_id":4,"type":"experiment"},"geometry":{"type":"Polygon","coordinates":[[[-16.698389876,39.122151151],[-16.69839067,39.122881915],[-16.698494758,39.122881846],[-16.698493963,39.122151082],[-16.698389876,39.122151151]]]}},
{"type":"Feature","properties":{"rate":290.0,"strip_id":22,"plot_id":5,"type":"experiment"},"geometry":{"type":"Polygon","coordinates":[[[-16.69839067,39.122881915],[-16.698391464,39.123612679],[-16.698495554,39.123612611],[-16.698494758,39.122881846],[-16.69839067,39.122881915]]]}},
{"type":"Feature","properties":{"rate":155.0,"strip_id":22,"plot_id":6,"type":"experiment"},"geometry":{"type":"Polygon","coordinates":[[[-16.698391464,39.123612679],[-16.698392259,39.124343444],[-16.69849635,39.124343375],[-16.698495554,39.123612611],[-16.698391464,39.123612679]]]}},
{"type":"Feature","properties":{"rate":110.0,"strip_id":22,"plot_id":7,"type":"experiment"},"geometry":{"type":"Polygon","coordinates":[[[-16.698392259,39.124343444],[-16.698393054,39.125074208],[-16.698497146,39.125074139],[-16.69849635,39.124343375],[-16.698392259,39.124343444]]]}},
{"type":"Feature","properties":{"rate":200.0,"strip_id":22,"plot_id":8,"type":"experiment"},"geometry":{"type":"Polygon","coordinates":[[[-16.698393054,39.125074208],[-16.698393849,39.125804972],[-16.698497942,39.125804903],[-16.698497146,39.125074139],[-16.698393054,39.125074208]]]}},
{"type":"Feature","properties":{"rate":290.0,"strip_id":22,"plot_id":9,"type":"experiment"},"geometry":{"type":"Polygon","coordinates":[[[-16.698393849,39.125804972],[-16.698394645,39.126535736],[-16.698498739,39.126535667],[-16.698497942,39.125804903],[-16.698393849,39.125804972]]]}},
{"type":"Feature","properties":{"rate":110.0,"strip_id":23,"plot_id":1,"type":"experiment"},"geometry":{"type":"Polygon","coordinates":[[[-16.698491587,39.119966001],[-16.69849238,39.120695486],[-16.698596466,39.120695418],[-16.698595672,39.119965933],[-16.698491587,39.119966001]]]}},
{"type":"Feature","properties":{"rate":200.0,"strip_id":23,"plot_id":2,"type":"experiment"},"geometry":{"type":"Polygon","coordinates":[[[-16.69849238,39.120695486],[-16.698493174,39.121424971],[-16.69859726,39.121424903],[-16.698596466,39.120695418],[-16.69849238,39.120695486]]]}},
{"type":"Feature","properties":{"rate":290.0,"strip_id":23,"plot_id":3,"type":"experiment"},"geometry":{"type":"Polygon","coordinates":[[[-16.698493174,39.121424971],[-16.698493967,39.122154456],[-16.698598055,39.122154387],[-16.69859726,39.121424903],[-16.698493174,39.121424971]]]}},
{"type":"Feature","properties":{"rate":155.0,"strip_id":23,"plot_id":4,"type":"experiment"},"geometry":{"type":"Polygon","coordinates":[[[-16.698493967,39.122154456],[-16.698494761,39.122883941],[-16.698598849,39.122883872],[-16.698598055,39.122154387],[-16.698493967,39.122154456]]]}},
{"type":"Feature","properties":{"rate":110.0,"strip_id":23,"plot_id":5,"type":"experiment"},"geometry":{"type":"Polygon","coordinates":[[[-16.698494761,39.122883941],[-16.698495555,39.123613425],[-16.698599645,39.123613357],[-16.698598849,39.122883872],[-16.698494761,39.122883941]]]}},
{"type":"Feature","properties":{"rate":200.0,"strip_id":23,"plot_id":6,"type":"experiment"},"geometry":{"type":"Polygon","coordinates":[[[-16.698495555,39.123613425],[-16.698496349,39.12434291],[-16.69860044,39.124342841],[-16.698599645,39.123613357],[-16.698495555,39.123613425]]]}},
{"type":"Feature","properties":{"rate":290.0,"strip_id":23,"plot_id":7,"type":"experiment"},"geometry":{"type":"Polygon","coordinates":[[[-16.698496349,39.12434291],[-16.698497144,39.125072394],[-16.698601236,39.125072325],[-16.69860044,39.124342841],[-16.698496349,39.12434291]]]}},
{"type":"Feature","properties":{"rate":155.0,"strip_id":23,"plot_id":8,"type":"experiment"},"geometry":{"type":"Polygon","coordinates":[[[-16.698497144,39.125072394],[-16.698497939,39.125801879],[-16.698602032,39.12580181],[-16.698601236,39.125072325],[-16.698497144,39.125072394]]]}},
{"type":"Feature","properties":{"rate":110.0,"strip_id":23,"plot_id":9,"type":"experiment"},"geometry":{"type":"Polygon","coordinates":[[[-16.698497939,39.125801879],[-16.698498734,39.126531363],[-16.698602828,39.126531294],[-16.698602032,39.12580181],[-16.698497939,39.125801879]]]}},
{"type":"Feature","properties":{"rate":200.0,"strip_id":24,"plot_id":1,"type":"experiment"},"geometry":{"type":"Polygon","coordinates":[[[-16.69859568,39.119973146],[-16.698596472,39.120701351],[-16.698700558,39.120701282],[-16.698699764,39.119973077],[-16.69859568,39.119973146]]]}},
{"type":"Feature","properties":{"rate":290.0,"strip_id":24,"plot_id":2,"type":"experiment"},"geometry":{"type":"Polygon","coordinates":[[[-16.698596472,39.120701351],[-16.698597265,39.121429556],[-16.698701352,39.121429488],[-16.698700558,39.120701282],[-16.698596472,39.120701351]]]}},
{"type":"Feature","properties":{"rate":155.0,"strip_id":24,"plot_id":3,"type":"experiment"},"geometry":{"type":"Polygon","coordinates":[[[-16.698597265,39.121429556],[-16.698598058,39.122157761],[-16.698702146,39.122157693],[-16.698701352,39.121429488],[-16.698597265,39.121429556]]]}},
{"type":"Feature","properties":{"rate":110.0,"strip_id":24,"plot_id":4,"type":"experiment"},"geometry":{"type":"Polygon","coordinates":[[[-16.698598058,39.122157761],[-16.698598852,39.122885966],[-16.69870294,39.122885898],[-16.698702146,39.122157693],[-16.698598058,39.122157761]]]}},
{"type":"Feature","properties":{"rate":200.0,"strip_id":24,"plot_id":5,"type":"experiment"},"geometry":{"type":"Polygon","coordinates":[[[-16.698598852,39.122885966],[-16.698599645,39.123614171],[-16.698703735,39.123614102],[-16.69870294,39.122885898],[-16.698598852,39.122885966]]]}},
{"type":"Feature","properties":{"rate":290.0,"strip_id":24,"plot_id":6,"type":"experiment"},"geometry":{"type":"Polygon","coordinates":[[[-16.698599645,39.123614171],[-16.698600439,39.124342376],[-16.69870453,39.124342307],[-16.698703735,39.123614102],[-16.698599645,39.123614171]]]}},
{"type":"Feature","properties":{"rate":155.0,"strip_id":24,"plot_id":7,"type":"experiment"},"geometry":{"type":"Polygon","coordinates":[[[-16.698600439,39.124342376],[-16.698601234,39.125070581],[-16.698705326,39.125070512],[-16.69870453,39.124342307],[-16.698600439,39.124342376]]]}},
{"type":"Feature","properties":{"rate":110.0,"strip_id":24,"plot_id":8,"type":"experiment"},"geometry":{"type":"Polygon","coordinates":[[[-16.698601234,39.125070581],[-16.698602028,39.125798785],[-16.698706121,39.125798716],[-16.698705326,39.125070512],[-16.698601234,39.125070581]]]}},
{"type":"Feature","properties":{"rate":200.0,"strip_id":24,"plot_id":9,"type":"experiment"},"geometry":{"type":"Polygon","coordinates":[[[-16.698602028,39.125798785],[-16.698602823,39.12652699],[-16.698706917,39.126526921],[-16.698706121,39.125798716],[-16.698602028,39.125798785]]]}},
{"type":"Feature","properties":{"rate":155.0,"strip_id":25,"plot_id":1,"type":"experiment"},"geometry":{"type":"Polygon","coordinates":[[[-16.698699765,39.119974039],[-16.698700558,39.120701659],[-16.698804643,39.12070159],[-16.698803849,39.11997397],[-16.698699765,39.119974039]]]}},
{"type":"Feature","properties":{"rate":110.0,"strip_id":25,"plot_id":2,"type":"experiment"},"geometry":{"type":"Polygon","coordinates":[[[-16.698700558,39.120701659],[-16.698701351,39.121429279],[-16.698805438,39.12142921],[-16.698804643,39.12070159],[-16.698700558,39.120701659]]]}},
{"type":"Feature","properties":{"rate":200.0,"strip_id":25,"plot_id":3,"type":"experiment"},"geometry":{"type":"Polygon","coordinates":[[[-16.698701351,39.121429279],[-16.698702145,39.122156899],[-16.698806233,39.12215683],[-16.698805438,39.12142921],[-16.698701351,39.121429279]]]}},
{"type":"Feature","properties":{"rate":290.0,"strip_id":25,"plot_id":4,"type":"experiment"},"geometry":{"type":"Polygon","coordinates":[[[-16.698702145,39.122156899],[-16.698702939,39.122884519],[-16.698807027,39.12288445],[-16.698806233,39.12215683],[-16.698702145,39.122156899]]]}},
{"type":"Feature","properties":{"rate":155.0,"strip_id":25,"plot_id":5,"type":"experiment"},"geometry":{"type":"Polygon","coordinates":[[[-16.698702939,39.122884519],[-16.698703733,39.123612139],[-16.698807823,39.12361207],[-16.698807027,39.12288445],[-16.698702939,39.122884519]]]}},
{"type":"Feature","properties":{"rate":110.0,"strip_id":25,"plot_id":6,"type":"experiment"},"geometry":{"type":"Polygon","coordinates":[[[-16.698703733,39.123612139],[-16.698704527,39.124339758],[-16.698808618,39.124339689],[-16.698807823,39.12361207],[-16.698703733,39.123612139]]]}},
{"type":"Feature","properties":{"rate":200.0,"strip_id":25,"plot_id":7,"type":"experiment"},"geometry":{"type":"Polygon","coordinates":[[[-16.698704527,39.124339758],[-16.698705322,39.125067378],[-16.698809414,39.125067309],[-16.698808618,39.124339689],[-16.698704527,39.124339758]]]}},
{"type":"Feature","properties":{"rate":290.0,"strip_id":25,"plot_id":8,"type":"experiment"},"geometry":{"type":"Polygon","coordinates":[[[-16.698705322,39.125067378],[-16.698706117,39.125794997],[-16.69881021,39.125794928],[-16.698809414,39.125067309],[-16.698705322,39.125067378]]]}},
{"type":"Feature","properties":{"rate":155.0,"strip_id":25,"plot_id":9,"type":"experiment"},"geometry":{"type":"Polygon","coordinates":[[[-16.698706117,39.125794997],[-16.698706913,39.126522617],[-16.698811007,39.126522548],[-16.69881021,39.125794928],[-16.698706117,39.125794997]]]}},
{"type":"Feature","properties":{"rate":290.0,"strip_id":26,"plot_id":1,"type":"experiment"},"geometry":{"type":"Polygon","coordinates":[[[-16.698803849,39.119973319],[-16.698804642,39.120700533],[-16.698908728,39.120700464],[-16.698907933,39.11997325],[-16.698803849,39.119973319]]]}},
{"type":"Feature","properties":{"rate":155.0,"strip_id":26,"plot_id":2,"type":"experiment"},"geometry":{"type":"Polygon","coordinates":[[[-16.698804642,39.120700533],[-16.698805436,39.121427747],[-16.698909523,39.121427678],[-16.698908728,39.120700464],[-16.698804642,39.120700533]]]}},
{"type":"Feature","properties":{"rate":110.0,"strip_id":26,"plot_id":3,"type":"experiment"},"geometry":{"type":"Polygon","coordinates":[[[-16.698805436,39.121427747],[-16.69880623,39.122154961],[-16.698910318,39.122154892],[-16.698909523,39.121427678],[-16.698805436,39.121427747]]]}},
{"type":"Feature","properties":{"rate":200.0,"strip_id":26,"plot_id":4,"type":"experiment"},"geometry":{"type":"Polygon","coordinates":[[[-16.69880623,39.122154961],[-16.698807025,39.122882175],[-16.698911114,39.122882106],[-16.698910318,39.122154892],[-16.69880623,39.122154961]]]}},
{"type":"Feature","properties":{"rate":290.0,"strip_id":26,"plot_id":5,"type":"experiment"},"geometry":{"type":"Polygon","coordinates":[[[-16.698807025,39.122882175],[-16.69880782,39.123609389],[-16.698911909,39.12360932],[-16.698911114,39.122882106],[-16.698807025,39.122882175]]]}},
{"type":"Feature","properties":{"rate":155.0,"strip_id":26,"plot_id":6,"type":"experiment"},"geometry":{"type":"Polygon","coordinates":[[[-16.69880782,39.123609389],[-16.698808615,39.124336603],[-16.698912706,39.124336534],[-16.698911909,39.12360932],[-16.69880782,39.123609389]]]}},
{"type":"Feature","properties":{"rate":110.0,"strip_id":26,"plot_id":7,"type":"experiment"},"geometry":{"type":"Polygon","coordinates":[[[-16.698808615,39.124336603],[-16.69880941,39.125063816],[-16.698913502,39.125063747],[-16.698912706,39.124336534],[-16.698808615,39.124336603]]]}},
{"type":"Feature","properties":{"rate":200.0,"strip_id":26,"plot_id":8,"type":"experiment"},"geometry":{"type":"Polygon","coordinates":[[[-16.69880941,39.125063816],[-16.698810206,39.12579103],[-16.698914299,39.125790961],[-16.698913502,39.125063747],[-16.69880941,39.125063816]]]}},
{"type":"Feature","properties":{"rate":290.0,"strip_id":26,"plot_id":9,"type":"experiment"},"geometry":{"type":"Polygon","coordinates":[[[-16.698810206,39.12579103],[-16.698811002,39.126518243],[-16.698915096,39.126518174],[-16.698914299,39.125790961],[-16.698810206,39.12579103]]]}},
{"type":"Feature","properties":{"rate":110.0,"strip_id":27,"plot_id":1,"type":"experiment"},"geometry":{"type":"Polygon","coordinates":[[[-16.698907929,39.119969115],[-16.698908723,39.12069631],[-16.699012809,39.120696241],[-16.699012013,39.119969046],[-16.698907929,39.119969115]]]}},
{"type":"Feature","properties":{"rate":200.0,"strip_id":27,"plot_id":2,"type":"experiment"},"geometry":{"type":"Polygon","coordinates":[[[-16.698908723,39.12069631],[-16.698909518,39.121423506],[-16.699013605,39.121423436],[-16.699012809,39.120696241],[-16.698908723,39.12069631]]]}},
{"type":"Feature","properties":{"rate":290.0,"strip_id":27,"plot_id":3,"type":"experiment"},"geometry":{"type":"Polygon","coordinates":[[[-16.698909518,39.121423506],[-16.698910313,39.122150701],[-16.699014401,39.122150632],[-16.699013605,39.121423436],[-16.698909518,39.121423506]]]}},
{"type":"Feature","properties":{"rate":155.0,"strip_id":27,"plot_id":4,"type":"experiment"},"geometry":{"type":"Polygon","coordinates":[[[-16.698910313,39.122150701],[-16.698911109,39.122877896],[-16.699015198,39.122877827],[-16.699014401,39.122150632],[-16.698910313,39.122150701]]]}},
{"type":"Feature","properties":{"rate":110.0,"strip_id":27,"plot_id":5,"type":"experiment"},"geometry":{"type":"Polygon","coordinates":[[[-16.698911109,39.122877896],[-16.698911905,39.123605091],[-16.699015995,39.123605022],[-16.699015198,39.122877827],[-16.698911109,39.122877896]]]}},
{"type":"Feature","properties":{"rate":200.0,"strip_id":27,"plot_id":6,"type":"experiment"},"geometry":{"type":"Polygon","coordinates":[[[-16.698911905,39.123605091],[-16.698912701,39.124332286],[-16.699016792,39.124332217],[-16.699015995,39.123605022],[-16.698911905,39.123605091]]]}},
{"type":"Feature","properties":{"rate":290.0,"strip_id":27,"plot_id":7,"type":"experiment"},"geometry":{"type":"Polygon","coordinates":[[[-16.698912701,39.124332286],[-16.698913497,39.125059481],[-16.699017589,39.125059411],[-16.699016792,39.124332217],[-16.698912701,39.124332286]]]}},
{"type":"Feature","properties":{"rate":155.0,"strip_id":27,"plot_id":8,"type":"experiment"},"geometry":{"type":"Polygon","coordinates":[[[-16.698913497,39.125059481],[-16.698914294,39.125786675],[-16.699018387,39.125786606],[-16.699017589,39.125059411],[-16.698913497,39.125059481]]]}},
{"type":"Feature","properties":{"rate":110.0,"strip_id":27,"plot_id":9,"type":"experiment"},"geometry":{"type":"Polygon","coordinates":[[[-16.698914294,39.125786675],[-16.698915091,39.12651387],[-16.699019185,39.126513801],[-16.699018387,39.125786606],[-16.698914294,39.125786675]]]}},
{"type":"Feature","properties":{"rate":200.0,"strip_id":28,"plot_id":1,"type":"experiment"},"geometry":{"type":"Polygon","coordinates":[[[-16.699012008,39.119964808],[-16.699012804,39.120691996],[-16.699116889,39.120691927],[-16.699116093,39.119964739],[-16.699012008,39.119964808]]]}},
{"type":"Feature","properties":{"rate":290.0,"strip_id":28,"plot_id":2,"type":"experiment"},"geometry":{"type":"Polygon","coordinates":[[[-16.699012804,39.120691996],[-16.6990136,39.121419184],[-16.699117686,39.121419115],[-16.699116889,39.120691927],[-16.699012804,39.120691996]]]}},
{"type":"Feature","properties":{"rate":155.0,"strip_id":28,"plot_id":3,"type":"experiment"},"geometry":{"type":"Polygon","coordinates":[[[-16.6990136,39.121419184],[-16.699014396,39.122146372],[-16.699118484,39.122146303],[-16.699117686,39.121419115],[-16.6990136,39.121419184]]]}},
{"type":"Feature","properties":{"rate":110.0,"strip_id":28,"plot_id":4,"type":"experiment"},"geometry":{"type":"Polygon","coordinates":[[[-16.699014396,39.122146372],[-16.699015193,39.12287356],[-16.699119282,39.12287349],[-16.699118484,39.122146303],[-16.699014396,39.122146372]]]}},
{"type":"Feature","properties":{"rate":200.0,"strip_id":28,"plot_id":5,"type":"experiment"},"geometry":{"type":"Polygon","coordinates":[[[-16.699015193,39.12287356],[-16.69901599,39.123600747],[-16.69912008,39.123600678],[-16.699119282,39.12287349],[-16.699015193,39.12287356]]]}},
{"type":"Feature","properties":{"rate":290.0,"strip_id":28,"plot_id":6,"type":"experiment"},"geometry":{"type":"Polygon","coordinates":[[[-16.69901599,39.123600747],[-16.699016787,39.124327935],[-16.699120878,39.124327865],[-16.69912008,39.123600678],[-16.69901599,39.123600747]]]}},
{"type":"Feature","properties":{"rate":155.0,"strip_id":28,"plot_id":7,"type":"experiment"},"geometry":{"type":"Polygon","coordinates":[[[-16.699016787,39.124327935],[-16.699017585,39.125055122],[-16.699121676,39.125055053],[-16.699120878,39.124327865],[-16.699016787,39.124327935]]]}},
{"type":"Feature","properties":{"rate":110.0,"strip_id":28,"plot_id":8,"type":"experiment"},"geometry":{"type":"Polygon","coordinates":[[[-16.699017585,39.125055122],[-16.699018382,39.125782309],[-16.699122475,39.12578224],[-16.699121676,39.125055053],[-16.699017585,39.125055122]]]}},
{"type":"Feature","properties":{"rate":200.0,"strip_id":28,"plot_id":9,"type":"experiment"},"geometry":{"type":"Polygon","coordinates":[[[-16.699018382,39.125782309],[-16.69901918,39.126509497],[-16.699123274,39.126509427],[-16.699122475,39.12578224],[-16.699018382,39.125782309]]]}},
{"type":"Feature","properties":{"rate":155.0,"strip_id":29,"plot_id":1,"type":"experiment"},"geometry":{"type":"Polygon","coordinates":[[[-16.699116088,39.119960502],[-16.699116885,39.120687682],[-16.69922097,39.120687613],[-16.699220172,39.119960432],[-16.699116088,39.119960502]]]}},
{"type":"Feature","properties":{"rate":110.0,"strip_id":29,"plot_id":2,"type":"experiment"},"geometry":{"type":"Polygon","coordinates":[[[-16.699116885,39.120687682],[-16.699117682,39.121414863],[-16.699221768,39.121414793],[-16.69922097,39.120687613],[-16.699116885,39.120687682]]]}},
{"type":"Feature","properties":{"rate":200.0,"strip_id":29,"plot_id":3,"type":"experiment"},"geometry":{"type":"Polygon","coordinates":[[[-16.699117682,39.121414863],[-16.699118479,39.122142043],[-16.699222567,39.122141974],[-16.699221768,39.121414793],[-16.699117682,39.121414863]]]}},
{"type":"Feature","properties":{"rate":290.0,"strip_id":29,"plot_id":4,"type":"experiment"},"geometry":{"type":"Polygon","coordinates":[[[-16.699118479,39.122142043],[-16.699119277,39.122869223],[-16.699223365,39.122869154],[-16.699222567,39.122141974],[-16.699118479,39.122142043]]]}},
{"type":"Feature","properties":{"rate":155.0,"strip_id":29,"plot_id":5,"type":"experiment"},"geometry":{"type":"Polygon","coordinates":[[[-16.699119277,39.122869223],[-16.699120075,39.123596403],[-16.699224165,39.123596334],[-16.699223365,39.122869154],[-16.699119277,39.122869223]]]}},
{"type":"Feature","properties":{"rate":110.0,"strip_id":29,"plot_id":6,"type":"experiment"},"geometry":{"type":"Polygon","coordinates":[[[-16.699120075,39.123596403],[-16.699120873,39.124323583],[-16.699224964,39.124323514],[-16.699224165,39.123596334],[-16.699120075,39.123596403]]]}},
{"type":"Feature","properties":{"rate":200.0,"strip_id":29,"plot_id":7,"type":"experiment"},"geometry":{"type":"Polygon","coordinates":[[[-16.699120873,39.124323583],[-16.699121672,39.125050763],[-16.699225763,39.125050694],[-16.699224964,39.124323514],[-16.699120873,39.124323583]]]}},
{"type":"Feature","properties":{"rate":290.0,"strip_id":29,"plot_id":8,"type":"experiment"},"geometry":{"type":"Polygon","coordinates":[[[-16.699121672,39.125050763],[-16.699122471,39.125777943],[-16.699226563,39.125777874],[-16.699225763,39.125050694],[-16.699121672,39.125050763]]]}},
{"type":"Feature","properties":{"rate":155.0,"strip_id":29,"plot_id":9,"type":"experiment"},"geometry":{"type":"Polygon","coordinates":[[[-16.699122471,39.125777943],[-16.69912327,39.126505123],[-16.699227364,39.126505054],[-16.699226563,39.125777874],[-16.699122471,39.125777943]]]}},
{"type":"Feature","properties":{"rate":290.0,"strip_id":30,"plot_id":1,"type":"experiment"},"geometry":{"type":"Polygon","coordinates":[[[-16.699220168,39.119956195],[-16.699220965,39.120683368],[-16.699325051,39.120683299],[-16.699324252,39.119956126],[-16.699220168,39.119956195]]]}},
{"type":"Feature","properties":{"rate":155.0,"strip_id":30,"plot_id":2,"type":"experiment"},"geometry":{"type":"Polygon","coordinates":[[[-16.699220965,39.120683368],[-16.699221764,39.121410541],[-16.69932585,39.121410472],[-16.699325051,39.120683299],[-16.699220965,39.120683368]]]}},
{"type":"Feature","properties":{"rate":110.0,"strip_id":30,"plot_id":3,"type":"experiment"},"geometry":{"type":"Polygon","coordinates":[[[-16.699221764,39.121410541],[-16.699222562,39.122137714],[-16.69932665,39.122137644],[-16.69932585,39.121410472],[-16.699221764,39.121410541]]]}},
{"type":"Feature","properties":{"rate":200.0,"strip_id":30,"plot_id":4,"type":"experiment"},"geometry":{"type":"Polygon","coordinates":[[[-16.699222562,39.122137714],[-16.699223361,39.122864887],[-16.699327449,39.122864817],[-16.69932665,39.122137644],[-16.699222562,39.122137714]]]}},
{"type":"Feature","properties":{"rate":290.0,"strip_id":30,"plot_id":5,"type":"experiment"},"geometry":{"type":"Polygon","coordinates":[[[-16.699223361,39.122864887],[-16.69922416,39.123592059],[-16.69932825,39.12359199],[-16.699327449,39.122864817],[-16.699223361,39.122864887]]]}},
{"type":"Feature","properties":{"rate":155.0,"strip_id":30,"plot_id":6,"type":"experiment"},"geometry":{"type":"Polygon","coordinates":[[[-16.69922416,39.123592059],[-16.699224959,39.124319232],[-16.69932905,39.124319163],[-16.69932825,39.12359199],[-16.69922416,39.123592059]]]}},
{"type":"Feature","properties":{"rate":110.0,"strip_id":30,"plot_id":7,"type":"experiment"},"geometry":{"type":"Polygon","coordinates":[[[-16.699224959,39.124319232],[-16.699225759,39.125046405],[-16.699329851,39.125046335],[-16.69932905,39.124319163],[-16.699224959,39.124319232]]]}},
{"type":"Feature","properties":{"rate":200.0,"strip_id":30,"plot_id":8,"type":"experiment"},"geometry":{"type":"Polygon","coordinates":[[[-16.699225759,39.125046405],[-16.699226559,39.125773577],[-16.699330652,39.125773508],[-16.699329851,39.125046335],[-16.699225759,39.125046405]]]}},
{"type":"Feature","properties":{"rate":290.0,"strip_id":30,"plot_id":9,"type":"experiment"},"geometry":{"type":"Polygon","coordinates":[[[-16.699226559,39.125773577],[-16.699227359,39.12650075],[-16.699331453,39.12650068],[-16.699330652,39.125773508],[-16.699226559,39.125773577]]]}},
{"type":"Feature","properties":{"rate":110.0,"strip_id":31,"plot_id":1,"type":"experiment"},"geometry":{"type":"Polygon","coordinates":[[[-16.699324247,39.119951888],[-16.699325046,39.120679054],[-16.699429132,39.120678984],[-16.699428332,39.119951819],[-16.699324247,39.119951888]]]}},
{"type":"Feature","properties":{"rate":200.0,"strip_id":31,"plot_id":2,"type":"experiment"},"geometry":{"type":"Polygon","coordinates":[[[-16.699325046,39.120679054],[-16.699325845,39.121406219],[-16.699429932,39.12140615],[-16.699429132,39.120678984],[-16.699325046,39.120679054]]]}},
{"type":"Feature","properties":{"rate":290.0,"strip_id":31,"plot_id":3,"type":"experiment"},"geometry":{"type":"Polygon","coordinates":[[[-16.699325845,39.121406219],[-16.699326645,39.122133385],[-16.699430732,39.122133315],[-16.699429932,39.12140615],[-16.699325845,39.121406219]]]}},
{"type":"Feature","properties":{"rate":155.0,"strip_id":31,"plot_id":4,"type":"experiment"},"geometry":{"type":"Polygon","coordinates":[[[-16.699326645,39.122133385],[-16.699327445,39.12286055],[-16.699431533,39.122860481],[-16.699430732,39.122133315],[-16.699326645,39.122133385]]]}},
{"type":"Feature","properties":{"rate":110.0,"strip_id":31,"plot_id":5,"type":"experiment"},"geometry":{"type":"Polygon","coordinates":[[[-16.699327445,39.12286055],[-16.699328245,39.123587716],[-16.699432334,39.123587646],[-16.699431533,39.122860481],[-16.699327445,39.12286055]]]}},
{"type":"Feature","properties":{"rate":200.0,"strip_id":31,"plot_id":6,"type":"experiment"},"geometry":{"type":"Polygon","coordinates":[[[-16.699328245,39.123587716],[-16.699329045,39.124314881],[-16.699433136,39.124314811],[-16.699432334,39.123587646],[-16.699328245,39.123587716]]]}},
{"type":"Feature","properties":{"rate":290.0,"strip_id":31,"plot_id":7,"type":"experiment"},"geometry":{"type":"Polygon","coordinates":[[[-16.699329045,39.124314881],[-16.699329846,39.125042046],[-16.699433938,39.125041976],[-16.699433136,39.124314811],[-16.699329045,39.124314881]]]}},
{"type":"Feature","properties":{"rate":155.0,"strip_id":31,"plot_id":8,"type":"experiment"},"geometry":{"type":"Polygon","coordinates":[[[-16.699329846,39.125042046],[-16.699330647,39.125769211],[-16.69943474,39.125769141],[-16.699433938,39.125041976],[-16.699329846,39.125042046]]]}},
{"type":"Feature","properties":{"rate":110.0,"strip_id":31,"plot_id":9,"type":"experiment"},"geometry":{"type":"Polygon","coordinates":[[[-16.699330647,39.125769211],[-16.699331448,39.126496376],[-16.699435542,39.126496306],[-16.69943474,39.125769141],[-16.699330647,39.125769211]]]}},
{"type":"Feature","properties":{"rate":200.0,"strip_id":32,"plot_id":1,"type":"experiment"},"geometry":{"type":"Polygon","coordinates":[[[-16.699428327,39.119947581],[-16.699429127,39.120674739],[-16.699533212,39.12067467],[-16.699532411,39.119947511],[-16.699428327,39.119947581]]]}},
{"type":"Feature","properties":{"rate":290.0,"strip_id":32,"plot_id":2,"type":"experiment"},"geometry":{"type":"Polygon","coordinates":[[[-16.699429127,39.120674739],[-16.699429927,39.121401897],[-16.699534014,39.121401828],[-16.699533212,39.12067467],[-16.699429127,39.120674739]]]}},
{"type":"Feature","properties":{"rate":155.0,"strip_id":32,"plot_id":3,"type":"experiment"},"geometry":{"type":"Polygon","coordinates":[[[-16.699429927,39.121401897],[-16.699430728,39.122129056],[-16.699534815,39.122128986],[-16.699534014,39.121401828],[-16.699429927,39.121401897]]]}},
{"type":"Feature","properties":{"rate":110.0,"strip_id":32,"plot_id":4,"type":"experiment"},"geometry":{"type":"Polygon","coordinates":[[[-16.699430728,39.122129056],[-16.699431529,39.122856214],[-16.699535617,39.122856144],[-16.699534815,39.122128986],[-16.699430728,39.122129056]]]}},
{"type":"Feature","properties":{"rate":200.0,"strip_id":32,"plot_id":5,"type":"experiment"},"geometry":{"type":"Polygon","coordinates":[[[-16.699431529,39.122856214],[-16.69943233,39.123583371],[-16.699536419,39.123583302],[-16.699535617,39.122856144],[-16.699431529,39.122856214]]]}},
{"type":"Feature","properties":{"rate":290.0,"strip_id":32,"plot_id":6,"type":"experiment"},"geometry":{"type":"Polygon","coordinates":[[[-16.69943233,39.123583371],[-16.699433131,39.124310529],[-16.699537222,39.12431046],[-16.699536419,39.123583302],[-16.69943233,39.123583371]]]}},
{"type":"Feature","properties":{"rate":155.0,"strip_id":32,"plot_id":7,"type":"experiment"},"geometry":{"type":"Polygon","coordinates":[[[-16.699433131,39.124310529],[-16.699433933,39.125037687],[-16.699538025,39.125037617],[-16.699537222,39.12431046],[-16.699433131,39.124310529]]]}},
{"type":"Feature","properties":{"rate":110.0,"strip_id":32,"plot_id":8,"type":"experiment"},"geometry":{"type":"Polygon","coordinates":[[[-16.699433933,39.125037687],[-16.699434735,39.125764845],[-16.699538828,39.125764775],[-16.699538025,39.125037617],[-16.699433933,39.125037687]]]}},
{"type":"Feature","properties":{"rate":200.0,"strip_id":32,"plot_id":9,"type":"experiment"},"geometry":{"type":"Polygon","coordinates":[[[-16.699434735,39.125764845],[-16.699435537,39.126492002],[-16.699539631,39.126491932],[-16.699538828,39.125764775],[-16.699434735,39.125764845]]]}},
{"type":"Feature","properties":{"rate":155.0,"strip_id":33,"plot_id":1,"type":"experiment"},"geometry":{"type":"Polygon","coordinates":[[[-16.699532406,39.119943274],[-16.699533208,39.120670425],[-16.699637293,39.120670355],[-16.699636491,39.119943204],[-16.699532406,39.119943274]]]}},
{"type":"Feature","properties":{"rate":110.0,"strip_id":33,"plot_id":2,"type":"experiment"},"geometry":{"type":"Polygon","coordinates":[[[-16.699533208,39.120670425],[-16.699534009,39.121397576],[-16.699638095,39.121397506],[-16.699637293,39.120670355],[-16.699533208,39.120670425]]]}},
{"type":"Feature","properties":{"rate":200.0,"strip_id":33,"plot_id":3,"type":"experiment"},"geometry":{"type":"Polygon","coordinates":[[[-16.699534009,39.121397576],[-16.699534811,39.122124726],[-16.699638898,39.122124656],[-16.699638095,39.121397506],[-16.699534009,39.121397576]]]}},
{"type":"Feature","properties":{"rate":290.0,"strip_id":33,"plot_id":4,"type":"experiment"},"geometry":{"type":"Polygon","coordinates":[[[-16.699534811,39.122124726],[-16.699535612,39.122851877],[-16.699639701,39.122851807],[-16.699638898,39.122124656],[-16.699534811,39.122124726]]]}},
{"type":"Feature","properties":{"rate":155.0,"strip_id":33,"plot_id":5,"type":"experiment"},"geometry":{"type":"Polygon","coordinates":[[[-16.699535612,39.122851877],[-16.699536415,39.123579027],[-16.699640504,39.123578958],[-16.699639701,39.122851807],[-16.699535612,39.122851877]]]}},
{"type":"Feature","properties":{"rate":110.0,"strip_id":33,"plot_id":6,"type":"experiment"},"geometry":{"type":"Polygon","coordinates":[[[-16.699536415,39.123579027],[-16.699537217,39.124306178],[-16.699641308,39.124306108],[-16.699640504,39.123578958],[-16.699536415,39.123579027]]]}},
{"type":"Feature","properties":{"rate":200.0,"strip_id":33,"plot_id":7,"type":"experiment"},"geometry":{"type":"Polygon","coordinates":[[[-16.699537217,39.124306178],[-16.69953802,39.125033328],[-16.699642112,39.125033258],[-16.699641308,39.124306108],[-16.699537217,39.124306178]]]}},
{"type":"Feature","properties":{"rate":290.0,"strip_id":33,"plot_id":8,"type":"experiment"},"geometry":{"type":"Polygon","coordinates":[[[-16.69953802,39.125033328],[-16.699538823,39.125760478],[-16.699642916,39.125760408],[-16.699642112,39.125033258],[-16.69953802,39.125033328]]]}},
{"type":"Feature","properties":{"rate":155.0,"strip_id":33,"plot_id":9,"type":"experiment"},"geometry":{"type":"Polygon","coordinates":[[[-16.699538823,39.125760478],[-16.699539626,39.126487628],[-16.69964372,39.126487558],[-16.699642916,39.125760408],[-16.699538823,39.125760478]]]}},
{"type":"Feature","properties":{"rate":290.0,"strip_id":34,"plot_id":1,"type":"experiment"},"geometry":{"type":"Polygon","coordinates":[[[-16.699636486,39.119938967],[-16.699637288,39.12066611],[-16.699741374,39.12066604],[-16.69974057,39.119938897],[-16.699636486,39.119938967]]]}},
{"type":"Feature","properties":{"rate":155.0,"strip_id":34,"plot_id":2,"type":"experiment"},"geometry":{"type":"Polygon","coordinates":[[[-16.699637288,39.12066611],[-16.699638091,39.121393254],[-16.699742177,39.121393184],[-16.699741374,39.12066604],[-16.699637288,39.12066611]]]}},
{"type":"Feature","properties":{"rate":110.0,"strip_id":34,"plot_id":3,"type":"experiment"},"geometry":{"type":"Polygon","coordinates":[[[-16.699638091,39.121393254],[-16.699638893,39.122120397],[-16.699742981,39.122120327],[-16.699742177,39.121393184],[-16.699638091,39.121393254]]]}},
{"type":"Feature","properties":{"rate":200.0,"strip_id":34,"plot_id":4,"type":"experiment"},"geometry":{"type":"Polygon","coordinates":[[[-16.699638893,39.122120397],[-16.699639696,39.12284754],[-16.699743785,39.12284747],[-16.699742981,39.122120327],[-16.699638893,39.122120397]]]}},
{"type":"Feature","properties":{"rate":290.0,"strip_id":34,"plot_id":5,"type":"experiment"},"geometry":{"type":"Polygon","coordinates":[[[-16.699639696,39.12284754],[-16.6996405,39.123574683],[-16.699744589,39.123574613],[-16.699743785,39.12284747],[-16.699639696,39.12284754]]]}},
{"type":"Feature","properties":{"rate":155.0,"strip_id":34,"plot_id":6,"type":"experiment"},"geometry":{"type":"Polygon","coordinates":[[[-16.6996405,39.123574683],[-16.699641303,39.124301826],[-16.699745394,39.124301756],[-16.699744589,39.123574613],[-16.6996405,39.123574683]]]}},
{"type":"Feature","properties":{"rate":110.0,"strip_id":34,"plot_id":7,"type":"experiment"},"geometry":{"type":"Polygon","coordinates":[[[-16.699641303,39.124301826],[-16.699642107,39.125028969],[-16.699746199,39.125028899],[-16.699745394,39.124301756],[-16.699641303,39.124301826]]]}},
{"type":"Feature","properties":{"rate":200.0,"strip_id":34,"plot_id":8,"type":"experiment"},"geometry":{"type":"Polygon","coordinates":[[[-16.699642107,39.125028969],[-16.699642911,39.125756112],[-16.699747004,39.125756042],[-16.699746199,39.125028899],[-16.699642107,39.125028969]]]}},
{"type":"Feature","properties":{"rate":290.0,"strip_id":34,"plot_id":9,"type":"experiment"},"geometry":{"type":"Polygon","coordinates":[[[-16.699642911,39.125756112],[-16.699643716,39.126483254],[-16.699747809,39.126483184],[-16.699747004,39.125756042],[-16.699642911,39.125756112]]]}},
{"type":"Feature","properties":{"rate":110.0,"strip_id":35,"plot_id":1,"type":"experiment"},"geometry":{"type":"Polygon","coordinates":[[[-16.699740566,39.11993466],[-16.699741369,39.120661796],[-16.699845454,39.120661726],[-16.69984465,39.11993459],[-16.699740566,39.11993466]]]}},
{"type":"Feature","properties":{"rate":200.0,"strip_id":35,"plot_id":2,"type":"experiment"},"geometry":{"type":"Polygon","coordinates":[[[-16.699741369,39.120661796],[-16.699742172,39.121388931],[-16.699846259,39.121388862],[-16.699845454,39.120661726],[-16.699741369,39.120661796]]]}},
{"type":"Feature","properties":{"rate":290.0,"strip_id":35,"plot_id":3,"type":"experiment"},"geometry":{"type":"Polygon","coordinates":[[[-16.699742172,39.121388931],[-16.699742976,39.122116067],[-16.699847064,39.122115997],[-16.699846259,39.121388862],[-16.699742172,39.121388931]]]}},
{"type":"Feature","properties":{"rate":155.0,"strip_id":35,"plot_id":4,"type":"experiment"},"geometry":{"type":"Polygon","coordinates":[[[-16.699742976,39.122116067],[-16.69974378,39.122843203],[-16.699847869,39.122843133],[-16.699847064,39.122115997],[-16.699742976,39.122116067]]]}},
{"type":"Feature","properties":{"rate":110.0,"strip_id":35,"plot_id":5,"type":"experiment"},"geometry":{"type":"Polygon","coordinates":[[[-16.69974378,39.122843203],[-16.699744584,39.123570339],[-16.699848674,39.123570269],[-16.699847869,39.122843133],[-16.69974378,39.122843203]]]}},
{"type":"Feature","properties":{"rate":200.0,"strip_id":35,"plot_id":6,"type":"experiment"},"geometry":{"type":"Polygon","coordinates":[[[-16.699744584,39.123570339],[-16.699745389,39.124297474],[-16.69984948,39.124297404],[-16.699848674,39.123570269],[-16.699744584,39.123570339]]]}},
{"type":"Feature","properties":{"rate":290.0,"strip_id":35,"plot_id":7,"type":"experiment"},"geometry":{"type":"Polygon","coordinates":[[[-16.699745389,39.124297474],[-16.699746194,39.12502461],[-16.699850286,39.12502454],[-16.69984948,39.124297404],[-16.699745389,39.124297474]]]}},
{"type":"Feature","properties":{"rate":155.0,"strip_id":35,"plot_id":8,"type":"experiment"},"geometry":{"type":"Polygon","coordinates":[[[-16.699746194,39.12502461],[-16.699746999,39.125751745],[-16.699851092,39.125751675],[-16.699850286,39.12502454],[-16.699746194,39.12502461]]]}},
{"type":"Feature","properties":{"rate":110.0,"strip_id":35,"plot_id":9,"type":"experiment"},"geometry":{"type":"Polygon","coordinates":[[[-16.699746999,39.125751745],[-16.699747805,39.12647888],[-16.699851899,39.12647881],[-16.699851092,39.125751675],[-16.699746999,39.125751745]]]}},
{"type":"Feature","properties":{"rate":200.0,"strip_id":36,"plot_id":1,"type":"experiment"},"geometry":{"type":"Polygon","coordinates":[[[-16.699844645,39.119930352],[-16.69984545,39.120657481],[-16.699949535,39.120657411],[-16.69994873,39.119930282],[-16.699844645,39.119930352]]]}},
{"type":"Feature","properties":{"rate":290.0,"strip_id":36,"plot_id":2,"type":"experiment"},"geometry":{"type":"Polygon","coordinates":[[[-16.69984545,39.120657481],[-16.699846254,39.121384609],[-16.69995034,39.121384539],[-16.699949535,39.120657411],[-16.69984545,39.120657481]]]}},
{"type":"Feature","properties":{"rate":155.0,"strip_id":36,"plot_id":3,"type":"experiment"},"geometry":{"type":"Polygon","coordinates":[[[-16.699846254,39.121384609],[-16.699847059,39.122111738],[-16.699951146,39.122111668],[-16.69995034,39.121384539],[-16.699846254,39.121384609]]]}},
{"type":"Feature","properties":{"rate":110.0,"strip_id":36,"plot_id":4,"type":"experiment"},"geometry":{"type":"Polygon","coordinates":[[[-16.699847059,39.122111738],[-16.699847864,39.122838866],[-16.699951953,39.122838796],[-16.699951146,39.122111668],[-16.699847059,39.122111738]]]}},
{"type":"Feature","properties":{"rate":200.0,"strip_id":36,"plot_id":5,"type":"experiment"},"geometry":{"type":"Polygon","coordinates":[[[-16.699847864,39.122838866],[-16.699848669,39.123565994],[-16.699952759,39.123565924],[-16.699951953,39.122838796],[-16.699847864,39.122838866]]]}},
{"type":"Feature","properties":{"rate":290.0,"strip_id":36,"plot_id":6,"type":"experiment"},"geometry":{"type":"Polygon","coordinates":[[[-16.699848669,39.123565994],[-16.699849475,39.124293122],[-16.699953566,39.124293052],[-16.699952759,39.123565924],[-16.699848669,39.123565994]]]}},
{"type":"Feature","properties":{"rate":155.0,"strip_id":36,"plot_id":7,"type":"experiment"},"geometry":{"type":"Polygon","coordinates":[[[-16.699849475,39.124293122],[-16.699850281,39.12502025],[-16.699954373,39.12502018],[-16.699953566,39.124293052],[-16.699849475,39.124293122]]]}},
{"type":"Feature","properties":{"rate":110.0,"strip_id":36,"plot_id":8,"type":"experiment"},"geometry":{"type":"Polygon","coordinates":[[[-16.699850281,39.12502025],[-16.699851087,39.125747378],[-16.69995518,39.125747308],[-16.699954373,39.12502018],[-16.699850281,39.12502025]]]}},
{"type":"Feature","properties":{"rate":200.0,"strip_id":36,"plot_id":9,"type":"experiment"},"geometry":{"type":"Polygon","coordinates":[[[-16.699851087,39.125747378],[-16.699851894,39.126474506],[-16.699955988,39.126474436],[-16.69995518,39.125747308],[-16.699851087,39.125747378]]]}},
{"type":"Feature","properties":{"rate":155.0,"strip_id":37,"plot_id":1,"type":"experiment"},"geometry":{"type":"Polygon","coordinates":[[[-16.699948725,39.119926045],[-16.69994953,39.120653166],[-16.700053615,39.120653096],[-16.700052809,39.119925975],[-16.699948725,39.119926045]]]}},
{"type":"Feature","properties":{"rate":110.0,"strip_id":37,"plot_id":2,"type":"experiment"},"geometry":{"type":"Polygon","coordinates":[[[-16.69994953,39.120653166],[-16.699950336,39.121380287],[-16.700054422,39.121380217],[-16.700053615,39.120653096],[-16.69994953,39.120653166]]]}},
{"type":"Feature","properties":{"rate":200.0,"strip_id":37,"plot_id":3,"type":"experiment"},"geometry":{"type":"Polygon","coordinates":[[[-16.699950336,39.121380287],[-16.699951142,39.122107408],[-16.700055229,39.122107338],[-16.700054422,39.121380217],[-16.699950336,39.121380287]]]}},
{"type":"Feature","properties":{"rate":290.0,"strip_id":37,"plot_id":4,"type":"experiment"},"geometry":{"type":"Polygon","coordinates":[[[-16.699951142,39.122107408],[-16.699951948,39.122834529],[-16.700056036,39.122834459],[-16.700055229,39.122107338],[-16.699951142,39.122107408]]]}},
{"type":"Feature","properties":{"rate":155.0,"strip_id":37,"plot_id":5,"type":"experiment"},"geometry":{"type":"Polygon","coordinates":[[[-16.699951948,39.122834529],[-16.699952754,39.12356165],[-16.700056844,39.123561579],[-16.700056036,39.122834459],[-16.699951948,39.122834529]]]}},
{"type":"Feature","properties":{"rate":110.0,"strip_id":37,"plot_id":6,"type":"experiment"},"geometry":{"type":"Polygon","coordinates":[[[-16.699952754,39.12356165],[-16.699953561,39.12428877],[-16.700057652,39.1242887],[-16.700056844,39.123561579],[-16.699952754,39.12356165]]]}},
{"type":"Feature","properties":{"rate":200.0,"strip_id":37,"plot_id":7,"type":"experiment"},"geometry":{"type":"Polygon","coordinates":[[[-16.699953561,39.12428877],[-16.699954368,39.125015891],[-16.70005846,39.125015821],[-16.700057652,39.1242887],[-16.699953561,39.12428877]]]}},
{"type":"Feature","properties":{"rate":290.0,"strip_id":37,"plot_id":8,"type":"experiment"},"geometry":{"type":"Polygon","coordinates":[[[-16.699954368,39.125015891],[-16.699955175,39.125743011],[-16.700059268,39.125742941],[-16.70005846,39.125015821],[-16.699954368,39.125015891]]]}},
{"type":"Feature","properties":{"rate":155.0,"strip_id":37,"plot_id":9,"type":"experiment"},"geometry":{"type":"Polygon","coordinates":[[[-16.699955175,39.125743011],[-16.699955983,39.126470132],[-16.700060077,39.126470062],[-16.700059268,39.125742941],[-16.699955175,39.125743011]]]}},
{"type":"Feature","properties":{"rate":290.0,"strip_id":38,"plot_id":1,"type":"experiment"},"geometry":{"type":"Polygon","coordinates":[[[-16.700052804,39.119921737],[-16.700053611,39.120648851],[-16.700157696,39.120648781],[-16.700156889,39.119921667],[-16.700052804,39.119921737]]]}},
{"type":"Feature","properties":{"rate":155.0,"strip_id":38,"plot_id":2,"type":"experiment"},"geometry":{"type":"Polygon","coordinates":[[[-16.700053611,39.120648851],[-16.700054417,39.121375965],[-16.700158504,39.121375894],[-16.700157696,39.120648781],[-16.700053611,39.120648851]]]}},
{"type":"Feature","properties":{"rate":110.0,"strip_id":38,"plot_id":3,"type":"experiment"},"geometry":{"type":"Polygon","coordinates":[[[-16.700054417,39.121375965],[-16.700055224,39.122103078],[-16.700159312,39.122103008],[-16.700158504,39.121375894],[-16.700054417,39.121375965]]]}},
{"type":"Feature","properties":{"rate":200.0,"strip_id":38,"plot_id":4,"type":"experiment"},"geometry":{"type":"Polygon","coordinates":[[[-16.700055224,39.122103078],[-16.700056032,39.122830192],[-16.70016012,39.122830121],[-16.700159312,39.122103008],[-16.700055224,39.122103078]]]}},
{"type":"Feature","properties":{"rate":290.0,"strip_id":38,"plot_id":5,"type":"experiment"},"geometry":{"type":"Polygon","coordinates":[[[-16.700056032,39.122830192],[-16.700056839,39.123557305],[-16.700160929,39.123557235],[-16.70016012,39.122830121],[-16.700056032,39.122830192]]]}},
{"type":"Feature","properties":{"rate":155.0,"strip_id":38,"plot_id":6,"type":"experiment"},"geometry":{"type":"Polygon","coordinates":[[[-16.700056839,39.123557305],[-16.700057647,39.124284418],[-16.700161738,39.124284348],[-16.700160929,39.123557235],[-16.700056839,39.123557305]]]}},
{"type":"Feature","properties":{"rate":110.0,"strip_id":38,"plot_id":7,"type":"experiment"},"geometry":{"type":"Polygon","coordinates":[[[-16.700057647,39.124284418],[-16.700058455,39.125011531],[-16.700162547,39.125011461],[-16.700161738,39.124284348],[-16.700057647,39.124284418]]]}},
{"type":"Feature","properties":{"rate":200.0,"strip_id":38,"plot_id":8,"type":"experiment"},"geometry":{"type":"Polygon","coordinates":[[[-16.700058455,39.125011531],[-16.700059263,39.125738645],[-16.700163356,39.125738574],[-16.700162547,39.125011461],[-16.700058455,39.125011531]]]}},
{"type":"Feature","properties":{"rate":290.0,"strip_id":38,"plot_id":9,"type":"experiment"},"geometry":{"type":"Polygon","coordinates":[[[-16.700059263,39.125738645],[-16.700060072,39.126465758],[-16.700164166,39.126465687],[-16.700163356,39.125738574],[-16.700059263,39.125738645]]]}},
{"type":"Feature","properties":{"rate":110.0,"strip_id":39,"plot_id":1,"type":"experiment"},"geometry":{"type":"Polygon","coordinates":[[[-16.700156884,39.11991743],[-16.700157691,39.120644536],[-16.700261777,39.120644466],[-16.700260968,39.119917359],[-16.700156884,39.11991743]]]}},
{"type":"Feature","properties":{"rate":200.0,"strip_id":39,"plot_id":2,"type":"experiment"},"geometry":{"type":"Polygon","coordinates":[[[-16.700157691,39.120644536],[-16.700158499,39.121371642],[-16.700262585,39.121371572],[-16.700261777,39.120644466],[-16.700157691,39.120644536]]]}},
{"type":"Feature","properties":{"rate":290.0,"strip_id":39,"plot_id":3,"type":"experiment"},"geometry":{"type":"Polygon","coordinates":[[[-16.700158499,39.121371642],[-16.700159307,39.122098748],[-16.700263394,39.122098678],[-16.700262585,39.121371572],[-16.700158499,39.121371642]]]}},
{"type":"Feature","properties":{"rate":155.0,"strip_id":39,"plot_id":4,"type":"experiment"},"geometry":{"type":"Polygon","coordinates":[[[-16.700159307,39.122098748],[-16.700160115,39.122825854],[-16.700264204,39.122825784],[-16.700263394,39.122098678],[-16.700159307,39.122098748]]]}},
{"type":"Feature","properties":{"rate":110.0,"strip_id":39,"plot_id":5,"type":"experiment"},"geometry":{"type":"Polygon","coordinates":[[[-16.700160115,39.122825854],[-16.700160924,39.12355296],[-16.700265013,39.12355289],[-16.700264204,39.122825784],[-16.700160115,39.122825854]]]}},
{"type":"Feature","properties":{"rate":200.0,"strip_id":39,"plot_id":6,"type":"experiment"},"geometry":{"type":"Polygon","coordinates":[[[-16.700160924,39.12355296],[-16.700161733,39.124280066],[-16.700265823,39.124279996],[-16.700265013,39.12355289],[-16.700160924,39.12355296]]]}},
{"type":"Feature","properties":{"rate":290.0,"strip_id":39,"plot_id":7,"type":"experiment"},"geometry":{"type":"Polygon","coordinates":[[[-16.700161733,39.124280066],[-16.700162542,39.125007172],[-16.700266634,39.125007102],[-16.700265823,39.124279996],[-16.700161733,39.124280066]]]}},
{"type":"Feature","properties":{"rate":155.0,"strip_id":39,"plot_id":8,"type":"experiment"},"geometry":{"type":"Polygon","coordinates":[[[-16.700162542,39.125007172],[-16.700163351,39.125734278],[-16.700267444,39.125734207],[-16.700266634,39.125007102],[-16.700162542,39.125007172]]]}},
{"type":"Feature","properties":{"rate":110.0,"strip_id":39,"plot_id":9,"type":"experiment"},"geometry":{"type":"Polygon","coordinates":[[[-16.700163351,39.125734278],[-16.700164161,39.126461383],[-16.700268255,39.126461313],[-16.700267444,39.125734207],[-16.700163351,39.125734278]]]}},
{"type":"Feature","properties":{"rate":200.0,"strip_id":40,"plot_id":1,"type":"experiment"},"geometry":{"type":"Polygon","coordinates":[[[-16.700260963,39.119913122],[-16.700261772,39.120640221],[-16.700365857,39.12064015],[-16.700365048,39.119913052],[-16.700260963,39.119913122]]]}},
{"type":"Feature","properties":{"rate":290.0,"strip_id":40,"plot_id":2,"type":"experiment"},"geometry":{"type":"Polygon","coordinates":[[[-16.700261772,39.120640221],[-16.700262581,39.12136732],[-16.700366667,39.121367249],[-16.700365857,39.12064015],[-16.700261772,39.120640221]]]}},
{"type":"Feature","properties":{"rate":155.0,"strip_id":40,"plot_id":3,"type":"experiment"},"geometry":{"type":"Polygon","coordinates":[[[-16.700262581,39.12136732],[-16.70026339,39.122094418],[-16.700367477,39.122094348],[-16.700366667,39.121367249],[-16.700262581,39.12136732]]]}},
{"type":"Feature","properties":{"rate":110.0,"strip_id":40,"plot_id":4,"type":"experiment"},"geometry":{"type":"Polygon","coordinates":[[[-16.70026339,39.122094418],[-16.700264199,39.122821517],[-16.700368288,39.122821447],[-16.700367477,39.122094348],[-16.70026339,39.122094418]]]}},
{"type":"Feature","properties":{"rate":200.0,"strip_id":40,"plot_id":5,"type":"experiment"},"geometry":{"type":"Polygon","coordinates":[[[-16.700264199,39.122821517],[-16.700265009,39.123548615],[-16.700369098,39.123548545],[-16.700368288,39.122821447],[-16.700264199,39.122821517]]]}},
{"type":"Feature","properties":{"rate":290.0,"strip_id":40,"plot_id":6,"type":"experiment"},"geometry":{"type":"Polygon","coordinates":[[[-16.700265009,39.123548615],[-16.700265819,39.124275714],[-16.700369909,39.124275643],[-16.700369098,39.123548545],[-16.700265009,39.123548615]]]}},
{"type":"Feature","properties":{"rate":155.0,"strip_id":40,"plot_id":7,"type":"experiment"},"geometry":{"type":"Polygon","coordinates":[[[-16.700265819,39.124275714],[-16.700266629,39.125002812],[-16.700370721,39.125002742],[-16.700369909,39.124275643],[-16.700265819,39.124275714]]]}},
{"type":"Feature","properties":{"rate":110.0,"strip_id":40,"plot_id":8,"type":"experiment"},"geometry":{"type":"Polygon","coordinates":[[[-16.700266629,39.125002812],[-16.700267439,39.12572991],[-16.700371532,39.12572984],[-16.700370721,39.125002742],[-16.700266629,39.125002812]]]}},
{"type":"Feature","properties":{"rate":200.0,"strip_id":40,"plot_id":9,"type":"experiment"},"geometry":{"type":"Polygon","coordinates":[[[-16.700267439,39.12572991],[-16.70026825,39.126457009],[-16.700372344,39.126456938],[-16.700371532,39.12572984],[-16.700267439,39.12572991]]]}},
{"type":"Feature","properties":{"rate":155.0,"strip_id":41,"plot_id":1,"type":"experiment"},"geometry":{"type":"Polygon","coordinates":[[[-16.700365043,39.119908814],[-16.700365852,39.120635906],[-16.700469938,39.120635835],[-16.700469127,39.119908744],[-16.700365043,39.119908814]]]}},
{"type":"Feature","properties":{"rate":110.0,"strip_id":41,"plot_id":2,"type":"experiment"},"geometry":{"type":"Polygon","coordinates":[[[-16.700365852,39.120635906],[-16.700366662,39.121362997],[-16.700470749,39.121362926],[-16.700469938,39.120635835],[-16.700365852,39.120635906]]]}},
{"type":"Feature","properties":{"rate":200.0,"strip_id":41,"plot_id":3,"type":"experiment"},"geometry":{"type":"Polygon","coordinates":[[[-16.700366662,39.121362997],[-16.700367472,39.122090088],[-16.70047156,39.122090018],[-16.700470749,39.121362926],[-16.700366662,39.121362997]]]}},
{"type":"Feature","properties":{"rate":290.0,"strip_id":41,"plot_id":4,"type":"experiment"},"geometry":{"type":"Polygon","coordinates":[[[-16.700367472,39.122090088],[-16.700368283,39.122817179],[-16.700472371,39.122817109],[-16.70047156,39.122090018],[-16.700367472,39.122090088]]]}},
{"type":"Feature","properties":{"rate":155.0,"strip_id":41,"plot_id":5,"type":"experiment"},"geometry":{"type":"Polygon","coordinates":[[[-16.700368283,39.122817179],[-16.700369094,39.12354427],[-16.700473183,39.1235442],[-16.700472371,39.122817109],[-16.700368283,39.122817179]]]}},
{"type":"Feature","properties":{"rate":110.0,"strip_id":41,"plot_id":6,"type":"experiment"},"geometry":{"type":"Polygon","coordinates":[[[-16.700369094,39.12354427],[-16.700369905,39.124271362],[-16.700473995,39.124271291],[-16.700473183,39.1235442],[-16.700369094,39.12354427]]]}},
{"type":"Feature","properties":{"rate":200.0,"strip_id":41,"plot_id":7,"type":"experiment"},"geometry":{"type":"Polygon","coordinates":[[[-16.700369905,39.124271362],[-16.700370716,39.124998452],[-16.700474807,39.124998382],[-16.700473995,39.124271291],[-16.700369905,39.124271362]]]}},
{"type":"Feature","properties":{"rate":290.0,"strip_id":41,"plot_id":8,"type":"experiment"},"geometry":{"type":"Polygon","coordinates":[[[-16.700370716,39.124998452],[-16.700371527,39.125725543],[-16.70047562,39.125725473],[-16.700474807,39.124998382],[-16.700370716,39.124998452]]]}},
{"type":"Feature","properties":{"rate":155.0,"strip_id":41,"plot_id":9,"type":"experiment"},"geometry":{"type":"Polygon","coordinates":[[[-16.700371527,39.125725543],[-16.700372339,39.126452634],[-16.700476433,39.126452563],[-16.70047562,39.125725473],[-16.700371527,39.125725543]]]}},
{"type":"Feature","properties":{"rate":290.0,"strip_id":42,"plot_id":1,"type":"experiment"},"geometry":{"type":"Polygon","coordinates":[[[-16.700469122,39.119904506],[-16.700469933,39.12063159],[-16.700574018,39.12063152],[-16.700573207,39.119904436],[-16.700469122,39.119904506]]]}},
{"type":"Feature","properties":{"rate":155.0,"strip_id":42,"plot_id":2,"type":"experiment"},"geometry":{"type":"Polygon","coordinates":[[[-16.700469933,39.12063159],[-16.700470744,39.121358674],[-16.70057483,39.121358604],[-16.700574018,39.12063152],[-16.700469933,39.12063159]]]}},
{"type":"Feature","properties":{"rate":110.0,"strip_id":42,"plot_id":3,"type":"experiment"},"geometry":{"type":"Polygon","coordinates":[[[-16.700470744,39.121358674],[-16.700471555,39.122085758],[-16.700575642,39.122085687],[-16.70057483,39.121358604],[-16.700470744,39.121358674]]]}},
{"type":"Feature","properties":{"rate":200.0,"strip_id":42,"plot_id":4,"type":"experiment"},"geometry":{"type":"Polygon","coordinates":[[[-16.700471555,39.122085758],[-16.700472367,39.122812842],[-16.700576455,39.122812771],[-16.700575642,39.122085687],[-16.700471555,39.122085758]]]}},
{"type":"Feature","properties":{"rate":290.0,"strip_id":42,"plot_id":5,"type":"experiment"},"geometry":{"type":"Polygon","coordinates":[[[-16.700472367,39.122812842],[-16.700473178,39.123539925],[-16.700577268,39.123539855],[-16.700576455,39.122812771],[-16.700472367,39.122812842]]]}},
{"type":"Feature","properties":{"rate":155.0,"strip_id":42,"plot_id":6,"type":"experiment"},"geometry":{"type":"Polygon","coordinates":[[[-16.700473178,39.123539925],[-16.70047399,39.124267009],[-16.700578081,39.124266938],[-16.700577268,39.123539855],[-16.700473178,39.123539925]]]}},
{"type":"Feature","properties":{"rate":110.0,"strip_id":42,"plot_id":7,"type":"experiment"},"geometry":{"type":"Polygon","coordinates":[[[-16.70047399,39.124267009],[-16.700474803,39.124994093],[-16.700578894,39.124994022],[-16.700578081,39.124266938],[-16.70047399,39.124267009]]]}},
{"type":"Feature","properties":{"rate":200.0,"strip_id":42,"plot_id":8,"type":"experiment"},"geometry":{"type":"Polygon","coordinates":[[[-16.700474803,39.124994093],[-16.700475615,39.125721176],[-16.700579708,39.125721105],[-16.700578894,39.124994022],[-16.700474803,39.124994093]]]}},
{"type":"Feature","properties":{"rate":290.0,"strip_id":42,"plot_id":9,"type":"experiment"},"geometry":{"type":"Polygon","coordinates":[[[-16.700475615,39.125721176],[-16.700476428,39.126448259],[-16.700580522,39.126448189],[-16.700579708,39.125721105],[-16.700475615,39.125721176]]]}},
{"type":"Feature","properties":{"rate":200.0,"strip_id":null,"plot_id":null,"type":"headland"},"geometry":{"type":"Polygon","coordinates":[[[-16.7007623,39.1267629],[-16.700779,39.1195693],[-16.6988532,39.119649],[-16.6986749,39.1196502],[-16.6983063,39.1196249],[-16.6960608,39.1196927],[-16.6960421,39.1269612],[-16.7007623,39.1267629]],[[-16.700573242,39.11990435],[-16.700573248,39.119904352],[-16.700573253,39.119904353],[-16.700573259,39.119904355],[-16.700573264,39.119904358],[-16.70057327,39.11990436],[-16.700573274,39.119904363],[-16.700573279,39.119904365],[-16.700573284,39.119904369],[-16.700573288,39.119904372],[-16.700573292,39.119904375],[-16.700573297,39.119904379],[-16.7005733,39.119904382],[-16.700573304,39.119904387],[-16.700573306,39.11990439],[-16.70057331,39.119904395],[-16.700573312,39.119904399],[-16.700573315,39.119904404],[-16.700573317,39.119904408],[-16.700573318,39.119904413],[-16.70057332,39.119904417],[-16.700573321,39.119904422],[-16.700573322,39.119904426],[-16.700573322,39.119904431],[-16.700573322,39.119904436],[-16.700574133,39.12063152],[-16.700574133,39.120631525],[-16.700574134,39.120631529],[-16.700574133,39.12063153],[-16.700574946,39.121358604],[-16.700574946,39.121358608],[-16.700574946,39.121358609],[-16.700575758,39.122085688],[-16.700575759,39.122085692],[-16.700575758,39.122085693],[-16.70057657,39.122812772],[-16.70057657,39.122812776],[-16.70057657,39.122812781],[-16.70057657,39.122812781],[-16.700577383,39.123539855],[-16.700577384,39.12353986],[-16.700577383,39.12353986],[-16.700578197,39.124266939],[-16.70057901,39.124994022],[-16.70057901,39.124994027],[-16.70057901,39.124994031],[-16.70057901,39.124994032],[-16.700579824,39.125721106],[-16.700579824,39.12572111],[-16.700579824,39.125721111],[-16.700580638,39.126448189],[-16.700580637,39.126448193],[-16.700580637,39.126448198],[-16.700580636,39.126448202],[-16.700580635,39.126448207],[-16.700580634,39.126448212],[-16.700580632,39.126448216],[-16.70058063,39.126448221],[-16.700580628,39.126448225],[-16.700580625,39.12644823],[-16.700580622,39.126448233],[-16.700580619,39.126448238],[-16.700580615,39.126448241],[-16.700580612,39.126448245],[-16.700580608,39.126448249],[-16.700580604,39.126448252],[-16.700580599,39.126448255],[-16.700580595,39.126448259],[-16.70058059,39.126448262],[-16.700580586,39.126448264],[-16.70058058,39.126448266],[-16.700580574,39.126448269],[-16.70058057,39.126448271],[-16.700580564,39.126448273],[-16.700580558,39.126448275],[-16.700580552,39.126448276],[-16.700580547,39.126448277],[-16.70058054,39.126448278],[-16.700580534,39.126448279],[-16.700580528,39.126448279],[-16.700580522,39.126448279],[-16.700476544,39.12644835],[-16.700476549,39.126452563],[-16.700476548,39.126452568],[-16.700476548,39.126452573],[-16.700476547,39.126452578],[-16.700476546,39.126452582],[-16.700476545,39.126452587],[-16.700476543,39.126452591],[-16.700476541,39.126452596],[-16.700476539,39.1264526],[-16.700476536,39.126452604],[-16.700476533,39.126452608],[-16.70047653,39.126452612],[-16.700476526,39.126452617],[-16.700476523,39.12645262],[-16.700476519,39.126452624],[-16.700476515,39.126452627],[-16.70047651,39.12645263],[-16.700476506,39.126452633],[-16.700476501,39.126452636],[-16.700476497,39.126452639],[-16.700476491,39.126452642],[-16.700476485,39.126452643],[-16.700476481,39.126452646],[-16.700476475,39.126452647],[-16.700476469,39.126452649],[-16.700476463,39.126452651],[-16.700476458,39.126452652],[-16.700476451,39.126452653],[-16.700476445,39.126452653],[-16.700476439,39.126452653],[-16.700476433,39.126452653],[-16.700372455,39.126452724],[-16.70037246,39.126456938],[-16.700372459,39.126456943],[-16.700372459,39.126456947],[-16.700372458,39.126456952],[-16.700372457,39.126456957],[-16.700372456,39.126456962],[-16.700372454,39.126456966],[-16.700372452,39.126456971],[-16.700372449,39.126456974],[-16.700372447,39.126456979],[-16.700372444,39.126456984],[-16.700372442,39.126456987],[-16.700372437,39.126456991],[-16.700372434,39.126456995],[-16.70037243,39.126456998],[-16.700372426,39.126457002],[-16.700372421,39.126457005],[-16.700372417,39.126457008],[-16.700372412,39.126457011],[-16.700372408,39.126457014],[-16.700372402,39.126457017],[-16.700372396,39.126457018],[-16.700372392,39.12645702],[-16.700372386,39.126457022],[-16.70037238,39.126457024],[-16.700372374,39.126457025],[-16.700372369,39.126457026],[-16.700372362,39.126457027],[-16.700372356,39.126457028],[-16.70037235,39.126457028],[-16.700372344,39.126457028],[-16.700268366,39.126457099],[-16.700268371,39.126461312],[-16.70026837,39.126461318],[-16.70026837,39.126461322],[-16.700268369,39.126461327],[-16.700268368,39.126461331],[-16.700268367,39.126461336],[-16.700268365,39.12646134],[-16.700268363,39.126461345],[-16.70026836,39.126461349],[-16.700268358,39.126461354],[-16.700268355,39.126461358],[-16.700268353,39.126461362],[-16.700268348,39.126461366],[-16.700268345,39.12646137],[-16.700268341,39.126461373],[-16.700268337,39.126461377],[-16.700268332,39.12646138],[-16.700268328,39.126461382],[-16.700268323,39.126461386],[-16.700268319,39.126461388],[-16.700268313,39.126461391],[-16.700268307,39.126461393],[-16.700268302,39.126461395],[-16.700268297,39.126461397],[-16.700268291,39.126461398],[-16.700268285,39.1264614],[-16.700268279,39.126461401],[-16.700268274,39.126461402],[-16.700268267,39.126461402],[-16.700268261,39.126461403],[-16.700268255,39.126461403],[-16.700164277,39.126461473],[-16.700164282,39.126465687],[-16.700164281,39.126465692],[-16.700164281,39.126465696],[-16.70016428,39.126465702],[-16.700164279,39.126465706],[-16.700164278,39.126465711],[-16.700164276,39.126465715],[-16.700164273,39.12646572],[-16.700164271,39.126465723],[-16.700164269,39.126465728],[-16.700164266,39.126465733],[-16.700164263,39.126465736],[-16.70016426,39.12646574],[-16.700164256,39.126465744],[-16.700164252,39.126465747],[-16.700164248,39.126465751],[-16.700164243,39.126465754],[-16.700164239,39.126465757],[-16.700164234,39.12646576],[-16.700164229,39.126465763],[-16.700164224,39.126465766],[-16.700164218,39.126465767],[-16.700164213,39.126465769],[-16.700164208,39.126465771],[-16.700164202,39.126465773],[-16.700164196,39.126465774],[-16.70016419,39.126465775],[-16.700164185,39.126465776],[-16.700164178,39.126465777],[-16.700164172,39.126465777],[-16.700164166,39.126465777],[-16.700060188,39.126465848],[-16.700060193,39.126470062],[-16.700060192,39.126470067],[-16.700060192,39.126470071],[-16.700060191,39.126470076],[-16.70006019,39.12647008],[-16.700060189,39.126470085],[-16.700060187,39.126470089],[-16.700060184,39.126470094],[-16.700060182,39.126470098],[-16.70006018,39.126470103],[-16.700060177,39.126470106],[-16.700060174,39.126470111],[-16.700060171,39.126470115],[-16.700060166,39.126470118],[-16.700060163,39.126470122],[-16.700060159,39.126470126],[-16.700060154,39.126470128],[-16.700060149,39.126470132],[-16.700060145,39.126470135],[-16.70006014,39.126470138],[-16.700060135,39.12647014],[-16.70006013,39.126470142],[-16.700060124,39.126470144],[-16.700060119,39.126470146],[-16.700060113,39.126470147],[-16.700060107,39.126470149],[-16.700060101,39.12647015],[-16.700060096,39.126470151],[-16.700060089,39.126470151],[-16.700060083,39.126470152],[-16.700060077,39.126470152],[-16.699956099,39.126470222],[-16.699956104,39.126474436],[-16.699956103,39.12647444],[-16.699956103,39.126474446],[-16.699956102,39.12647445],[-16.699956101,39.126474455],[-16.6999561,39.126474459],[-16.699956097,39.126474464],[-16.699956095,39.126474468],[-16.699956093,39.126474473],[-16.699956091,39.126474477],[-16.699956087,39.126474481],[-16.699956085,39.126474485],[-16.699956082,39.126474489],[-16.699956077,39.126474493],[-16.699956074,39.126474497],[-16.699956069,39.126474499],[-16.699956065,39.126474503],[-16.69995606,39.126474506],[-16.699956056,39.126474509],[-16.699956051,39.126474511],[-16.699956045,39.126474514],[-16.699956041,39.126474516],[-16.699956035,39.126474518],[-16.699956029,39.12647452],[-16.699956024,39.126474522],[-16.699956018,39.126474523],[-16.699956012,39.126474524],[-16.699956006,39.126474525],[-16.699955999,39.126474526],[-16.699955994,39.126474526],[-16.699955988,39.126474526],[-16.69985201,39.126474596],[-16.699852015,39.126478811],[-16.699852015,39.126478815],[-16.699852014,39.12647882],[-16.699852013,39.126478824],[-16.699852012,39.126478829],[-16.699852011,39.126478833],[-16.699852008,39.126478838],[-16.699852006,39.126478842],[-16.699852004,39.126478847],[-16.699852002,39.126478851],[-16.699851998,39.126478855],[-16.699851996,39.126478859],[-16.699851993,39.126478863],[-16.699851988,39.126478867],[-16.699851985,39.12647887],[-16.69985198,39.126478874],[-16.699851976,39.126478877],[-16.699851971,39.126478881],[-16.699851967,39.126478883],[-16.699851962,39.126478886],[-16.699851956,39.126478888],[-16.699851952,39.126478891],[-16.699851946,39.126478893],[-16.69985194,39.126478894],[-16.699851935,39.126478896],[-16.699851929,39.126478897],[-16.699851923,39.126478898],[-16.699851917,39.126478899],[-16.69985191,39.1264789],[-16.699851905,39.1264789],[-16.699851899,39.126478901],[-16.699747921,39.12647897],[-16.699747925,39.126483184],[-16.699747926,39.126483189],[-16.699747925,39.126483194],[-16.699747923,39.126483199],[-16.699747922,39.126483203],[-16.699747921,39.126483208],[-16.699747919,39.126483212],[-16.699747917,39.126483217],[-16.699747915,39.126483221],[-16.699747913,39.126483225],[-16.699747909,39.126483229],[-16.699747907,39.126483233],[-16.699747904,39.126483238],[-16.699747899,39.126483241],[-16.699747896,39.126483245],[-16.699747891,39.126483248],[-16.699747887,39.126483251],[-16.699747882,39.126483254],[-16.699747877,39.126483257],[-16.699747873,39.12648326],[-16.699747867,39.126483262],[-16.699747863,39.126483264],[-16.699747857,39.126483267],[-16.699747851,39.126483268],[-16.699747845,39.12648327],[-16.69974784,39.126483271],[-16.699747834,39.126483273],[-16.699747828,39.126483273],[-16.699747821,39.126483274],[-16.699747815,39.126483274],[-16.69974781,39.126483274],[-16.699643832,39.126483344],[-16.699643836,39.126487559],[-16.699643836,39.126487563],[-16.699643835,39.126487568],[-16.699643834,39.126487572],[-16.699643833,39.126487578],[-16.699643832,39.126487582],[-16.69964383,39.126487587],[-16.699643829,39.126487591],[-16.699643826,39.126487595],[-16.699643823,39.126487599],[-16.699643821,39.126487604],[-16.699643818,39.126487608],[-16.699643814,39.126487611],[-16.69964381,39.126487615],[-16.699643806,39.126487618],[-16.699643802,39.126487622],[-16.699643797,39.126487626],[-16.699643793,39.126487629],[-16.699643788,39.126487631],[-16.699643784,39.126487634],[-16.699643778,39.126487637],[-16.699643773,39.126487639],[-16.699643768,39.126487641],[-16.699643762,39.126487643],[-16.699643756,39.126487644],[-16.69964375,39.126487645],[-16.699643745,39.126487646],[-16.699643739,39.126487647],[-16.699643732,39.126487648],[-16.699643726,39.126487648],[-16.69964372,39.126487649],[-16.699539742,39.126487719],[-16.699539747,39.126491932],[-16.699539747,39.126491937],[-16.699539746,39.126491942],[-16.699539745,39.126491946],[-16.699539744,39.126491951],[-16.699539743,39.126491956],[-16.699539741,39.12649196],[-16.69953974,39.126491965],[-16.699539736,39.126491969],[-16.699539734,39.126491974],[-16.699539732,39.126491977],[-16.699539729,39.126491982],[-16.699539725,39.126491986],[-16.699539721,39.126491989],[-16.699539717,39.126491993],[-16.699539713,39.126491997],[-16.699539708,39.126491999],[-16.699539704,39.126492002],[-16.699539699,39.126492006],[-16.699539694,39.126492008],[-16.699539689,39.12649201],[-16.699539684,39.126492012],[-16.699539678,39.126492015],[-16.699539673,39.126492017],[-16.699539667,39.126492018],[-16.699539661,39.12649202],[-16.699539655,39.126492021],[-16.69953965,39.126492022],[-16.699539644,39.126492022],[-16.699539637,39.126492023],[-16.699539631,39.126492023],[-16.699435653,39.126492092],[-16.699435658,39.126496306],[-16.699435658,39.126496311],[-16.699435657,39.126496315],[-16.699435656,39.126496321],[-16.699435655,39.126496325],[-16.699435654,39.12649633],[-16.699435652,39.126496334],[-16.699435651,39.126496339],[-16.699435647,39.126496342],[-16.699435645,39.126496347],[-16.699435643,39.126496352],[-16.699435639,39.126496355],[-16.699435636,39.126496359],[-16.699435631,39.126496363],[-16.699435628,39.126496366],[-16.699435624,39.12649637],[-16.699435619,39.126496374],[-16.699435614,39.126496376],[-16.69943561,39.126496379],[-16.699435605,39.126496382],[-16.6994356,39.126496385],[-16.699435595,39.126496386],[-16.699435589,39.126496388],[-16.699435584,39.12649639],[-16.699435578,39.126496392],[-16.699435572,39.126496393],[-16.699435566,39.126496394],[-16.69943556,39.126496395],[-16.699435555,39.126496396],[-16.699435548,39.126496396],[-16.699435542,39.126496396],[-16.699331564,39.126496466],[-16.699331569,39.12650068],[-16.699331569,39.126500685],[-16.699331568,39.126500689],[-16.699331567,39.126500694],[-16.699331566,39.126500699],[-16.699331565,39.126500703],[-16.699331562,39.126500708],[-16.699331561,39.126500712],[-16.699331558,39.126500717],[-16.699331556,39.126500721],[-16.699331554,39.126500725],[-16.69933155,39.126500729],[-16.699331547,39.126500733],[-16.699331542,39.126500737],[-16.699331539,39.12650074],[-16.699331534,39.126500744],[-16.69933153,39.126500747],[-16.699331525,39.12650075],[-16.699331521,39.126500753],[-16.699331516,39.126500756],[-16.69933151,39.126500758],[-16.699331506,39.126500761],[-16.6993315,39.126500763],[-16.699331494,39.126500764],[-16.699331489,39.126500765],[-16.699331483,39.126500767],[-16.699331477,39.126500768],[-16.699331471,39.126500769],[-16.699331465,39.126500769],[-16.699331459,39.12650077],[-16.699331453,39.12650077],[-16.699227475,39.126500839],[-16.699227479,39.126505054],[-16.699227479,39.126505058],[-16.699227478,39.126505064],[-16.699227477,39.126505068],[-16.699227476,39.126505073],[-16.699227475,39.126505077],[-16.699227473,39.126505082],[-16.699227472,39.126505086],[-16.69922747,39.126505091],[-16.699227466,39.126505094],[-16.699227464,39.126505099],[-16.699227461,39.126505103],[-16.699227458,39.126505107],[-16.699227453,39.126505111],[-16.69922745,39.126505114],[-16.699227445,39.126505117],[-16.699227441,39.126505121],[-16.699227436,39.126505124],[-16.699227431,39.126505126],[-16.699227427,39.126505129],[-16.699227421,39.126505132],[-16.699227417,39.126505134],[-16.699227411,39.126505136],[-16.699227405,39.126505138],[-16.699227399,39.126505139],[-16.699227394,39.12650514],[-16.699227388,39.126505141],[-16.699227382,39.126505142],[-16.699227376,39.126505143],[-16.699227369,39.126505144],[-16.699227364,39.126505144],[-16.699123385,39.126505213],[-16.69912339,39.126509428],[-16.69912339,39.126509432],[-16.699123389,39.126509437],[-16.699123388,39.126509441],[-16.699123387,39.126509446],[-16.699123386,39.12650945],[-16.699123384,39.126509455],[-16.699123383,39.126509459],[-16.699123381,39.126509464],[-16.699123377,39.126509468],[-16.699123375,39.126509472],[-16.699123372,39.126509477],[-16.699123368,39.12650948],[-16.699123365,39.126509484],[-16.69912336,39.126509487],[-16.699123356,39.126509491],[-16.699123352,39.126509494],[-16.699123347,39.126509498],[-16.699123342,39.1265095],[-16.699123338,39.126509503],[-16.699123332,39.126509505],[-16.699123327,39.126509508],[-16.699123322,39.12650951],[-16.699123316,39.126509512],[-16.69912331,39.126509513],[-16.699123304,39.126509514],[-16.699123299,39.126509515],[-16.699123293,39.126509516],[-16.699123287,39.126509516],[-16.69912328,39.126509518],[-16.699123274,39.126509518],[-16.699019296,39.126509586],[-16.699019301,39.126513801],[-16.699019301,39.126513805],[-16.6990193,39.126513811],[-16.699019299,39.126513815],[-16.699019298,39.12651382],[-16.699019297,39.126513824],[-16.699019295,39.126513829],[-16.699019294,39.126513833],[-16.699019291,39.126513838],[-16.699019288,39.126513841],[-16.699019286,39.126513846],[-16.699019282,39.12651385],[-16.699019279,39.126513854],[-16.699019276,39.126513858],[-16.699019271,39.126513861],[-16.699019267,39.126513864],[-16.699019263,39.126513868],[-16.699019257,39.126513871],[-16.699019253,39.126513873],[-16.699019248,39.126513876],[-16.699019243,39.126513879],[-16.699019238,39.126513881],[-16.699019232,39.126513884],[-16.699019227,39.126513885],[-16.699019221,39.126513886],[-16.699019215,39.126513887],[-16.699019209,39.126513889],[-16.699019203,39.126513889],[-16.699019198,39.12651389],[-16.699019191,39.12651389],[-16.699019185,39.126513891],[-16.698915207,39.12651396],[-16.698915212,39.126518174],[-16.698915212,39.126518179],[-16.698915211,39.126518183],[-16.69891521,39.126518188],[-16.698915209,39.126518193],[-16.698915207,39.126518198],[-16.698915206,39.126518202],[-16.698915204,39.126518207],[-16.698915202,39.126518211],[-16.698915199,39.126518215],[-16.698915196,39.12651822],[-16.698915193,39.126518223],[-16.69891519,39.126518227],[-16.698915186,39.126518231],[-16.698915182,39.126518234],[-16.698915177,39.126518238],[-16.698915174,39.126518242],[-16.698915169,39.126518244],[-16.698915164,39.126518247],[-16.698915159,39.12651825],[-16.698915153,39.126518252],[-16.698915149,39.126518255],[-16.698915143,39.126518256],[-16.698915137,39.126518258],[-16.698915131,39.12651826],[-16.698915126,39.126518261],[-16.69891512,39.126518262],[-16.698915114,39.126518263],[-16.698915108,39.126518264],[-16.698915102,39.126518264],[-16.698915096,39.126518264],[-16.698811118,39.126518334],[-16.698811122,39.126522547],[-16.698811122,39.126522553],[-16.698811121,39.126522557],[-16.69881112,39.126522562],[-16.698811119,39.126522566],[-16.698811118,39.126522571],[-16.698811117,39.126522575],[-16.698811115,39.12652258],[-16.698811113,39.126522584],[-16.698811109,39.126522589],[-16.698811107,39.126522592],[-16.698811104,39.126522597],[-16.6988111,39.126522601],[-16.698811097,39.126522604],[-16.698811092,39.126522608],[-16.698811088,39.126522612],[-16.698811085,39.126522614],[-16.69881108,39.126522617],[-16.698811074,39.126522621],[-16.69881107,39.126522623],[-16.698811064,39.126522626],[-16.698811059,39.126522627],[-16.698811054,39.12652263],[-16.698811048,39.126522632],[-16.698811042,39.126522633],[-16.698811036,39.126522635],[-16.698811031,39.126522636],[-16.698811025,39.126522637],[-16.698811019,39.126522637],[-16.698811012,39.126522638],[-16.698811006,39.126522638],[-16.698707028,39.126522707],[-16.698707033,39.126526921],[-16.698707033,39.126526925],[-16.698707032,39.12652693],[-16.698707032,39.126526935],[-16.69870703,39.12652694],[-16.698707029,39.126526944],[-16.698707028,39.126526949],[-16.698707026,39.126526953],[-16.698707023,39.126526957],[-16.69870702,39.126526962],[-16.698707018,39.126526966],[-16.698707014,39.12652697],[-16.698707011,39.126526973],[-16.698707008,39.126526977],[-16.698707003,39.126526981],[-16.698706999,39.126526984],[-16.698706995,39.126526988],[-16.698706991,39.126526991],[-16.698706985,39.126526994],[-16.69870698,39.126526996],[-16.698706975,39.126526999],[-16.69870697,39.126527001],[-16.698706964,39.126527003],[-16.698706959,39.126527005],[-16.698706953,39.126527007],[-16.698706947,39.126527008],[-16.698706941,39.126527009],[-16.698706936,39.12652701],[-16.69870693,39.126527011],[-16.698706923,39.126527011],[-16.698706917,39.126527011],[-16.698602939,39.12652708],[-16.698602944,39.126531294],[-16.698602944,39.126531299],[-16.698602943,39.126531303],[-16.698602943,39.126531308],[-16.698602941,39.126531312],[-16.69860294,39.126531317],[-16.698602938,39.126531321],[-16.698602936,39.126531326],[-16.698602934,39.12653133],[-16.698602931,39.126531335],[-16.698602928,39.126531339],[-16.698602925,39.126531343],[-16.698602922,39.126531347],[-16.698602918,39.126531351],[-16.698602914,39.126531354],[-16.69860291,39.126531358],[-16.698602906,39.126531361],[-16.698602901,39.126531364],[-16.698602896,39.126531367],[-16.698602891,39.12653137],[-16.698602886,39.126531372],[-16.698602881,39.126531374],[-16.698602875,39.126531376],[-16.698602869,39.126531378],[-16.698602864,39.126531379],[-16.698602858,39.126531381],[-16.698602852,39.126531382],[-16.698602846,39.126531383],[-16.69860284,39.126531383],[-16.698602835,39.126531384],[-16.698602828,39.126531384],[-16.69849885,39.126531453],[-16.698498854,39.126535667],[-16.698498854,39.126535671],[-16.698498853,39.126535677],[-16.698498853,39.126535681],[-16.698498852,39.126535686],[-16.69849885,39.12653569],[-16.698498849,39.126535695],[-16.698498847,39.126535699],[-16.698498845,39.126535704],[-16.698498841,39.126535708],[-16.698498839,39.126535712],[-16.698498836,39.126535716],[-16.698498832,39.12653572],[-16.698498829,39.126535724],[-16.698498824,39.126535728],[-16.698498821,39.12653573],[-16.698498817,39.126535734],[-16.698498812,39.126535737],[-16.698498806,39.12653574],[-16.698498802,39.126535742],[-16.698498797,39.126535745],[-16.698498791,39.126535747],[-16.698498786,39.126535749],[-16.69849878,39.126535751],[-16.698498774,39.126535753],[-16.698498768,39.126535754],[-16.698498763,39.126535755],[-16.698498757,39.126535756],[-16.698498751,39.126535757],[-16.698498745,39.126535757],[-16.698498738,39.126535757],[-16.69839476,39.126535826],[-16.698394765,39.12654004],[-16.698394765,39.126540045],[-16.698394764,39.126540049],[-16.698394764,39.126540054],[-16.698394763,39.126540058],[-16.698394761,39.126540063],[-16.69839476,39.126540067],[-16.698394758,39.126540072],[-16.698394755,39.126540076],[-16.698394752,39.126540081],[-16.69839475,39.126540085],[-16.698394746,39.126540089],[-16.698394743,39.126540093],[-16.69839474,39.126540096],[-16.698394735,39.1265401],[-16.698394732,39.126540104],[-16.698394727,39.126540106],[-16.698394723,39.12654011],[-16.698394717,39.126540113],[-16.698394712,39.126540116],[-16.698394708,39.126540118],[-16.698394702,39.12654012],[-16.698394696,39.126540122],[-16.698394691,39.126540124],[-16.698394685,39.126540126],[-16.698394679,39.126540127],[-16.698394673,39.126540128],[-16.698394668,39.126540129],[-16.698394662,39.126540129],[-16.698394656,39.12654013],[-16.698394649,39.12654013],[-16.698290671,39.126540198],[-16.698290675,39.126544412],[-16.698290676,39.126544417],[-16.698290675,39.126544422],[-16.698290675,39.126544427],[-16.698290674,39.126544431],[-16.698290671,39.126544436],[-16.69829067,39.12654444],[-16.698290668,39.126544445],[-16.698290666,39.12654445],[-16.698290663,39.126544453],[-16.69829066,39.126544458],[-16.698290657,39.126544461],[-16.698290654,39.126544466],[-16.69829065,39.12654447],[-16.698290646,39.126544473],[-16.698290642,39.126544476],[-16.698290638,39.12654448],[-16.698290633,39.126544482],[-16.698290627,39.126544485],[-16.698290623,39.126544488],[-16.698290618,39.126544491],[-16.698290613,39.126544493],[-16.698290607,39.126544495],[-16.698290601,39.126544496],[-16.698290595,39.126544498],[-16.69829059,39.126544499],[-16.698290584,39.126544501],[-16.698290578,39.126544501],[-16.698290572,39.126544502],[-16.698290567,39.126544502],[-16.69829056,39.126544502],[-16.698186582,39.126544571],[-16.698186586,39.126548786],[-16.698186586,39.12654879],[-16.698186585,39.126548795],[-16.698186585,39.126548799],[-16.698186584,39.126548805],[-16.698186582,39.126548809],[-16.698186581,39.126548814],[-16.698186579,39.126548817],[-16.698186577,39.126548822],[-16.698186573,39.126548826],[-16.698186571,39.126548831],[-16.698186568,39.126548835],[-16.698186564,39.126548838],[-16.698186561,39.126548842],[-16.698186556,39.126548846],[-16.698186553,39.126548849],[-16.698186548,39.126548852],[-16.698186544,39.126548856],[-16.698186538,39.126548858],[-16.698186534,39.126548861],[-16.698186529,39.126548863],[-16.698186523,39.126548866],[-16.698186517,39.126548868],[-16.698186512,39.12654887],[-16.698186506,39.126548871],[-16.6981865,39.126548872],[-16.698186494,39.126548873],[-16.698186489,39.126548874],[-16.698186483,39.126548875],[-16.698186477,39.126548876],[-16.69818647,39.126548876],[-16.698082492,39.126548944],[-16.698082497,39.126553158],[-16.698082497,39.126553163],[-16.698082496,39.126553168],[-16.698082496,39.126553172],[-16.698082495,39.126553177],[-16.698082493,39.126553181],[-16.698082492,39.126553186],[-16.698082489,39.12655319],[-16.698082487,39.126553195],[-16.698082484,39.126553199],[-16.698082482,39.126553203],[-16.698082478,39.126553208],[-16.698082475,39.126553211],[-16.698082471,39.126553215],[-16.698082467,39.126553219],[-16.698082463,39.126553222],[-16.698082459,39.126553225],[-16.698082454,39.126553228],[-16.69808245,39.126553231],[-16.698082444,39.126553233],[-16.69808244,39.126553236],[-16.698082434,39.126553238],[-16.698082428,39.126553241],[-16.698082422,39.126553243],[-16.698082417,39.126553244],[-16.698082411,39.126553246],[-16.698082405,39.126553246],[-16.698082399,39.126553247],[-16.698082394,39.126553248],[-16.698082388,39.126553249],[-16.698082381,39.126553249],[-16.697978403,39.126553316],[-16.697978407,39.126557531],[-16.697978407,39.126557535],[-16.697978406,39.12655754],[-16.697978406,39.126557545],[-16.697978405,39.12655755],[-16.697978403,39.126557554],[-16.697978402,39.126557559],[-16.6979784,39.126557563],[-16.697978398,39.126557567],[-16.697978394,39.126557571],[-16.697978392,39.126557576],[-16.697978389,39.12655758],[-16.697978385,39.126557583],[-16.697978382,39.126557587],[-16.697978377,39.126557591],[-16.697978374,39.126557594],[-16.697978369,39.126557598],[-16.697978365,39.126557601],[-16.69797836,39.126557603],[-16.697978355,39.126557606],[-16.69797835,39.126557609],[-16.697978344,39.126557611],[-16.697978339,39.126557613],[-16.697978333,39.126557615],[-16.697978327,39.126557617],[-16.697978321,39.126557618],[-16.697978316,39.126557619],[-16.69797831,39.12655762],[-16.697978304,39.126557621],[-16.697978298,39.126557621],[-16.697978291,39.126557621],[-16.697874313,39.126557689],[-16.697874318,39.126561903],[-16.697874318,39.126561908],[-16.697874317,39.126561913],[-16.697874317,39.126561917],[-16.697874316,39.126561922],[-16.697874314,39.126561926],[-16.697874313,39.126561931],[-16.69787431,39.126561935],[-16.697874308,39.12656194],[-16.697874306,39.126561944],[-16.697874303,39.126561948],[-16.697874299,39.126561953],[-16.697874296,39.126561956],[-16.697874293,39.12656196],[-16.697874288,39.126561963],[-16.697874285,39.126561967],[-16.69787428,39.12656197],[-16.697874275,39.126561974],[-16.697874271,39.126561976],[-16.697874265,39.126561979],[-16.697874261,39.126561981],[-16.697874255,39.126561984],[-16.697874249,39.126561986],[-16.697874243,39.126561988],[-16.697874238,39.126561989],[-16.697874232,39.12656199],[-16.697874226,39.126561991],[-16.69787422,39.126561992],[-16.697874215,39.126561992],[-16.697874209,39.126561993],[-16.697874202,39.126561994],[-16.697770224,39.126562061],[-16.697770228,39.126566275],[-16.697770228,39.12656628],[-16.697770229,39.126566285],[-16.697770227,39.12656629],[-16.697770226,39.126566294],[-16.697770224,39.126566299],[-16.697770223,39.126566303],[-16.697770221,39.126566308],[-16.697770219,39.126566313],[-16.697770217,39.126566316],[-16.697770213,39.126566321],[-16.69777021,39.126566324],[-16.697770206,39.126566328],[-16.697770203,39.126566333],[-16.697770199,39.126566336],[-16.697770195,39.126566339],[-16.697770191,39.126566343],[-16.697770186,39.126566345],[-16.697770181,39.126566348],[-16.697770176,39.126566351],[-16.697770171,39.126566354],[-16.697770165,39.126566356],[-16.69777016,39.126566358],[-16.697770154,39.126566359],[-16.697770148,39.126566361],[-16.697770142,39.126566362],[-16.697770137,39.126566363],[-16.697770131,39.126566364],[-16.697770125,39.126566365],[-16.697770119,39.126566365],[-16.697770112,39.126566365],[-16.697666134,39.126566434],[-16.697666139,39.126570648],[-16.697666139,39.126570653],[-16.697666139,39.126570657],[-16.697666138,39.126570662],[-16.697666137,39.126570666],[-16.697666135,39.126570671],[-16.697666134,39.126570675],[-16.697666131,39.12657068],[-16.697666129,39.126570684],[-16.697666127,39.126570689],[-16.697666124,39.126570693],[-16.69766612,39.126570697],[-16.697666117,39.126570701],[-16.697666114,39.126570704],[-16.697666109,39.126570708],[-16.697666106,39.126570712],[-16.697666101,39.126570714],[-16.697666097,39.126570718],[-16.697666092,39.126570721],[-16.697666086,39.126570724],[-16.697666082,39.126570726],[-16.697666076,39.126570728],[-16.69766607,39.12657073],[-16.697666064,39.126570732],[-16.697666059,39.126570733],[-16.697666053,39.126570735],[-16.697666047,39.126570736],[-16.697666041,39.126570737],[-16.697666036,39.126570737],[-16.69766603,39.126570738],[-16.697666024,39.126570738],[-16.697562045,39.126570806],[-16.697562049,39.12657502],[-16.697562049,39.126575024],[-16.69756205,39.12657503],[-16.697562048,39.126575034],[-16.697562047,39.126575039],[-16.697562045,39.126575043],[-16.697562044,39.126575048],[-16.697562042,39.126575052],[-16.69756204,39.126575057],[-16.697562038,39.126575061],[-16.697562034,39.126575065],[-16.697562031,39.126575069],[-16.697562027,39.126575073],[-16.697562024,39.126575077],[-16.69756202,39.126575081],[-16.697562016,39.126575083],[-16.697562012,39.126575087],[-16.697562007,39.12657509],[-16.697562002,39.126575093],[-16.697561997,39.126575095],[-16.697561992,39.126575098],[-16.697561986,39.1265751],[-16.697561981,39.126575102],[-16.697561975,39.126575104],[-16.69756197,39.126575106],[-16.697561963,39.126575107],[-16.697561958,39.126575109],[-16.697561952,39.126575109],[-16.697561946,39.12657511],[-16.69756194,39.12657511],[-16.697561935,39.12657511],[-16.697457955,39.126575178],[-16.69745796,39.126579392],[-16.69745796,39.126579397],[-16.69745796,39.126579401],[-16.697457959,39.126579406],[-16.697457958,39.126579411],[-16.697457956,39.126579416],[-16.697457955,39.12657942],[-16.697457952,39.126579424],[-16.69745795,39.126579428],[-16.697457948,39.126579433],[-16.697457945,39.126579438],[-16.697457941,39.126579441],[-16.697457938,39.126579445],[-16.697457935,39.126579449],[-16.69745793,39.126579452],[-16.697457927,39.126579456],[-16.697457922,39.126579459],[-16.697457918,39.126579462],[-16.697457913,39.126579465],[-16.697457907,39.126579468],[-16.697457903,39.12657947],[-16.697457897,39.126579473],[-16.697457891,39.126579474],[-16.697457887,39.126579476],[-16.697457881,39.126579478],[-16.697457875,39.126579479],[-16.697457868,39.12657948],[-16.697457862,39.126579481],[-16.697457857,39.126579482],[-16.697457851,39.126579482],[-16.697457845,39.126579482],[-16.697353866,39.12657955],[-16.69735387,39.126583764],[-16.69735387,39.126583769],[-16.69735387,39.126583774],[-16.697353869,39.126583778],[-16.697353868,39.126583783],[-16.697353866,39.126583787],[-16.697353865,39.126583792],[-16.697353863,39.126583796],[-16.697353861,39.126583801],[-16.697353859,39.126583805],[-16.697353855,39.126583809],[-16.697353852,39.126583814],[-16.697353848,39.126583817],[-16.697353845,39.126583821],[-16.69735384,39.126583825],[-16.697353837,39.126583828],[-16.697353833,39.126583831],[-16.697353828,39.126583834],[-16.697353823,39.126583837],[-16.697353818,39.126583839],[-16.697353813,39.126583842],[-16.697353807,39.126583844],[-16.697353802,39.126583847],[-16.697353797,39.126583849],[-16.697353791,39.12658385],[-16.697353786,39.126583852],[-16.697353779,39.126583853],[-16.697353773,39.126583854],[-16.697353767,39.126583854],[-16.697353761,39.126583854],[-16.697353756,39.126583855],[-16.697249776,39.126583922],[-16.697249781,39.126588136],[-16.697249781,39.126588141],[-16.697249781,39.126588145],[-16.69724978,39.126588151],[-16.697249779,39.126588155],[-16.697249778,39.12658816],[-16.697249776,39.126588164],[-16.697249773,39.126588169],[-16.697249771,39.126588172],[-16.697249769,39.126588177],[-16.697249766,39.126588181],[-16.697249762,39.126588185],[-16.697249759,39.126588189],[-16.697249755,39.126588192],[-16.697249752,39.126588196],[-16.697249748,39.1265882],[-16.697249743,39.126588203],[-16.697249738,39.126588206],[-16.697249734,39.126588209],[-16.697249728,39.126588212],[-16.697249724,39.126588214],[-16.697249718,39.126588216],[-16.697249712,39.126588218],[-16.697249708,39.12658822],[-16.697249702,39.126588222],[-16.697249696,39.126588223],[-16.697249689,39.126588224],[-16.697249683,39.126588225],[-16.697249678,39.126588226],[-16.697249672,39.126588226],[-16.697249666,39.126588226],[-16.697145687,39.126588294],[-16.697145691,39.126592507],[-16.697145691,39.126592513],[-16.697145691,39.126592517],[-16.69714569,39.126592522],[-16.697145689,39.126592526],[-16.697145688,39.126592531],[-16.697145686,39.126592535],[-16.697145684,39.12659254],[-16.697145682,39.126592545],[-16.697145679,39.126592549],[-16.697145676,39.126592553],[-16.697145673,39.126592557],[-16.697145669,39.126592561],[-16.697145666,39.126592565],[-16.697145663,39.126592568],[-16.697145658,39.126592572],[-16.697145653,39.126592575],[-16.697145649,39.126592578],[-16.697145644,39.126592581],[-16.697145639,39.126592584],[-16.697145634,39.126592586],[-16.697145628,39.126592589],[-16.697145623,39.12659259],[-16.697145618,39.126592592],[-16.697145612,39.126592593],[-16.697145606,39.126592595],[-16.6971456,39.126592596],[-16.697145594,39.126592597],[-16.697145588,39.126592597],[-16.697145582,39.126592598],[-16.697145576,39.126592598],[-16.697041597,39.126592665],[-16.697041602,39.12659688],[-16.697041602,39.126596884],[-16.697041602,39.126596889],[-16.697041601,39.126596894],[-16.6970416,39.126596899],[-16.697041599,39.126596903],[-16.697041596,39.126596908],[-16.697041594,39.126596912],[-16.697041592,39.126596917],[-16.69704159,39.12659692],[-16.697041586,39.126596925],[-16.697041583,39.126596928],[-16.69704158,39.126596932],[-16.697041576,39.126596937],[-16.697041573,39.126596939],[-16.697041568,39.126596943],[-16.697041564,39.126596947],[-16.697041559,39.12659695],[-16.697041555,39.126596952],[-16.697041549,39.126596955],[-16.697041544,39.126596958],[-16.697041539,39.12659696],[-16.697041533,39.126596962],[-16.697041528,39.126596964],[-16.697041523,39.126596965],[-16.697041517,39.126596966],[-16.69704151,39.126596967],[-16.697041504,39.126596968],[-16.697041498,39.126596969],[-16.697041493,39.126596969],[-16.697041487,39.12659697],[-16.696937507,39.126597037],[-16.696937512,39.126601252],[-16.696937512,39.126601256],[-16.696937512,39.126601261],[-16.696937511,39.126601265],[-16.69693751,39.12660127],[-16.696937509,39.126601274],[-16.696937507,39.126601279],[-16.696937505,39.126601283],[-16.696937502,39.126601288],[-16.6969375,39.126601292],[-16.696937497,39.126601296],[-16.696937493,39.126601301],[-16.69693749,39.126601304],[-16.696937487,39.126601308],[-16.696937483,39.126601311],[-16.696937479,39.126601315],[-16.696937474,39.126601318],[-16.69693747,39.126601322],[-16.696937465,39.126601324],[-16.696937459,39.126601327],[-16.696937455,39.126601329],[-16.696937449,39.126601332],[-16.696937445,39.126601334],[-16.696937439,39.126601336],[-16.696937433,39.126601337],[-16.696937427,39.126601338],[-16.696937422,39.126601339],[-16.696937415,39.12660134],[-16.696937409,39.12660134],[-16.696937403,39.126601341],[-16.696937397,39.126601342],[-16.696833418,39.126601408],[-16.696833422,39.126605623],[-16.696833422,39.126605627],[-16.696833423,39.126605633],[-16.696833422,39.126605637],[-16.69683342,39.126605642],[-16.696833419,39.126605646],[-16.696833417,39.126605651],[-16.696833415,39.126605655],[-16.696833413,39.12660566],[-16.696833411,39.126605663],[-16.696833407,39.126605668],[-16.696833404,39.126605672],[-16.6968334,39.126605676],[-16.696833397,39.12660568],[-16.696833394,39.126605683],[-16.696833389,39.126605686],[-16.696833385,39.12660569],[-16.69683338,39.126605693],[-16.696833375,39.126605695],[-16.69683337,39.126605698],[-16.696833365,39.126605701],[-16.696833359,39.126605703],[-16.696833355,39.126605705],[-16.696833349,39.126605707],[-16.696833343,39.126605708],[-16.696833338,39.126605709],[-16.696833332,39.126605711],[-16.696833325,39.126605711],[-16.696833319,39.126605712],[-16.696833313,39.126605713],[-16.696833308,39.126605713],[-16.696729329,39.12660578],[-16.696729334,39.126609994],[-16.696729333,39.126609999],[-16.696729333,39.126610003],[-16.696729332,39.126610008],[-16.696729331,39.126610013],[-16.69672933,39.126610018],[-16.696729328,39.126610022],[-16.696729325,39.126610026],[-16.696729323,39.126610031],[-16.696729321,39.126610035],[-16.696729318,39.12661004],[-16.696729314,39.126610043],[-16.696729311,39.126610047],[-16.696729307,39.126610051],[-16.696729304,39.126610054],[-16.6967293,39.126610058],[-16.696729295,39.126610061],[-16.69672929,39.126610064],[-16.696729286,39.126610067],[-16.69672928,39.12661007],[-16.696729276,39.126610072],[-16.69672927,39.126610075],[-16.696729265,39.126610077],[-16.69672926,39.126610078],[-16.696729254,39.12661008],[-16.696729248,39.126610081],[-16.696729242,39.126610082],[-16.696729235,39.126610083],[-16.69672923,39.126610084],[-16.696729224,39.126610084],[-16.696729218,39.126610084],[-16.69662524,39.126610152],[-16.696625244,39.126614365],[-16.696625243,39.126614371],[-16.696625243,39.126614375],[-16.696625242,39.12661438],[-16.696625241,39.126614384],[-16.69662524,39.126614389],[-16.696625238,39.126614393],[-16.696625236,39.126614398],[-16.696625234,39.126614402],[-16.696625231,39.126614407],[-16.696625228,39.126614411],[-16.696625225,39.126614414],[-16.696625221,39.126614419],[-16.696625218,39.126614422],[-16.696625214,39.126614426],[-16.69662521,39.12661443],[-16.696625205,39.126614433],[-16.696625201,39.126614435],[-16.696625196,39.126614438],[-16.696625192,39.126614441],[-16.696625186,39.126614444],[-16.69662518,39.126614446],[-16.696625176,39.126614448],[-16.69662517,39.12661445],[-16.696625164,39.126614451],[-16.696625158,39.126614453],[-16.696625153,39.126614454],[-16.696625146,39.126614455],[-16.69662514,39.126614455],[-16.696625134,39.126614455],[-16.696625128,39.126614456],[-16.69652115,39.126614523],[-16.696521155,39.126618737],[-16.696521154,39.126618741],[-16.696521154,39.126618746],[-16.696521153,39.126618751],[-16.696521152,39.126618756],[-16.69652115,39.12661876],[-16.696521148,39.126618765],[-16.696521146,39.12661877],[-16.696521144,39.126618773],[-16.696521142,39.126618778],[-16.696521138,39.126618782],[-16.696521135,39.126618786],[-16.696521132,39.12661879],[-16.696521128,39.126618793],[-16.696521125,39.126618797],[-16.69652112,39.126618801],[-16.696521116,39.126618804],[-16.696521111,39.126618807],[-16.696521107,39.12661881],[-16.696521102,39.126618813],[-16.696521096,39.126618815],[-16.696521091,39.126618817],[-16.696521086,39.126618819],[-16.69652108,39.126618821],[-16.696521074,39.126618823],[-16.696521069,39.126618824],[-16.696521063,39.126618825],[-16.696521056,39.126618826],[-16.69652105,39.126618827],[-16.696521045,39.126618827],[-16.696521039,39.126618827],[-16.69641706,39.126618894],[-16.696417065,39.126623108],[-16.696417064,39.126623113],[-16.696417064,39.126623118],[-16.696417063,39.126623122],[-16.696417062,39.126623127],[-16.696417061,39.126623131],[-16.696417059,39.126623136],[-16.696417056,39.12662314],[-16.696417054,39.126623145],[-16.696417052,39.126623149],[-16.696417049,39.126623153],[-16.696417045,39.126623157],[-16.696417042,39.126623161],[-16.696417038,39.126623165],[-16.696417035,39.126623168],[-16.696417031,39.126623172],[-16.696417026,39.126623175],[-16.696417021,39.126623179],[-16.696417017,39.126623181],[-16.696417012,39.126623184],[-16.696417007,39.126623186],[-16.696417001,39.126623189],[-16.696416996,39.126623191],[-16.696416991,39.126623193],[-16.696416985,39.126623193],[-16.696416979,39.126623195],[-16.696416973,39.126623196],[-16.696416966,39.126623197],[-16.696416961,39.126623197],[-16.696416955,39.126623198],[-16.696416949,39.126623199],[-16.696312971,39.126623265],[-16.696312975,39.126627479],[-16.696312974,39.126627484],[-16.696312974,39.126627488],[-16.696312973,39.126627494],[-16.696312972,39.126627498],[-16.696312971,39.126627503],[-16.696312969,39.126627507],[-16.696312967,39.126627512],[-16.696312964,39.126627516],[-16.696312962,39.12662752],[-16.696312959,39.126627524],[-16.696312957,39.126627528],[-16.696312952,39.126627532],[-16.696312949,39.126627536],[-16.696312945,39.126627539],[-16.696312941,39.126627543],[-16.696312936,39.126627546],[-16.696312932,39.126627549],[-16.696312927,39.126627552],[-16.696312923,39.126627555],[-16.696312917,39.126627557],[-16.696312911,39.126627559],[-16.696312907,39.126627561],[-16.696312901,39.126627563],[-16.696312895,39.126627565],[-16.696312889,39.126627566],[-16.696312884,39.126627567],[-16.696312878,39.126627568],[-16.696312871,39.126627569],[-16.696312865,39.126627569],[-16.696312859,39.126627569],[-16.696208765,39.126627636],[-16.696208759,39.126627636],[-16.696208753,39.126627636],[-16.696208747,39.126627635],[-16.69620874,39.126627634],[-16.696208735,39.126627633],[-16.696208729,39.126627631],[-16.696208723,39.126627631],[-16.696208718,39.126627628],[-16.696208712,39.126627626],[-16.696208707,39.126627625],[-16.696208702,39.126627622],[-16.696208697,39.126627619],[-16.696208692,39.126627616],[-16.696208688,39.126627613],[-16.696208683,39.12662761],[-16.696208678,39.126627606],[-16.696208675,39.126627602],[-16.696208671,39.126627599],[-16.696208668,39.126627595],[-16.696208665,39.126627591],[-16.696208662,39.126627587],[-16.696208659,39.126627583],[-16.696208657,39.126627578],[-16.696208654,39.126627574],[-16.696208653,39.126627569],[-16.696208652,39.126627565],[-16.696208651,39.12662756],[-16.696208649,39.126627556],[-16.696208649,39.126627551],[-16.696208649,39.126627546],[-16.69620795,39.125965924],[-16.69620795,39.125965919],[-16.69620795,39.125965915],[-16.69620795,39.125965914],[-16.69620725,39.125304302],[-16.696207249,39.125304298],[-16.696207249,39.125304297],[-16.696206551,39.124642679],[-16.69620655,39.124642675],[-16.69620655,39.12464267],[-16.696206551,39.12464267],[-16.696205851,39.123981058],[-16.696205152,39.123319435],[-16.696205152,39.123319431],[-16.696205152,39.12331943],[-16.696204454,39.122657812],[-16.696204454,39.122657808],[-16.696204454,39.122657803],[-16.696204454,39.122657802],[-16.696203755,39.12199619],[-16.696203755,39.121996185],[-16.696203755,39.121996184],[-16.696203057,39.121334567],[-16.696203057,39.121334563],[-16.696203057,39.121334558],[-16.696203057,39.121334557],[-16.696202359,39.120672944],[-16.696201661,39.120011322],[-16.696201661,39.120011318],[-16.696201662,39.120011312],[-16.696201662,39.120011308],[-16.696201663,39.120011303],[-16.696201666,39.120011299],[-16.696201667,39.120011294],[-16.696201669,39.12001129],[-16.696201671,39.120011285],[-16.696201674,39.120011281],[-16.696201677,39.120011277],[-16.69620168,39.120011273],[-16.696201683,39.120011269],[-16.696201687,39.120011265],[-16.696201691,39.120011261],[-16.696201695,39.120011259],[-16.696201699,39.120011255],[-16.696201704,39.120011252],[-16.696201709,39.120011249],[-16.696201714,39.120011247],[-16.696201719,39.120011244],[-16.696201724,39.120011242],[-16.69620173,39.120011239],[-16.696201736,39.120011238],[-16.696201742,39.120011236],[-16.696201747,39.120011234],[-16.696201753,39.120011233],[-16.696201759,39.120011232],[-16.696201765,39.120011232],[-16.69620177,39.120011232],[-16.696201777,39.120011232],[-16.696305745,39.120011165],[-16.696305742,39.12000818],[-16.696305743,39.120008176],[-16.696305743,39.120008171],[-16.696305744,39.120008167],[-16.696305745,39.120008161],[-16.696305746,39.120008157],[-16.696305748,39.120008152],[-16.696305751,39.120008147],[-16.696305753,39.120008144],[-16.696305755,39.120008139],[-16.696305758,39.120008135],[-16.696305762,39.120008131],[-16.696305765,39.120008127],[-16.696305768,39.120008124],[-16.696305772,39.12000812],[-16.696305776,39.120008116],[-16.696305781,39.120008113],[-16.696305785,39.12000811],[-16.69630579,39.120008107],[-16.696305796,39.120008104],[-16.6963058,39.120008102],[-16.696305806,39.1200081],[-16.696305811,39.120008098],[-16.696305816,39.120008096],[-16.696305822,39.120008094],[-16.696305828,39.120008093],[-16.696305834,39.120008092],[-16.696305841,39.120008091],[-16.696305846,39.12000809],[-16.696305852,39.12000809],[-16.696305858,39.12000809],[-16.696409827,39.120008023],[-16.696409824,39.120005039],[-16.696409824,39.120005033],[-16.696409825,39.120005029],[-16.696409826,39.120005024],[-16.696409827,39.12000502],[-16.696409828,39.120005015],[-16.69640983,39.120005011],[-16.696409831,39.120005006],[-16.696409833,39.120005002],[-16.696409837,39.120004997],[-16.696409839,39.120004993],[-16.696409842,39.120004989],[-16.696409846,39.120004985],[-16.696409849,39.120004982],[-16.696409854,39.120004978],[-16.696409858,39.120004974],[-16.696409861,39.120004971],[-16.696409867,39.120004969],[-16.696409872,39.120004965],[-16.696409876,39.120004963],[-16.696409882,39.12000496],[-16.696409887,39.120004958],[-16.696409892,39.120004956],[-16.696409898,39.120004954],[-16.696409904,39.120004953],[-16.69640991,39.120004951],[-16.696409915,39.12000495],[-16.696409921,39.120004949],[-16.696409927,39.120004949],[-16.696409934,39.120004948],[-16.69640994,39.120004948],[-16.696513909,39.120004882],[-16.696513905,39.120001896],[-16.696513905,39.120001892],[-16.696513905,39.120001887],[-16.696513906,39.120001882],[-16.696513907,39.120001877],[-16.696513909,39.120001873],[-16.696513911,39.120001868],[-16.696513913,39.120001864],[-16.696513915,39.12000186],[-16.696513917,39.120001856],[-16.696513921,39.120001851],[-16.696513924,39.120001847],[-16.696513927,39.120001844],[-16.696513931,39.12000184],[-16.696513935,39.120001836],[-16.696513939,39.120001833],[-16.696513943,39.120001829],[-16.696513948,39.120001826],[-16.696513952,39.120001824],[-16.696513958,39.120001821],[-16.696513963,39.120001818],[-16.696513968,39.120001816],[-16.696513974,39.120001814],[-16.69651398,39.120001812],[-16.696513984,39.12000181],[-16.696513991,39.120001809],[-16.696513997,39.120001808],[-16.696514003,39.120001808],[-16.696514009,39.120001807],[-16.696514014,39.120001806],[-16.69651402,39.120001806],[-16.696617989,39.120001739],[-16.696617986,39.119998755],[-16.696617987,39.119998749],[-16.696617987,39.119998745],[-16.696617988,39.11999874],[-16.696617989,39.119998736],[-16.69661799,39.119998731],[-16.696617992,39.119998727],[-16.696617994,39.119998722],[-16.696617997,39.119998718],[-16.696617999,39.119998713],[-16.696618002,39.119998709],[-16.696618004,39.119998705],[-16.696618008,39.119998701],[-16.696618012,39.119998698],[-16.696618016,39.119998694],[-16.69661802,39.11999869],[-16.696618025,39.119998688],[-16.696618029,39.119998685],[-16.696618034,39.119998681],[-16.696618038,39.119998679],[-16.696618044,39.119998676],[-16.696618049,39.119998674],[-16.696618054,39.119998672],[-16.69661806,39.11999867],[-16.696618066,39.119998669],[-16.696618072,39.119998667],[-16.696618077,39.119998666],[-16.696618083,39.119998665],[-16.69661809,39.119998665],[-16.696618096,39.119998664],[-16.696618102,39.119998664],[-16.696722071,39.119998598],[-16.696722068,39.119995612],[-16.696722067,39.119995608],[-16.696722068,39.119995603],[-16.696722068,39.119995598],[-16.696722069,39.119995593],[-16.696722072,39.119995589],[-16.696722073,39.119995584],[-16.696722075,39.11999558],[-16.696722077,39.119995575],[-16.69672208,39.119995572],[-16.696722083,39.119995567],[-16.696722086,39.119995563],[-16.696722089,39.11999556],[-16.696722093,39.119995555],[-16.696722097,39.119995552],[-16.696722101,39.119995549],[-16.696722105,39.119995545],[-16.69672211,39.119995542],[-16.696722116,39.119995539],[-16.69672212,39.119995537],[-16.696722125,39.119995534],[-16.69672213,39.119995532],[-16.696722136,39.11999553],[-16.696722142,39.119995528],[-16.696722148,39.119995526],[-16.696722153,39.119995525],[-16.696722159,39.119995524],[-16.696722165,39.119995523],[-16.696722171,39.119995522],[-16.696722176,39.119995522],[-16.696722183,39.119995522],[-16.696826152,39.119995455],[-16.696826149,39.11999247],[-16.696826149,39.119992465],[-16.696826149,39.119992461],[-16.69682615,39.119992456],[-16.696826151,39.119992452],[-16.696826152,39.119992447],[-16.696826154,39.119992442],[-16.696826157,39.119992438],[-16.696826159,39.119992433],[-16.696826161,39.119992429],[-16.696826164,39.119992425],[-16.696826168,39.119992421],[-16.696826171,39.119992417],[-16.696826174,39.119992413],[-16.696826178,39.11999241],[-16.696826182,39.119992406],[-16.696826187,39.119992403],[-16.696826191,39.1199924],[-16.696826196,39.119992397],[-16.696826202,39.119992394],[-16.696826206,39.119992392],[-16.696826212,39.119992389],[-16.696826217,39.119992388],[-16.696826222,39.119992386],[-16.696826228,39.119992385],[-16.696826234,39.119992383],[-16.69682624,39.119992382],[-16.696826247,39.119992381],[-16.696826252,39.119992381],[-16.696826258,39.11999238],[-16.696826264,39.11999238],[-16.696930233,39.119992313],[-16.69693023,39.119989328],[-16.69693023,39.119989323],[-16.696930231,39.119989318],[-16.696930232,39.119989313],[-16.696930233,39.119989309],[-16.696930234,39.119989304],[-16.696930236,39.1199893],[-16.696930237,39.119989295],[-16.69693024,39.119989291],[-16.696930243,39.119989287],[-16.696930245,39.119989283],[-16.696930248,39.119989279],[-16.696930252,39.119989274],[-16.696930256,39.119989271],[-16.696930259,39.119989267],[-16.696930264,39.119989264],[-16.696930269,39.119989261],[-16.696930273,39.119989258],[-16.696930278,39.119989255],[-16.696930282,39.119989252],[-16.696930288,39.119989249],[-16.696930293,39.119989248],[-16.696930298,39.119989246],[-16.696930304,39.119989244],[-16.69693031,39.119989242],[-16.696930315,39.119989241],[-16.696930321,39.11998924],[-16.696930327,39.119989239],[-16.696930333,39.119989238],[-16.69693034,39.119989238],[-16.696930345,39.119989238],[-16.697034314,39.11998917],[-16.697034311,39.119986185],[-16.697034311,39.11998618],[-16.697034311,39.119986176],[-16.697034312,39.119986171],[-16.697034313,39.119986167],[-16.697034315,39.119986162],[-16.697034316,39.119986158],[-16.697034319,39.119986153],[-16.697034321,39.119986149],[-16.697034323,39.119986144],[-16.697034326,39.119986141],[-16.69703433,39.119986136],[-16.697034333,39.119986132],[-16.697034337,39.119986129],[-16.697034341,39.119986125],[-16.697034344,39.119986121],[-16.697034349,39.119986119],[-16.697034354,39.119986115],[-16.697034358,39.119986112],[-16.697034364,39.119986109],[-16.697034368,39.119986108],[-16.697034374,39.119986105],[-16.69703438,39.119986103],[-16.697034386,39.119986101],[-16.697034391,39.119986099],[-16.697034397,39.119986098],[-16.697034403,39.119986097],[-16.697034409,39.119986096],[-16.697034414,39.119986096],[-16.69703442,39.119986095],[-16.697034427,39.119986095],[-16.697138395,39.119986028],[-16.697138392,39.119983043],[-16.697138393,39.119983038],[-16.697138393,39.119983033],[-16.697138394,39.119983029],[-16.697138395,39.119983024],[-16.697138396,39.119983019],[-16.697138398,39.119983015],[-16.6971384,39.11998301],[-16.697138402,39.119983006],[-16.697138405,39.119983002],[-16.697138408,39.119982998],[-16.69713841,39.119982994],[-16.697138414,39.119982989],[-16.697138418,39.119982986],[-16.697138421,39.119982982],[-16.697138426,39.119982979],[-16.697138431,39.119982976],[-16.697138435,39.119982973],[-16.69713844,39.11998297],[-16.697138444,39.119982967],[-16.69713845,39.119982965],[-16.697138456,39.119982963],[-16.69713846,39.119982961],[-16.697138466,39.119982959],[-16.697138472,39.119982957],[-16.697138478,39.119982956],[-16.697138483,39.119982954],[-16.697138489,39.119982954],[-16.697138496,39.119982953],[-16.697138502,39.119982953],[-16.697138508,39.119982953],[-16.697242476,39.119982885],[-16.697242473,39.1199799],[-16.697242473,39.119979895],[-16.697242474,39.119979891],[-16.697242474,39.119979886],[-16.697242476,39.119979882],[-16.697242477,39.119979876],[-16.697242478,39.119979872],[-16.697242481,39.119979868],[-16.697242483,39.119979864],[-16.697242486,39.119979859],[-16.697242488,39.119979855],[-16.697242492,39.119979851],[-16.697242495,39.119979847],[-16.697242499,39.119979844],[-16.697242503,39.11997984],[-16.697242508,39.119979836],[-16.697242511,39.119979834],[-16.697242516,39.11997983],[-16.697242521,39.119979827],[-16.697242526,39.119979824],[-16.69724253,39.119979823],[-16.697242536,39.11997982],[-16.697242542,39.119979818],[-16.697242548,39.119979816],[-16.697242553,39.119979814],[-16.697242559,39.119979813],[-16.697242565,39.119979812],[-16.697242571,39.119979811],[-16.697242576,39.11997981],[-16.697242582,39.11997981],[-16.697242589,39.11997981],[-16.697346558,39.119979742],[-16.697346555,39.119976758],[-16.697346555,39.119976752],[-16.697346555,39.119976748],[-16.697346556,39.119976743],[-16.697346557,39.119976739],[-16.697346558,39.119976734],[-16.69734656,39.11997673],[-16.697346562,39.119976725],[-16.697346564,39.119976721],[-16.697346567,39.119976717],[-16.69734657,39.119976712],[-16.697346573,39.119976709],[-16.697346577,39.119976704],[-16.69734658,39.119976701],[-16.697346583,39.119976697],[-16.697346588,39.119976694],[-16.697346593,39.119976691],[-16.697346597,39.119976688],[-16.697346602,39.119976685],[-16.697346607,39.119976682],[-16.697346612,39.119976679],[-16.697346618,39.119976678],[-16.697346623,39.119976675],[-16.697346628,39.119976674],[-16.697346634,39.119976672],[-16.69734664,39.11997667],[-16.697346646,39.119976669],[-16.697346652,39.119976668],[-16.697346658,39.119976668],[-16.697346664,39.119976668],[-16.69734667,39.119976668],[-16.697450638,39.1199766],[-16.697450635,39.119973615],[-16.697450635,39.11997361],[-16.697450636,39.119973606],[-16.697450637,39.119973601],[-16.697450638,39.119973596],[-16.697450639,39.119973591],[-16.697450642,39.119973587],[-16.697450643,39.119973582],[-16.697450646,39.119973578],[-16.697450648,39.119973574],[-16.69745065,39.119973569],[-16.697450654,39.119973566],[-16.697450657,39.119973562],[-16.697450662,39.119973558],[-16.697450665,39.119973555],[-16.69745067,39.119973551],[-16.697450674,39.119973547],[-16.697450679,39.119973545],[-16.697450683,39.119973542],[-16.697450688,39.119973539],[-16.697450694,39.119973536],[-16.697450698,39.119973534],[-16.697450704,39.119973532],[-16.69745071,39.119973531],[-16.697450715,39.119973529],[-16.697450721,39.119973528],[-16.697450727,39.119973527],[-16.697450733,39.119973526],[-16.697450738,39.119973525],[-16.697450745,39.119973525],[-16.697450751,39.119973525],[-16.69755472,39.119973457],[-16.697554717,39.119970472],[-16.697554717,39.119970467],[-16.697554718,39.119970462],[-16.697554718,39.119970458],[-16.697554719,39.119970453],[-16.697554721,39.119970449],[-16.697554722,39.119970444],[-16.697554724,39.11997044],[-16.697554726,39.119970435],[-16.697554729,39.119970431],[-16.697554732,39.119970427],[-16.697554735,39.119970422],[-16.697554739,39.119970419],[-16.697554742,39.119970415],[-16.697554747,39.119970411],[-16.69755475,39.119970408],[-16.697554755,39.119970405],[-16.697554759,39.119970402],[-16.697554764,39.119970399],[-16.697554769,39.119970397],[-16.697554774,39.119970394],[-16.69755478,39.119970391],[-16.697554785,39.119970389],[-16.697554791,39.119970387],[-16.697554797,39.119970386],[-16.697554803,39.119970384],[-16.697554808,39.119970383],[-16.697554814,39.119970382],[-16.69755482,39.119970382],[-16.697554826,39.119970381],[-16.697554833,39.119970381],[-16.6976588,39.119970314],[-16.697658797,39.119967329],[-16.697658798,39.119967324],[-16.697658798,39.11996732],[-16.697658799,39.119967314],[-16.6976588,39.11996731],[-16.697658801,39.119967305],[-16.697658803,39.119967301],[-16.697658806,39.119967296],[-16.697658808,39.119967293],[-16.69765881,39.119967288],[-16.697658813,39.119967284],[-16.697658816,39.11996728],[-16.69765882,39.119967276],[-16.697658824,39.119967273],[-16.697658827,39.119967269],[-16.697658832,39.119967265],[-16.697658836,39.119967262],[-16.697658841,39.119967259],[-16.697658845,39.119967256],[-16.69765885,39.119967253],[-16.697658855,39.11996725],[-16.697658861,39.119967249],[-16.697658866,39.119967247],[-16.697658872,39.119967245],[-16.697658877,39.119967243],[-16.697658883,39.119967242],[-16.697658889,39.119967241],[-16.697658896,39.11996724],[-16.697658901,39.119967239],[-16.697658907,39.119967239],[-16.697658913,39.119967239],[-16.697762882,39.119967171],[-16.697762879,39.119964186],[-16.697762879,39.119964181],[-16.69776288,39.119964176],[-16.697762881,39.119964172],[-16.697762882,39.119964167],[-16.697762883,39.119964163],[-16.697762884,39.119964158],[-16.697762886,39.119964154],[-16.697762888,39.119964149],[-16.697762892,39.119964145],[-16.697762894,39.119964141],[-16.697762897,39.119964136],[-16.697762901,39.119964133],[-16.697762904,39.119964129],[-16.697762909,39.119964125],[-16.697762913,39.119964122],[-16.697762916,39.119964119],[-16.697762921,39.119964115],[-16.697762927,39.119964113],[-16.697762931,39.11996411],[-16.697762937,39.119964108],[-16.697762942,39.119964105],[-16.697762947,39.119964103],[-16.697762953,39.119964101],[-16.697762959,39.1199641],[-16.697762965,39.119964098],[-16.69776297,39.119964097],[-16.697762976,39.119964097],[-16.697762982,39.119964096],[-16.697762989,39.119964095],[-16.697762995,39.119964095],[-16.697866963,39.119964028],[-16.69786696,39.119961043],[-16.69786696,39.119961038],[-16.69786696,39.119961034],[-16.697866961,39.119961028],[-16.697866962,39.119961024],[-16.697866963,39.119961019],[-16.697866965,39.119961015],[-16.697866968,39.11996101],[-16.69786697,39.119961006],[-16.697866972,39.119961002],[-16.697866975,39.119960997],[-16.697866979,39.119960994],[-16.697866982,39.11996099],[-16.697866985,39.119960986],[-16.697866989,39.119960983],[-16.697866993,39.119960979],[-16.697866998,39.119960975],[-16.697867003,39.119960973],[-16.697867007,39.11996097],[-16.697867013,39.119960967],[-16.697867017,39.119960964],[-16.697867023,39.119960962],[-16.697867029,39.119960961],[-16.697867033,39.119960959],[-16.697867039,39.119960957],[-16.697867045,39.119960956],[-16.697867052,39.119960955],[-16.697867058,39.119960954],[-16.697867063,39.119960953],[-16.697867069,39.119960953],[-16.697867075,39.119960953],[-16.697971044,39.119960884],[-16.697971041,39.119957899],[-16.69797104,39.119957895],[-16.697971042,39.11995789],[-16.697971043,39.119957885],[-16.697971044,39.119957881],[-16.697971045,39.119957876],[-16.697971047,39.119957872],[-16.697971049,39.119957867],[-16.697971051,39.119957863],[-16.697971053,39.119957858],[-16.697971057,39.119957855],[-16.697971059,39.11995785],[-16.697971062,39.119957846],[-16.697971067,39.119957843],[-16.69797107,39.119957839],[-16.697971075,39.119957835],[-16.697971079,39.119957833],[-16.697971084,39.119957829],[-16.697971089,39.119957826],[-16.697971093,39.119957823],[-16.697971099,39.119957822],[-16.697971103,39.119957819],[-16.697971109,39.119957817],[-16.697971115,39.119957815],[-16.697971121,39.119957814],[-16.697971126,39.119957812],[-16.697971132,39.119957811],[-16.697971138,39.11995781],[-16.697971145,39.11995781],[-16.697971151,39.119957809],[-16.697971156,39.119957809],[-16.698075125,39.119957741],[-16.698075122,39.119954756],[-16.698075122,39.119954752],[-16.698075123,39.119954746],[-16.698075123,39.119954742],[-16.698075124,39.119954737],[-16.698075126,39.119954733],[-16.698075127,39.119954728],[-16.698075129,39.119954724],[-16.698075132,39.119954719],[-16.698075135,39.119954715],[-16.698075137,39.119954711],[-16.698075141,39.119954707],[-16.698075144,39.119954703],[-16.698075147,39.119954699],[-16.698075152,39.119954695],[-16.698075155,39.119954693],[-16.69807516,39.119954689],[-16.698075164,39.119954686],[-16.698075169,39.119954683],[-16.698075175,39.119954681],[-16.698075179,39.119954678],[-16.698075185,39.119954676],[-16.698075191,39.119954674],[-16.698075196,39.119954672],[-16.698075202,39.11995467],[-16.698075208,39.119954669],[-16.698075214,39.119954667],[-16.698075219,39.119954667],[-16.698075225,39.119954666],[-16.698075231,39.119954666],[-16.698075238,39.119954666],[-16.698179206,39.119954598],[-16.698179202,39.119951612],[-16.698179203,39.119951608],[-16.698179203,39.119951603],[-16.698179204,39.119951599],[-16.698179205,39.119951594],[-16.698179206,39.119951589],[-16.698179209,39.119951584],[-16.698179211,39.119951581],[-16.698179213,39.119951576],[-16.698179215,39.119951572],[-16.698179219,39.119951568],[-16.698179222,39.119951563],[-16.698179225,39.11995156],[-16.698179229,39.119951556],[-16.698179232,39.119951552],[-16.698179237,39.119951549],[-16.698179241,39.119951546],[-16.698179246,39.119951542],[-16.69817925,39.11995154],[-16.698179255,39.119951537],[-16.698179261,39.119951535],[-16.698179266,39.119951532],[-16.698179271,39.11995153],[-16.698179277,39.119951528],[-16.698179282,39.119951526],[-16.698179288,39.119951525],[-16.698179294,39.119951525],[-16.698179301,39.119951524],[-16.698179307,39.119951523],[-16.698179312,39.119951522],[-16.698179318,39.119951522],[-16.698283403,39.119951454],[-16.698283409,39.119951454],[-16.698283415,39.119951454],[-16.69828342,39.119951455],[-16.698283427,39.119951456],[-16.698283433,39.119951457],[-16.698283439,39.119951458],[-16.698283445,39.11995146],[-16.698283449,39.119951462],[-16.698283455,39.119951464],[-16.698283461,39.119951466],[-16.698283466,39.119951469],[-16.69828347,39.119951472],[-16.698283475,39.119951474],[-16.69828348,39.119951477],[-16.698283485,39.11995148],[-16.698283489,39.119951484],[-16.698283493,39.119951487],[-16.698283496,39.119951491],[-16.6982835,39.119951495],[-16.698283504,39.119951499],[-16.698283506,39.119951503],[-16.698283508,39.119951507],[-16.698283511,39.119951511],[-16.698283513,39.119951516],[-16.698283514,39.11995152],[-16.698283516,39.119951525],[-16.698283517,39.11995153],[-16.698283518,39.119951535],[-16.698283518,39.119951539],[-16.698283518,39.119951544],[-16.698283519,39.119951622],[-16.698387487,39.119951553],[-16.698387493,39.119951553],[-16.6983875,39.119951554],[-16.698387506,39.119951555],[-16.698387511,39.119951556],[-16.698387517,39.119951556],[-16.698387523,39.119951558],[-16.698387529,39.119951559],[-16.698387535,39.119951562],[-16.698387539,39.119951563],[-16.698387545,39.119951565],[-16.69838755,39.119951568],[-16.698387556,39.11995157],[-16.69838756,39.119951574],[-16.698387565,39.119951576],[-16.698387569,39.11995158],[-16.698387573,39.119951584],[-16.698387577,39.119951587],[-16.698387581,39.119951591],[-16.698387584,39.119951594],[-16.698387588,39.119951599],[-16.69838759,39.119951602],[-16.698387592,39.119951607],[-16.698387595,39.119951611],[-16.698387597,39.119951616],[-16.698387599,39.11995162],[-16.698387601,39.119951625],[-16.698387601,39.119951629],[-16.698387602,39.119951634],[-16.698387603,39.119951639],[-16.698387603,39.119951643],[-16.69838761,39.119958767],[-16.69849158,39.119958698],[-16.698491585,39.119958698],[-16.698491591,39.119958699],[-16.698491597,39.119958699],[-16.698491604,39.1199587],[-16.69849161,39.119958701],[-16.698491616,39.119958703],[-16.698491621,39.119958704],[-16.698491626,39.119958706],[-16.698491632,39.119958708],[-16.698491638,39.119958711],[-16.698491642,39.119958712],[-16.698491647,39.119958715],[-16.698491652,39.119958718],[-16.698491657,39.119958721],[-16.698491661,39.119958725],[-16.698491666,39.119958728],[-16.69849167,39.119958732],[-16.698491673,39.119958735],[-16.698491677,39.119958739],[-16.69849168,39.119958743],[-16.698491683,39.119958747],[-16.698491685,39.119958751],[-16.698491687,39.119958756],[-16.69849169,39.11995876],[-16.698491691,39.119958765],[-16.698491692,39.119958769],[-16.698491694,39.119958774],[-16.698491695,39.119958779],[-16.698491695,39.119958784],[-16.698491695,39.119958788],[-16.698491703,39.119965911],[-16.698595671,39.119965842],[-16.698595678,39.119965843],[-16.698595684,39.119965843],[-16.69859569,39.119965844],[-16.698595695,39.119965845],[-16.698595701,39.119965846],[-16.698595707,39.119965847],[-16.698595713,39.119965849],[-16.698595719,39.119965851],[-16.698595725,39.119965852],[-16.698595729,39.119965855],[-16.698595735,39.119965857],[-16.69859574,39.119965859],[-16.698595745,39.119965863],[-16.698595749,39.119965866],[-16.698595754,39.119965869],[-16.698595757,39.119965873],[-16.698595761,39.119965876],[-16.698595766,39.11996588],[-16.698595768,39.119965883],[-16.698595772,39.119965888],[-16.698595775,39.119965891],[-16.698595778,39.119965896],[-16.69859578,39.1199659],[-16.698595781,39.119965905],[-16.698595784,39.119965909],[-16.698595785,39.119965914],[-16.698595786,39.119965918],[-16.698595786,39.119965924],[-16.698595788,39.119965928],[-16.698595788,39.119965933],[-16.698595796,39.119973056],[-16.698699764,39.119972987],[-16.69869977,39.119972988],[-16.698699776,39.119972988],[-16.698699782,39.119972988],[-16.698699788,39.119972989],[-16.698699794,39.11997299],[-16.6986998,39.119972992],[-16.698699806,39.119972993],[-16.698699811,39.119972995],[-16.698699816,39.119972997],[-16.698699822,39.119973],[-16.698699827,39.119973001],[-16.698699832,39.119973004],[-16.698699837,39.119973007],[-16.698699842,39.11997301],[-16.698699845,39.119973014],[-16.69869985,39.119973017],[-16.698699854,39.119973021],[-16.698699857,39.119973024],[-16.698699861,39.119973028],[-16.698699864,39.119973032],[-16.698699867,39.119973037],[-16.698699869,39.11997304],[-16.698699872,39.119973045],[-16.698699874,39.119973049],[-16.698699875,39.119973054],[-16.698699877,39.119973058],[-16.698699878,39.119973063],[-16.698699879,39.119973068],[-16.698699879,39.119973073],[-16.698699879,39.119973077],[-16.69869988,39.119973949],[-16.698803734,39.11997388],[-16.698803733,39.119973319],[-16.698803733,39.119973315],[-16.698803734,39.119973309],[-16.698803734,39.119973305],[-16.698803735,39.1199733],[-16.698803737,39.119973296],[-16.698803738,39.119973291],[-16.698803741,39.119973287],[-16.698803743,39.119973282],[-16.698803746,39.119973279],[-16.698803748,39.119973274],[-16.698803752,39.11997327],[-16.698803755,39.119973266],[-16.698803758,39.119973262],[-16.698803763,39.119973259],[-16.698803766,39.119973256],[-16.698803771,39.119973252],[-16.698803776,39.119973249],[-16.69880378,39.119973247],[-16.698803786,39.119973244],[-16.69880379,39.119973241],[-16.698803796,39.119973239],[-16.698803802,39.119973237],[-16.698803808,39.119973235],[-16.698803813,39.119973234],[-16.698803819,39.119973233],[-16.698803825,39.119973231],[-16.698803831,39.119973231],[-16.698803836,39.11997323],[-16.698803842,39.11997323],[-16.698803849,39.119973229],[-16.698907817,39.11997316],[-16.698907812,39.119969115],[-16.698907813,39.11996911],[-16.698907813,39.119969105],[-16.698907814,39.119969101],[-16.698907815,39.119969096],[-16.698907816,39.119969092],[-16.698907819,39.119969087],[-16.698907821,39.119969083],[-16.698907823,39.119969078],[-16.698907825,39.119969074],[-16.698907829,39.11996907],[-16.698907832,39.119969065],[-16.698907835,39.119969062],[-16.698907839,39.119969058],[-16.698907842,39.119969055],[-16.698907847,39.119969051],[-16.698907851,39.119969048],[-16.698907856,39.119969045],[-16.69890786,39.119969042],[-16.698907865,39.11996904],[-16.698907871,39.119969037],[-16.698907876,39.119969035],[-16.698907881,39.119969032],[-16.698907887,39.11996903],[-16.698907892,39.119969029],[-16.698907898,39.119969028],[-16.698907904,39.119969027],[-16.698907911,39.119969026],[-16.698907917,39.119969026],[-16.698907922,39.119969025],[-16.698907928,39.119969024],[-16.699011897,39.119968956],[-16.699011892,39.119964808],[-16.699011892,39.119964804],[-16.699011893,39.119964799],[-16.699011894,39.119964794],[-16.699011895,39.119964789],[-16.699011897,39.119964785],[-16.699011899,39.11996478],[-16.6990119,39.119964776],[-16.699011902,39.119964771],[-16.699011905,39.119964768],[-16.699011908,39.119964763],[-16.699011911,39.11996476],[-16.699011914,39.119964756],[-16.699011919,39.119964751],[-16.699011922,39.119964749],[-16.699011927,39.119964745],[-16.699011931,39.119964741],[-16.699011936,39.119964738],[-16.69901194,39.119964736],[-16.699011945,39.119964733],[-16.699011951,39.11996473],[-16.699011955,39.119964728],[-16.699011961,39.119964726],[-16.699011967,39.119964724],[-16.699011973,39.119964723],[-16.699011978,39.119964722],[-16.699011984,39.119964721],[-16.69901199,39.11996472],[-16.699011996,39.119964719],[-16.699012002,39.119964719],[-16.699012008,39.119964718],[-16.699115977,39.119964649],[-16.699115973,39.119960501],[-16.699115972,39.119960497],[-16.699115972,39.119960492],[-16.699115973,39.119960488],[-16.699115974,39.119960483],[-16.699115977,39.119960478],[-16.699115978,39.119960473],[-16.69911598,39.11996047],[-16.699115982,39.119960465],[-16.699115984,39.119960461],[-16.699115988,39.119960457],[-16.699115991,39.119960453],[-16.699115994,39.119960449],[-16.699115998,39.119960445],[-16.699116002,39.119960442],[-16.699116006,39.119960438],[-16.69911601,39.119960435],[-16.699116015,39.119960431],[-16.699116019,39.119960429],[-16.699116025,39.119960426],[-16.69911603,39.119960424],[-16.699116035,39.119960421],[-16.699116041,39.119960419],[-16.699116047,39.119960417],[-16.699116053,39.119960416],[-16.699116058,39.119960415],[-16.699116064,39.119960414],[-16.69911607,39.119960413],[-16.699116076,39.119960412],[-16.699116081,39.119960412],[-16.699116088,39.119960411],[-16.699220056,39.119960342],[-16.699220051,39.119956195],[-16.699220052,39.11995619],[-16.699220052,39.119956185],[-16.699220053,39.119956181],[-16.699220054,39.119956176],[-16.699220056,39.119956172],[-16.699220058,39.119956167],[-16.69922006,39.119956163],[-16.699220062,39.119956158],[-16.699220064,39.119956154],[-16.699220068,39.11995615],[-16.699220071,39.119956145],[-16.699220074,39.119956142],[-16.699220078,39.119956138],[-16.699220081,39.119956134],[-16.699220086,39.119956131],[-16.69922009,39.119956128],[-16.699220095,39.119956125],[-16.699220099,39.119956122],[-16.699220104,39.11995612],[-16.69922011,39.119956117],[-16.699220115,39.119956115],[-16.69922012,39.119956112],[-16.699220126,39.11995611],[-16.699220132,39.119956109],[-16.699220137,39.119956108],[-16.699220143,39.119956107],[-16.69922015,39.119956106],[-16.699220156,39.119956105],[-16.699220161,39.119956104],[-16.699220167,39.119956104],[-16.699324136,39.119956036],[-16.699324132,39.119951888],[-16.699324131,39.119951884],[-16.699324132,39.119951879],[-16.699324133,39.119951874],[-16.699324135,39.119951869],[-16.699324136,39.119951865],[-16.699324138,39.11995186],[-16.699324139,39.119951856],[-16.699324141,39.119951851],[-16.699324144,39.119951847],[-16.699324147,39.119951843],[-16.69932415,39.119951839],[-16.699324153,39.119951835],[-16.699324157,39.119951831],[-16.699324161,39.119951828],[-16.699324166,39.119951825],[-16.699324169,39.119951821],[-16.699324175,39.119951818],[-16.69932418,39.119951815],[-16.699324184,39.119951813],[-16.69932419,39.11995181],[-16.699324194,39.119951808],[-16.6993242,39.119951806],[-16.699324206,39.119951804],[-16.699324212,39.119951802],[-16.699324217,39.119951801],[-16.699324223,39.1199518],[-16.699324229,39.119951799],[-16.699324235,39.119951798],[-16.699324242,39.119951798],[-16.699324247,39.119951798],[-16.699428216,39.119951728],[-16.699428212,39.119947581],[-16.699428211,39.119947576],[-16.699428211,39.119947572],[-16.699428212,39.119947567],[-16.699428213,39.119947563],[-16.699428216,39.119947557],[-16.699428217,39.119947553],[-16.699428219,39.119947549],[-16.699428221,39.119947545],[-16.699428223,39.11994754],[-16.699428227,39.119947536],[-16.69942823,39.119947532],[-16.699428233,39.119947528],[-16.699428237,39.119947525],[-16.699428241,39.119947521],[-16.699428245,39.119947517],[-16.699428249,39.119947514],[-16.699428254,39.119947511],[-16.699428258,39.119947508],[-16.699428264,39.119947505],[-16.699428269,39.119947503],[-16.699428274,39.119947501],[-16.69942828,39.119947499],[-16.699428286,39.119947497],[-16.69942829,39.119947495],[-16.699428297,39.119947494],[-16.699428303,39.119947493],[-16.699428309,39.119947492],[-16.699428315,39.119947491],[-16.69942832,39.119947491],[-16.699428326,39.119947491],[-16.699532295,39.119947421],[-16.69953229,39.119943274],[-16.699532291,39.119943269],[-16.699532291,39.119943264],[-16.699532292,39.11994326],[-16.699532293,39.119943255],[-16.699532294,39.119943251],[-16.699532297,39.119943246],[-16.699532299,39.119943242],[-16.699532301,39.119943237],[-16.699532303,39.119943233],[-16.699532307,39.119943229],[-16.699532309,39.119943225],[-16.699532313,39.119943221],[-16.699532317,39.119943217],[-16.69953232,39.119943214],[-16.699532325,39.11994321],[-16.699532329,39.119943207],[-16.699532334,39.119943204],[-16.699532338,39.119943201],[-16.699532343,39.119943199],[-16.699532349,39.119943196],[-16.699532354,39.119943194],[-16.699532359,39.119943191],[-16.699532365,39.119943189],[-16.69953237,39.119943188],[-16.699532376,39.119943187],[-16.699532382,39.119943186],[-16.699532388,39.119943185],[-16.699532395,39.119943185],[-16.6995324,39.119943184],[-16.699532406,39.119943183],[-16.699636375,39.119943114],[-16.69963637,39.119938967],[-16.69963637,39.119938962],[-16.699636371,39.119938958],[-16.699636372,39.119938952],[-16.699636373,39.119938948],[-16.699636374,39.119938943],[-16.699636376,39.119938939],[-16.699636378,39.119938934],[-16.69963638,39.11993893],[-16.699636383,39.119938926],[-16.699636386,39.119938922],[-16.699636389,39.119938918],[-16.699636392,39.119938914],[-16.699636396,39.11993891],[-16.6996364,39.119938907],[-16.699636405,39.119938903],[-16.699636408,39.1199389],[-16.699636413,39.119938897],[-16.699636418,39.119938894],[-16.699636423,39.119938891],[-16.699636429,39.119938889],[-16.699636433,39.119938887],[-16.699636439,39.119938885],[-16.699636445,39.119938883],[-16.69963645,39.119938881],[-16.699636456,39.11993888],[-16.699636462,39.119938879],[-16.699636468,39.119938878],[-16.699636474,39.119938877],[-16.69963648,39.119938877],[-16.699636486,39.119938877],[-16.699740455,39.119938807],[-16.69974045,39.119934659],[-16.69974045,39.119934655],[-16.69974045,39.11993465],[-16.699740451,39.119934646],[-16.699740452,39.119934641],[-16.699740454,39.119934636],[-16.699740456,39.119934631],[-16.699740458,39.119934628],[-16.69974046,39.119934623],[-16.699740462,39.119934619],[-16.699740466,39.119934615],[-16.699740469,39.11993461],[-16.699740472,39.119934607],[-16.699740476,39.119934603],[-16.69974048,39.119934599],[-16.699740484,39.119934596],[-16.699740488,39.119934593],[-16.699740493,39.119934589],[-16.699740497,39.119934587],[-16.699740503,39.119934584],[-16.699740508,39.119934582],[-16.699740513,39.119934579],[-16.699740519,39.119934577],[-16.699740524,39.119934575],[-16.699740529,39.119934573],[-16.699740536,39.119934572],[-16.699740542,39.119934571],[-16.699740548,39.119934571],[-16.699740554,39.11993457],[-16.699740559,39.119934569],[-16.699740565,39.119934569],[-16.699844534,39.119934499],[-16.699844529,39.119930353],[-16.69984453,39.119930347],[-16.69984453,39.119930343],[-16.699844531,39.119930338],[-16.699844532,39.119930334],[-16.699844533,39.119930329],[-16.699844536,39.119930325],[-16.699844538,39.11993032],[-16.69984454,39.119930316],[-16.699844542,39.119930311],[-16.699844546,39.119930307],[-16.699844548,39.119930303],[-16.699844551,39.119930299],[-16.699844556,39.119930295],[-16.699844559,39.119930292],[-16.699844564,39.119930288],[-16.699844568,39.119930285],[-16.699844573,39.119930283],[-16.699844577,39.119930279],[-16.699844582,39.119930277],[-16.699844588,39.119930274],[-16.699844593,39.119930272],[-16.699844598,39.11993027],[-16.699844604,39.119930268],[-16.699844609,39.119930267],[-16.699844615,39.119930265],[-16.699844621,39.119930264],[-16.699844627,39.119930263],[-16.699844634,39.119930263],[-16.699844639,39.119930262],[-16.699844645,39.119930262],[-16.699948614,39.119930192],[-16.699948609,39.119926045],[-16.699948609,39.11992604],[-16.69994861,39.119926036],[-16.69994861,39.11992603],[-16.699948612,39.119926026],[-16.699948613,39.119926021],[-16.699948614,39.119926017],[-16.699948617,39.119926012],[-16.699948619,39.119926008],[-16.699948622,39.119926004],[-16.699948624,39.119926],[-16.699948628,39.119925996],[-16.699948631,39.119925992],[-16.699948634,39.119925988],[-16.699948639,39.119925984],[-16.699948644,39.119925981],[-16.699948647,39.119925978],[-16.699948651,39.119925975],[-16.699948657,39.119925972],[-16.699948662,39.119925969],[-16.699948667,39.119925967],[-16.699948672,39.119925965],[-16.699948678,39.119925963],[-16.699948684,39.119925961],[-16.699948689,39.119925959],[-16.699948695,39.119925958],[-16.699948701,39.119925957],[-16.699948707,39.119925956],[-16.699948712,39.119925955],[-16.699948719,39.119925955],[-16.699948725,39.119925955],[-16.700052694,39.119925885],[-16.700052689,39.119921737],[-16.700052689,39.119921733],[-16.700052689,39.119921728],[-16.70005269,39.119921723],[-16.700052691,39.119921719],[-16.700052693,39.119921714],[-16.700052694,39.119921709],[-16.700052696,39.119921705],[-16.700052699,39.119921701],[-16.700052701,39.119921696],[-16.700052704,39.119921693],[-16.700052708,39.119921688],[-16.700052711,39.119921684],[-16.700052714,39.119921681],[-16.700052719,39.119921677],[-16.700052722,39.119921673],[-16.700052727,39.119921671],[-16.700052731,39.119921667],[-16.700052736,39.119921664],[-16.700052742,39.119921661],[-16.700052746,39.11992166],[-16.700052752,39.119921657],[-16.700052758,39.119921655],[-16.700052762,39.119921653],[-16.700052768,39.119921651],[-16.700052774,39.11992165],[-16.700052781,39.119921649],[-16.700052786,39.119921648],[-16.700052792,39.119921647],[-16.700052798,39.119921647],[-16.700052804,39.119921647],[-16.700156773,39.119921577],[-16.700156768,39.11991743],[-16.700156769,39.119917425],[-16.700156769,39.11991742],[-16.70015677,39.119917416],[-16.700156771,39.119917411],[-16.700156772,39.119917407],[-16.700156774,39.119917402],[-16.700156776,39.119917397],[-16.700156779,39.119917393],[-16.700156781,39.119917388],[-16.700156784,39.119917385],[-16.700156786,39.11991738],[-16.70015679,39.119917377],[-16.700156794,39.119917373],[-16.700156798,39.119917369],[-16.700156802,39.119917366],[-16.700156807,39.119917363],[-16.700156811,39.11991736],[-16.700156816,39.119917356],[-16.70015682,39.119917354],[-16.700156826,39.119917352],[-16.700156831,39.119917349],[-16.700156837,39.119917347],[-16.700156842,39.119917345],[-16.700156848,39.119917344],[-16.700156854,39.119917342],[-16.700156859,39.119917341],[-16.700156865,39.11991734],[-16.700156872,39.11991734],[-16.700156878,39.119917339],[-16.700156884,39.119917339],[-16.700260852,39.11991727],[-16.700260848,39.119913122],[-16.700260848,39.119913117],[-16.700260849,39.119913112],[-16.700260849,39.119913108],[-16.70026085,39.119913103],[-16.700260852,39.119913099],[-16.700260853,39.119913094],[-16.700260855,39.119913089],[-16.700260857,39.119913085],[-16.700260861,39.119913081],[-16.700260863,39.119913077],[-16.700260866,39.119913073],[-16.70026087,39.119913069],[-16.700260873,39.119913065],[-16.700260878,39.119913061],[-16.700260881,39.119913058],[-16.700260886,39.119913055],[-16.70026089,39.119913052],[-16.700260896,39.119913049],[-16.7002609,39.119913046],[-16.700260905,39.119913044],[-16.700260911,39.119913042],[-16.700260916,39.11991304],[-16.700260922,39.119913038],[-16.700260928,39.119913036],[-16.700260934,39.119913035],[-16.700260939,39.119913034],[-16.700260945,39.119913033],[-16.700260951,39.119913032],[-16.700260957,39.119913032],[-16.700260964,39.119913032],[-16.700364932,39.119912961],[-16.700364928,39.119908814],[-16.700364928,39.119908809],[-16.700364928,39.119908805],[-16.700364929,39.1199088],[-16.70036493,39.119908796],[-16.700364931,39.11990879],[-16.700364933,39.119908786],[-16.700364935,39.119908782],[-16.700364937,39.119908778],[-16.700364939,39.119908773],[-16.700364943,39.11990877],[-16.700364946,39.119908765],[-16.70036495,39.119908761],[-16.700364953,39.119908758],[-16.700364956,39.119908754],[-16.700364961,39.11990875],[-16.700364965,39.119908748],[-16.70036497,39.119908744],[-16.700364975,39.119908741],[-16.70036498,39.119908738],[-16.700364985,39.119908736],[-16.700364991,39.119908734],[-16.700364996,39.119908732],[-16.700365001,39.11990873],[-16.700365007,39.119908728],[-16.700365012,39.119908727],[-16.700365019,39.119908726],[-16.700365025,39.119908725],[-16.700365031,39.119908724],[-16.700365037,39.119908724],[-16.700365042,39.119908724],[-16.700469011,39.119908653],[-16.700469006,39.119904507],[-16.700469006,39.119904501],[-16.700469007,39.119904497],[-16.700469008,39.119904492],[-16.700469009,39.119904488],[-16.700469011,39.119904483],[-16.700469013,39.119904479],[-16.700469015,39.119904474],[-16.700469017,39.11990447],[-16.700469019,39.119904465],[-16.700469023,39.119904461],[-16.700469025,39.119904457],[-16.700469028,39.119904453],[-16.700469033,39.119904449],[-16.700469036,39.119904446],[-16.700469041,39.119904442],[-16.700469045,39.119904439],[-16.70046905,39.119904437],[-16.700469054,39.119904433],[-16.700469059,39.119904431],[-16.700469065,39.119904428],[-16.700469069,39.119904425],[-16.700469075,39.119904424],[-16.700469081,39.119904422],[-16.700469087,39.119904421],[-16.700469092,39.119904419],[-16.700469098,39.119904418],[-16.700469104,39.119904417],[-16.700469111,39.119904417],[-16.700469116,39.119904416],[-16.700469122,39.119904416],[-16.700573207,39.119904346],[-16.700573213,39.119904346],[-16.700573218,39.119904347],[-16.700573224,39.119904346],[-16.70057323,39.119904347],[-16.700573236,39.119904349],[-16.700573242,39.11990435]]]}}
]
}
