{
"type": "FeatureCollection",
"name": "headlands",
"xy_coordinate_resolution": 1e-09,
"features": [
{"type":"Feature","properties":{"rate":34000.0,"strip_id":null,"plot_id":null,"type":"headland"},"geometry":{"type":"Polygon","coordinates":[[[-98.9926084,43.5769644],[-98.9926137,43.5767782],[-98.9926089,43.5763018],[-98.9925868,43.5740833],[-98.9925654,43.5719493],[-98.9916847,43.5719546],[-98.991138,43.5719579],[-98.9910993,43.5719576],[-98.9898361,43.5719489],[-98.989647,43.5719476],[-98.9887399,43.5719413],[-98.9883625,43.5719387],[-98.9881982,43.5719379],[-98.9873713,43.5719338],[-98.9862521,43.5719282],[-98.9853742,43.5719238],[-98.9851401,43.5719227],[-98.9845165,43.5719196],[-98.9844411,43.5719193],[-98.9831882,43.5719148],[-98.9829437,43.5719339],[-98.9828512,43.5719818],[-98.9828291,43.572031],[-98.9828256,43.5729129],[-98.9828046,43.5781659],[-98.9828909,43.5782674],[-98.9830032,43.5783009],[-98.9860232,43.5783392],[-98.9890035,43.5783679],[-98.9904346,43.5783702],[-98.991997,43.5783727],[-98.9924068,43.5783871],[-98.9925323,43.5783775],[-98.9925685,43.5783637],[-98.9926084,43.5769644]],[[-98.9848469,43.5765345],[-98.9848998,43.5766015],[-98.9848667,43.5768265],[-98.9848254,43.576855],[-98.9846449,43.5769793],[-98.9844952,43.5770824],[-98.9843975,43.5771089],[-98.9843249,43.5771089],[-98.9842984,43.5770946],[-98.9842522,43.5770611],[-98.9842191,43.5770132],[-98.9842191,43.5769653],[-98.9842323,43.5768361],[-98.9842125,43.5767882],[-98.9841927,43.5767499],[-98.9841596,43.5767164],[-98.9841134,43.576702],[-98.9840539,43.5766685],[-98.9840341,43.5766398],[-98.9840473,43.5765919],[-98.9840737,43.5765393],[-98.9841861,43.5765105],[-98.9842984,43.576501],[-98.9843843,43.5764962],[-98.9845363,43.5764962],[-98.9847081,43.5765153],[-98.9848469,43.5765345]],[[-98.992370969,43.572275045],[-98.992370975,43.572275047],[-98.992370981,43.572275049],[-98.992370986,43.572275052],[-98.992370992,43.572275054],[-98.992370997,43.572275057],[-98.992371002,43.57227506],[-98.992371007,43.572275062],[-98.992371012,43.572275066],[-98.992371017,43.57227507],[-98.992371021,43.572275073],[-98.992371025,43.572275077],[-98.992371028,43.57227508],[-98.992371032,43.572275085],[-98.992371035,43.572275089],[-98.992371037,43.572275093],[-98.99237104,43.572275098],[-98.992371042,43.572275102],[-98.992371044,43.572275107],[-98.992371046,43.572275111],[-98.992371047,43.572275116],[-98.992371047,43.57227512],[-98.992371048,43.572275125],[-98.992371048,43.57227513],[-98.992366702,43.572998051],[-98.992366702,43.572998056],[-98.992366702,43.572998056],[-98.992362355,43.573720974],[-98.992362355,43.573720978],[-98.992362355,43.573720978],[-98.992359731,43.574157378],[-98.992471068,43.574157732],[-98.992471074,43.574157732],[-98.992471081,43.574157732],[-98.992471088,43.574157732],[-98.992471094,43.574157733],[-98.9924711,43.574157734],[-98.992471106,43.574157736],[-98.992471112,43.574157738],[-98.992471119,43.57415774],[-98.992471123,43.574157741],[-98.99247113,43.574157744],[-98.992471135,43.574157746],[-98.992471141,43.574157749],[-98.992471146,43.574157752],[-98.992471151,43.574157755],[-98.992471156,43.574157759],[-98.992471159,43.574157761],[-98.992471164,43.574157765],[-98.992471168,43.574157769],[-98.992471172,43.574157773],[-98.992471174,43.574157777],[-98.992471178,43.574157781],[-98.99247118,43.574157786],[-98.992471183,43.57415779],[-98.992471185,43.574157794],[-98.992471187,43.574157798],[-98.992471189,43.574157804],[-98.99247119,43.574157808],[-98.99247119,43.574157813],[-98.992471192,43.574157817],[-98.992471192,43.574157822],[-98.992466497,43.574938741],[-98.992466497,43.574938746],[-98.992466497,43.574938746],[-98.992461802,43.575719661],[-98.992461802,43.575719666],[-98.992461802,43.57571967],[-98.992461802,43.57571967],[-98.992457109,43.57650058],[-98.992457109,43.576500584],[-98.992457109,43.576500585],[-98.992452414,43.577281499],[-98.992452414,43.577281504],[-98.992452414,43.577281509],[-98.992452414,43.577281509],[-98.99244772,43.578062418],[-98.99244772,43.578062423],[-98.992447719,43.578062428],[-98.992447718,43.578062432],[-98.992447717,43.578062437],[-98.992447715,43.578062441],[-98.992447714,43.578062446],[-98.992447712,43.57806245],[-98.992447709,43.578062455],[-98.992447707,43.578062459],[-98.992447703,43.578062463],[-98.992447699,43.578062468],[-98.992447695,43.578062471],[-98.992447692,43.578062475],[-98.992447688,43.578062478],[-98.992447683,43.578062482],[-98.992447678,43.578062485],[-98.992447673,43.578062488],[-98.992447668,43.578062491],[-98.992447663,43.578062494],[-98.992447657,43.578062496],[-98.992447652,43.578062498],[-98.992447646,43.5780625],[-98.99244764,43.578062502],[-98.992447634,43.578062504],[-98.992447627,43.578062505],[-98.992447621,43.578062506],[-98.992447615,43.578062507],[-98.992447609,43.578062507],[-98.992447603,43.578062508],[-98.992447595,43.578062508],[-98.992336128,43.578062154],[-98.992336121,43.578062153],[-98.992336115,43.578062153],[-98.992336108,43.578062152],[-98.992336102,43.578062151],[-98.992336095,43.57806215],[-98.992336089,43.578062149],[-98.992336083,43.578062148],[-98.992336077,43.578062146],[-98.992336072,43.578062144],[-98.992336066,43.578062141],[-98.992336061,43.578062139],[-98.992336055,43.578062136],[-98.99233605,43.578062133],[-98.992336045,43.578062131],[-98.992336041,43.578062127],[-98.992336036,43.578062123],[-98.992336032,43.57806212],[-98.992336027,43.578062116],[-98.992336024,43.578062113],[-98.992336021,43.578062108],[-98.992336017,43.578062104],[-98.992336015,43.5780621],[-98.992336012,43.578062095],[-98.99233601,43.578062091],[-98.992336009,43.578062086],[-98.992336008,43.578062082],[-98.992336006,43.578062077],[-98.992336005,43.578062073],[-98.992336005,43.578062068],[-98.992336005,43.578062063],[-98.992336026,43.578058592],[-98.992224682,43.578058238],[-98.992224675,43.578058238],[-98.992224668,43.578058237],[-98.992224662,43.578058237],[-98.992224656,43.578058236],[-98.992224649,43.578058234],[-98.992224643,43.578058233],[-98.992224637,43.578058231],[-98.992224631,43.57805823],[-98.992224625,43.578058228],[-98.99222462,43.578058225],[-98.992224614,43.578058222],[-98.992224609,43.57805822],[-98.992224604,43.578058217],[-98.992224599,43.578058214],[-98.992224594,43.578058211],[-98.99222459,43.578058207],[-98.992224585,43.578058204],[-98.992224581,43.5780582],[-98.992224578,43.578058196],[-98.992224574,43.578058192],[-98.992224571,43.578058188],[-98.992224569,43.578058184],[-98.992224566,43.578058179],[-98.992224564,43.578058175],[-98.992224563,43.57805817],[-98.99222456,43.578058166],[-98.992224559,43.578058161],[-98.992224559,43.578058157],[-98.992224558,43.578058152],[-98.992224558,43.578058147],[-98.992224579,43.578054675],[-98.992113236,43.578054321],[-98.992113228,43.578054321],[-98.992113222,43.57805432],[-98.992113216,43.57805432],[-98.99211321,43.57805432],[-98.992113203,43.578054319],[-98.992113197,43.578054317],[-98.992113191,43.578054315],[-98.992113185,43.578054313],[-98.992113179,43.578054311],[-98.992113174,43.578054309],[-98.992113168,43.578054307],[-98.992113163,43.578054304],[-98.992113158,43.578054301],[-98.992113153,43.578054298],[-98.992113148,43.578054294],[-98.992113143,43.578054292],[-98.992113139,43.578054288],[-98.992113135,43.578054284],[-98.992113132,43.57805428],[-98.992113128,43.578054276],[-98.992113125,43.578054272],[-98.992113123,43.578054267],[-98.992113121,43.578054263],[-98.992113118,43.578054259],[-98.992113116,43.578054255],[-98.992113114,43.578054249],[-98.992113113,43.578054245],[-98.992113113,43.57805424],[-98.992113112,43.578054236],[-98.992113112,43.578054231],[-98.992113133,43.578050759],[-98.992001789,43.578050405],[-98.992001782,43.578050405],[-98.992001776,43.578050405],[-98.99200177,43.578050404],[-98.992001764,43.578050403],[-98.992001756,43.578050402],[-98.99200175,43.5780504],[-98.992001745,43.578050399],[-98.992001739,43.578050397],[-98.992001733,43.578050395],[-98.992001727,43.578050393],[-98.992001722,43.578050391],[-98.992001717,43.578050388],[-98.992001712,43.578050385],[-98.992001707,43.578050382],[-98.992001702,43.578050379],[-98.992001697,43.578050375],[-98.992001693,43.578050372],[-98.992001689,43.578050368],[-98.992001686,43.578050364],[-98.992001682,43.57805036],[-98.992001678,43.578050355],[-98.992001676,43.578050352],[-98.992001673,43.578050347],[-98.992001672,43.578050343],[-98.99200167,43.578050338],[-98.992001668,43.578050334],[-98.992001667,43.578050328],[-98.992001666,43.578050324],[-98.992001666,43.578050319],[-98.992001666,43.578050315],[-98.992001675,43.578048735],[-98.991890456,43.578048381],[-98.991890455,43.578048468],[-98.991890455,43.578048473],[-98.991890454,43.578048477],[-98.991890453,43.578048482],[-98.991890451,43.578048487],[-98.99189045,43.578048492],[-98.991890449,43.578048496],[-98.991890446,43.578048501],[-98.991890444,43.578048504],[-98.991890441,43.578048509],[-98.991890438,43.578048513],[-98.991890434,43.578048517],[-98.99189043,43.578048522],[-98.991890427,43.578048525],[-98.991890423,43.578048529],[-98.991890418,43.578048531],[-98.991890413,43.578048535],[-98.991890408,43.578048538],[-98.991890403,43.578048541],[-98.991890398,43.578048543],[-98.991890392,43.578048546],[-98.991890387,43.578048549],[-98.991890381,43.57804855],[-98.991890374,43.578048552],[-98.991890368,43.578048554],[-98.991890362,43.578048555],[-98.991890356,43.578048556],[-98.99189035,43.578048557],[-98.991890344,43.578048558],[-98.991890337,43.578048558],[-98.99189033,43.578048558],[-98.991778987,43.578048203],[-98.991778986,43.57804829],[-98.991778986,43.578048295],[-98.991778985,43.5780483],[-98.991778984,43.578048305],[-98.991778983,43.578048309],[-98.991778981,43.578048314],[-98.99177898,43.578048318],[-98.991778978,43.578048323],[-98.991778975,43.578048327],[-98.991778973,43.578048332],[-98.991778969,43.578048335],[-98.991778965,43.57804834],[-98.991778961,43.578048343],[-98.991778958,43.578048347],[-98.991778954,43.578048351],[-98.991778949,43.578048354],[-98.991778944,43.578048357],[-98.991778939,43.57804836],[-98.991778934,43.578048363],[-98.991778929,43.578048366],[-98.991778923,43.578048369],[-98.991778918,43.57804837],[-98.991778912,43.578048372],[-98.991778906,43.578048374],[-98.9917789,43.578048376],[-98.991778893,43.578048378],[-98.991778887,43.578048378],[-98.991778881,43.578048379],[-98.991778875,43.578048379],[-98.991778867,43.57804838],[-98.991778861,43.57804838],[-98.991667518,43.578048026],[-98.991667518,43.578048113],[-98.991667518,43.578048117],[-98.991667516,43.578048122],[-98.991667515,43.578048126],[-98.991667514,43.578048131],[-98.991667513,43.578048136],[-98.991667511,43.578048141],[-98.991667509,43.578048144],[-98.991667506,43.578048149],[-98.991667504,43.578048153],[-98.9916675,43.578048158],[-98.991667496,43.578048162],[-98.991667493,43.578048165],[-98.991667489,43.578048169],[-98.991667485,43.578048172],[-98.99166748,43.578048176],[-98.991667475,43.57804818],[-98.99166747,43.578048182],[-98.991667466,43.578048185],[-98.991667461,43.578048188],[-98.991667454,43.57804819],[-98.991667449,43.578048193],[-98.991667443,43.578048195],[-98.991667437,43.578048197],[-98.991667431,43.578048198],[-98.991667425,43.578048199],[-98.991667418,43.5780482],[-98.991667412,43.578048201],[-98.991667406,43.578048202],[-98.991667399,43.578048202],[-98.991667392,43.578048202],[-98.991556049,43.578047848],[-98.991556049,43.578047935],[-98.991556048,43.578047939],[-98.991556048,43.578047944],[-98.991556046,43.578047949],[-98.991556045,43.578047953],[-98.991556044,43.578047958],[-98.991556043,43.578047962],[-98.99155604,43.578047967],[-98.991556038,43.578047971],[-98.991556035,43.578047975],[-98.991556031,43.57804798],[-98.991556028,43.578047983],[-98.991556024,43.578047988],[-98.99155602,43.578047991],[-98.991556017,43.578047995],[-98.991556012,43.578047998],[-98.991556007,43.578048001],[-98.991556002,43.578048005],[-98.991555997,43.578048007],[-98.991555992,43.57804801],[-98.991555986,43.578048012],[-98.991555981,43.578048015],[-98.991555974,43.578048016],[-98.991555968,43.578048018],[-98.991555962,43.57804802],[-98.991555956,43.578048021],[-98.99155595,43.578048023],[-98.991555944,43.578048023],[-98.991555937,43.578048024],[-98.99155593,43.578048025],[-98.991555924,43.578048025],[-98.991444581,43.578047669],[-98.99144458,43.578047757],[-98.991444579,43.578047761],[-98.991444579,43.578047766],[-98.991444578,43.57804777],[-98.991444576,43.578047775],[-98.991444575,43.578047779],[-98.991444574,43.578047784],[-98.991444571,43.578047788],[-98.991444569,43.578047793],[-98.991444566,43.578047798],[-98.991444563,43.578047801],[-98.991444559,43.578047806],[-98.991444555,43.578047809],[-98.991444552,43.578047813],[-98.991444548,43.578047816],[-98.991444543,43.57804782],[-98.991444538,43.578047824],[-98.991444533,43.578047826],[-98.991444528,43.578047829],[-98.991444523,43.578047832],[-98.991444517,43.578047834],[-98.991444512,43.578047836],[-98.991444506,43.578047839],[-98.9914445,43.578047841],[-98.991444493,43.578047842],[-98.991444487,43.578047843],[-98.991444481,43.578047844],[-98.991444475,43.578047845],[-98.991444469,43.578047846],[-98.991444461,43.578047846],[-98.991444455,43.578047846],[-98.991333112,43.578047491],[-98.991333111,43.578047578],[-98.99133311,43.578047583],[-98.99133311,43.578047587],[-98.991333109,43.578047593],[-98.991333108,43.578047597],[-98.991333106,43.578047602],[-98.991333105,43.578047606],[-98.991333103,43.578047611],[-98.9913331,43.578047615],[-98.991333098,43.578047619],[-98.991333094,43.578047623],[-98.99133309,43.578047627],[-98.991333087,43.578047632],[-98.991333083,43.578047635],[-98.991333079,43.578047639],[-98.991333074,43.578047642],[-98.991333069,43.578047645],[-98.991333064,43.578047648],[-98.991333059,43.578047651],[-98.991333054,43.578047654],[-98.991333048,43.578047656],[-98.991333043,43.578047659],[-98.991333037,43.57804766],[-98.991333031,43.578047662],[-98.991333025,43.578047664],[-98.991333018,43.578047665],[-98.991333012,43.578047666],[-98.991333006,43.578047667],[-98.991333,43.578047668],[-98.991332992,43.578047668],[-98.991332986,43.578047668],[-98.991221643,43.578047313],[-98.991221643,43.5780474],[-98.991221641,43.578047405],[-98.991221641,43.57804741],[-98.99122164,43.578047414],[-98.991221639,43.578047419],[-98.991221638,43.578047423],[-98.991221636,43.578047428],[-98.991221634,43.578047432],[-98.991221631,43.578047437],[-98.991221629,43.578047441],[-98.991221625,43.578047445],[-98.991221622,43.578047449],[-98.991221618,43.578047453],[-98.991221614,43.578047456],[-98.99122161,43.57804746],[-98.991221605,43.578047464],[-98.991221601,43.578047467],[-98.991221596,43.57804747],[-98.991221591,43.578047473],[-98.991221586,43.578047475],[-98.991221579,43.578047478],[-98.991221575,43.57804748],[-98.991221568,43.578047482],[-98.991221562,43.578047483],[-98.991221556,43.578047485],[-98.99122155,43.578047487],[-98.991221544,43.578047488],[-98.991221537,43.578047489],[-98.991221531,43.578047489],[-98.991221524,43.57804749],[-98.991221518,43.57804749],[-98.991110174,43.578047135],[-98.991110174,43.578047222],[-98.991110173,43.578047226],[-98.991110173,43.578047231],[-98.991110171,43.578047235],[-98.99111017,43.578047241],[-98.991110169,43.578047245],[-98.991110168,43.57804725],[-98.991110165,43.578047254],[-98.991110163,43.578047258],[-98.991110159,43.578047262],[-98.991110157,43.578047267],[-98.991110153,43.57804727],[-98.991110149,43.578047274],[-98.991110145,43.578047279],[-98.991110142,43.578047282],[-98.991110137,43.578047285],[-98.991110132,43.578047288],[-98.991110127,43.578047291],[-98.991110122,43.578047295],[-98.991110117,43.578047297],[-98.991110111,43.578047299],[-98.991110106,43.578047302],[-98.9911101,43.578047304],[-98.991110093,43.578047306],[-98.991110087,43.578047307],[-98.991110081,43.578047308],[-98.991110075,43.578047309],[-98.991110069,43.57804731],[-98.991110062,43.578047311],[-98.991110055,43.578047311],[-98.991110049,43.578047311],[-98.990998706,43.578046956],[-98.990998705,43.578047043],[-98.990998704,43.578047047],[-98.990998704,43.578047053],[-98.990998703,43.578047057],[-98.990998701,43.578047062],[-98.9909987,43.578047066],[-98.990998699,43.578047071],[-98.990998697,43.578047075],[-98.990998694,43.57804708],[-98.99099869,43.578047084],[-98.990998688,43.578047088],[-98.990998684,43.578047092],[-98.99099868,43.578047096],[-98.990998677,43.5780471],[-98.990998673,43.578047103],[-98.990998668,43.578047107],[-98.990998663,43.57804711],[-98.990998658,43.578047113],[-98.990998653,43.578047116],[-98.990998648,43.578047119],[-98.990998642,43.578047121],[-98.990998637,43.578047123],[-98.990998631,43.578047125],[-98.990998625,43.578047127],[-98.990998618,43.578047128],[-98.990998612,43.578047129],[-98.990998606,43.578047131],[-98.9909986,43.578047132],[-98.990998594,43.578047132],[-98.990998586,43.578047133],[-98.99099858,43.578047133],[-98.990887237,43.578046778],[-98.990887236,43.578046865],[-98.990887235,43.578046869],[-98.990887235,43.578046874],[-98.990887234,43.578046878],[-98.990887233,43.578046883],[-98.990887232,43.578046887],[-98.99088723,43.578046893],[-98.990887228,43.578046896],[-98.990887225,43.578046901],[-98.990887222,43.578046905],[-98.990887219,43.57804691],[-98.990887215,43.578046913],[-98.990887212,43.578046917],[-98.990887208,43.578046921],[-98.990887204,43.578046924],[-98.990887199,43.578046928],[-98.990887194,43.578046931],[-98.990887189,43.578046934],[-98.990887184,43.578046937],[-98.990887179,43.57804694],[-98.990887173,43.578046942],[-98.990887168,43.578046944],[-98.990887162,43.578046947],[-98.990887156,43.578046949],[-98.99088715,43.578046949],[-98.990887144,43.578046951],[-98.990887137,43.578046952],[-98.990887131,43.578046953],[-98.990887125,43.578046954],[-98.990887118,43.578046954],[-98.990887111,43.578046954],[-98.990775768,43.578046599],[-98.990775768,43.578046686],[-98.990775767,43.57804669],[-98.990775767,43.578046695],[-98.990775765,43.5780467],[-98.990775764,43.578046705],[-98.990775763,43.578046709],[-98.990775762,43.578046714],[-98.990775759,43.578046718],[-98.990775757,43.578046723],[-98.990775753,43.578046726],[-98.99077575,43.578046731],[-98.990775747,43.578046734],[-98.990775743,43.578046739],[-98.990775739,43.578046742],[-98.990775736,43.578046746],[-98.990775731,43.57804675],[-98.990775726,43.578046752],[-98.990775721,43.578046756],[-98.990775716,43.578046759],[-98.990775711,43.578046761],[-98.990775705,43.578046763],[-98.9907757,43.578046766],[-98.990775693,43.578046768],[-98.990775687,43.578046769],[-98.990775681,43.578046771],[-98.990775675,43.578046772],[-98.990775669,43.578046774],[-98.990775662,43.578046774],[-98.990775656,43.578046775],[-98.990775649,43.578046776],[-98.990775643,43.578046776],[-98.9906643,43.57804642],[-98.990664299,43.578046506],[-98.990664298,43.578046512],[-98.990664298,43.578046516],[-98.990664297,43.578046521],[-98.990664295,43.578046525],[-98.990664294,43.57804653],[-98.990664292,43.578046534],[-98.99066429,43.578046539],[-98.990664288,43.578046543],[-98.990664284,43.578046548],[-98.990664282,43.578046551],[-98.990664278,43.578046556],[-98.990664274,43.57804656],[-98.990664271,43.578046563],[-98.990664267,43.578046567],[-98.990664262,43.57804657],[-98.990664257,43.578046574],[-98.990664252,43.578046577],[-98.990664247,43.578046579],[-98.990664242,43.578046582],[-98.990664236,43.578046585],[-98.990664231,43.578046587],[-98.990664225,43.578046589],[-98.990664219,43.578046591],[-98.990664212,43.578046592],[-98.990664206,43.578046594],[-98.9906642,43.578046595],[-98.990664194,43.578046596],[-98.990664188,43.578046597],[-98.99066418,43.578046597],[-98.990664174,43.578046597],[-98.99055283,43.578046241],[-98.990552829,43.578046328],[-98.990552829,43.578046333],[-98.990552829,43.578046337],[-98.990552828,43.578046342],[-98.990552827,43.578046347],[-98.990552825,43.578046351],[-98.990552823,43.578046356],[-98.990552822,43.57804636],[-98.990552819,43.578046365],[-98.990552815,43.578046369],[-98.990552813,43.578046373],[-98.990552809,43.578046377],[-98.990552806,43.578046381],[-98.990552802,43.578046385],[-98.990552798,43.578046388],[-98.990552793,43.578046391],[-98.990552788,43.578046395],[-98.990552783,43.578046397],[-98.990552778,43.578046401],[-98.990552773,43.578046404],[-98.990552767,43.578046405],[-98.990552762,43.578046408],[-98.990552756,43.57804641],[-98.99055275,43.578046412],[-98.990552744,43.578046414],[-98.990552737,43.578046414],[-98.990552731,43.578046415],[-98.990552725,43.578046416],[-98.990552719,43.578046417],[-98.990552711,43.578046417],[-98.990552705,43.578046417],[-98.990441361,43.578046062],[-98.99044136,43.578046149],[-98.99044136,43.578046154],[-98.99044136,43.578046159],[-98.990441359,43.578046163],[-98.990441358,43.578046168],[-98.990441357,43.578046173],[-98.990441354,43.578046177],[-98.990441353,43.578046181],[-98.99044135,43.578046186],[-98.990441347,43.57804619],[-98.990441344,43.578046195],[-98.990441341,43.578046198],[-98.990441337,43.578046202],[-98.990441333,43.578046205],[-98.990441329,43.578046209],[-98.990441324,43.578046213],[-98.990441319,43.578046216],[-98.990441315,43.578046219],[-98.99044131,43.578046222],[-98.990441305,43.578046224],[-98.990441298,43.578046227],[-98.990441292,43.57804623],[-98.990441287,43.578046231],[-98.990441281,43.578046233],[-98.990441275,43.578046234],[-98.990441269,43.578046236],[-98.990441262,43.578046237],[-98.990441256,43.578046238],[-98.99044125,43.578046239],[-98.990441243,43.578046239],[-98.990441236,43.578046239],[-98.990329892,43.578045883],[-98.990329892,43.578045971],[-98.990329892,43.578045975],[-98.990329892,43.57804598],[-98.99032989,43.578045984],[-98.990329889,43.57804599],[-98.990329888,43.578045994],[-98.990329885,43.578045999],[-98.990329884,43.578046003],[-98.990329882,43.578046007],[-98.990329878,43.578046011],[-98.990329876,43.578046016],[-98.990329872,43.578046019],[-98.990329868,43.578046024],[-98.990329864,43.578046028],[-98.990329859,43.578046031],[-98.990329856,43.578046034],[-98.990329851,43.578046037],[-98.990329846,43.57804604],[-98.990329841,43.578046044],[-98.990329836,43.578046046],[-98.99032983,43.578046048],[-98.990329823,43.578046051],[-98.990329819,43.578046053],[-98.990329812,43.578046055],[-98.990329806,43.578046056],[-98.9903298,43.578046057],[-98.990329794,43.578046058],[-98.990329788,43.578046059],[-98.99032978,43.57804606],[-98.990329774,43.57804606],[-98.990329768,43.57804606],[-98.990218423,43.578045704],[-98.990218423,43.578045792],[-98.990218423,43.578045797],[-98.990218423,43.578045801],[-98.990218422,43.578045806],[-98.99021842,43.578045811],[-98.990218419,43.578045815],[-98.990218417,43.57804582],[-98.990218415,43.578045825],[-98.990218413,43.578045829],[-98.990218409,43.578045833],[-98.990218407,43.578045837],[-98.990218403,43.578045841],[-98.990218399,43.578045845],[-98.990218396,43.578045849],[-98.990218391,43.578045852],[-98.990218387,43.578045856],[-98.990218382,43.578045859],[-98.990218377,43.578045862],[-98.990218372,43.578045865],[-98.990218367,43.578045868],[-98.990218361,43.57804587],[-98.990218355,43.578045872],[-98.99021835,43.578045874],[-98.990218344,43.578045876],[-98.990218337,43.578045878],[-98.990218331,43.578045879],[-98.990218325,43.578045879],[-98.990218319,43.57804588],[-98.990218311,43.578045881],[-98.990218305,43.578045881],[-98.990218299,43.578045882],[-98.990106955,43.578045525],[-98.990106954,43.578045613],[-98.990106954,43.578045618],[-98.990106954,43.578045623],[-98.990106953,43.578045628],[-98.990106952,43.578045632],[-98.99010695,43.578045637],[-98.990106948,43.578045641],[-98.990106947,43.578045646],[-98.990106944,43.57804565],[-98.990106941,43.578045655],[-98.990106938,43.578045658],[-98.990106934,43.578045663],[-98.990106931,43.578045666],[-98.990106927,43.57804567],[-98.990106922,43.578045674],[-98.990106918,43.578045677],[-98.990106913,43.57804568],[-98.990106908,43.578045683],[-98.990106903,43.578045686],[-98.990106898,43.578045689],[-98.990106892,43.578045692],[-98.990106886,43.578045693],[-98.990106881,43.578045695],[-98.990106875,43.578045697],[-98.990106869,43.578045699],[-98.990106863,43.5780457],[-98.990106856,43.578045701],[-98.99010685,43.578045702],[-98.990106843,43.578045702],[-98.990106837,43.578045703],[-98.99010683,43.578045703],[-98.989995486,43.578045347],[-98.989995485,43.578045434],[-98.989995485,43.57804544],[-98.989995485,43.578045444],[-98.989995484,43.578045449],[-98.989995483,43.578045453],[-98.989995482,43.578045458],[-98.989995479,43.578045462],[-98.989995478,43.578045467],[-98.989995476,43.578045471],[-98.989995472,43.578045476],[-98.989995469,43.578045479],[-98.989995466,43.578045484],[-98.989995462,43.578045487],[-98.989995458,43.578045491],[-98.989995453,43.578045495],[-98.98999545,43.578045498],[-98.989995445,43.578045502],[-98.98999544,43.578045504],[-98.989995435,43.578045507],[-98.98999543,43.57804551],[-98.989995424,43.578045513],[-98.989995417,43.578045514],[-98.989995412,43.578045516],[-98.989995406,43.578045518],[-98.9899954,43.57804552],[-98.989995394,43.578045522],[-98.989995388,43.578045522],[-98.989995381,43.578045523],[-98.989995374,43.578045523],[-98.989995368,43.578045524],[-98.989995362,43.578045524],[-98.989884017,43.578045168],[-98.989884017,43.578045256],[-98.989884017,43.578045261],[-98.989884017,43.578045265],[-98.989884016,43.57804527],[-98.989884014,43.578045274],[-98.989884013,43.578045279],[-98.989884011,43.578045283],[-98.989884009,43.578045288],[-98.989884007,43.578045292],[-98.989884003,43.578045297],[-98.989884001,43.5780453],[-98.989883997,43.578045305],[-98.989883993,43.578045308],[-98.989883989,43.578045312],[-98.989883985,43.578045315],[-98.989883981,43.578045319],[-98.989883976,43.578045323],[-98.989883971,43.578045325],[-98.989883966,43.578045328],[-98.98988396,43.578045331],[-98.989883955,43.578045333],[-98.989883949,43.578045335],[-98.989883944,43.578045338],[-98.989883937,43.57804534],[-98.989883931,43.578045341],[-98.989883925,43.578045342],[-98.989883919,43.578045343],[-98.989883913,43.578045344],[-98.989883905,43.578045345],[-98.989883899,43.578045345],[-98.989883893,43.578045345],[-98.989772549,43.578044989],[-98.989772548,43.578045077],[-98.989772548,43.578045081],[-98.989772548,43.578045086],[-98.989772547,43.57804509],[-98.989772546,43.578045095],[-98.989772544,43.5780451],[-98.989772542,43.578045105],[-98.989772541,43.578045108],[-98.989772538,43.578045113],[-98.989772534,43.578045117],[-98.989772532,43.578045122],[-98.989772528,43.578045125],[-98.989772524,43.578045129],[-98.989772521,43.578045134],[-98.989772516,43.578045136],[-98.989772512,43.57804514],[-98.989772507,43.578045143],[-98.989772502,43.578045146],[-98.989772497,43.578045149],[-98.989772491,43.578045152],[-98.989772486,43.578045154],[-98.98977248,43.578045157],[-98.989772475,43.578045159],[-98.989772469,43.578045161],[-98.989772463,43.578045161],[-98.989772456,43.578045163],[-98.98977245,43.578045164],[-98.989772444,43.578045165],[-98.989772437,43.578045166],[-98.98977243,43.578045166],[-98.989772424,43.578045166],[-98.98966108,43.57804481],[-98.989661079,43.578044898],[-98.989661079,43.578044902],[-98.989661079,43.578044907],[-98.989661078,43.578044911],[-98.989661077,43.578044916],[-98.989661076,43.578044921],[-98.989661073,43.578044925],[-98.989661072,43.57804493],[-98.989661069,43.578044934],[-98.989661066,43.578044938],[-98.989661063,43.578044943],[-98.989661059,43.578044946],[-98.989661056,43.578044951],[-98.989661052,43.578044954],[-98.989661047,43.578044958],[-98.989661043,43.578044961],[-98.989661038,43.578044964],[-98.989661033,43.578044967],[-98.989661029,43.57804497],[-98.989661022,43.578044973],[-98.989661017,43.578044975],[-98.989661011,43.578044978],[-98.989661006,43.578044979],[-98.989661,43.578044981],[-98.989660994,43.578044983],[-98.989660988,43.578044984],[-98.989660981,43.578044985],[-98.989660975,43.578044986],[-98.989660968,43.578044987],[-98.989660962,43.578044987],[-98.989660955,43.578044987],[-98.989549611,43.57804463],[-98.989549611,43.578044718],[-98.989549611,43.578044723],[-98.989549611,43.578044727],[-98.989549609,43.578044733],[-98.989549608,43.578044737],[-98.989549607,43.578044742],[-98.989549604,43.578044746],[-98.989549603,43.578044751],[-98.989549599,43.578044755],[-98.989549597,43.578044759],[-98.989549594,43.578044763],[-98.989549591,43.578044767],[-98.989549587,43.578044771],[-98.989549583,43.578044775],[-98.989549578,43.578044778],[-98.989549575,43.578044782],[-98.98954957,43.578044785],[-98.989549565,43.578044788],[-98.98954956,43.578044791],[-98.989549554,43.578044794],[-98.989549549,43.578044796],[-98.989549542,43.578044798],[-98.989549538,43.5780448],[-98.989549531,43.578044802],[-98.989549525,43.578044804],[-98.989549519,43.578044805],[-98.989549513,43.578044805],[-98.989549507,43.578044806],[-98.989549499,43.578044807],[-98.989549493,43.578044807],[-98.989549487,43.578044808],[-98.989438142,43.578044451],[-98.989438142,43.578044539],[-98.989438142,43.578044543],[-98.989438142,43.578044549],[-98.989438141,43.578044553],[-98.989438139,43.578044558],[-98.989438138,43.578044562],[-98.989438136,43.578044567],[-98.989438133,43.578044571],[-98.989438131,43.578044576],[-98.989438128,43.57804458],[-98.989438126,43.578044584],[-98.989438122,43.578044588],[-98.989438118,43.578044592],[-98.989438115,43.578044595],[-98.98943811,43.578044599],[-98.989438106,43.578044603],[-98.989438101,43.578044605],[-98.989438096,43.578044609],[-98.989438091,43.578044612],[-98.989438085,43.578044614],[-98.98943808,43.578044617],[-98.989438074,43.578044619],[-98.989438069,43.578044621],[-98.989438063,43.578044622],[-98.989438056,43.578044624],[-98.98943805,43.578044625],[-98.989438044,43.578044627],[-98.989438038,43.578044628],[-98.98943803,43.578044628],[-98.989438024,43.578044629],[-98.989438018,43.578044629],[-98.989326674,43.578044272],[-98.989326673,43.578044359],[-98.989326673,43.578044364],[-98.989326673,43.578044369],[-98.989326672,43.578044373],[-98.989326671,43.578044378],[-98.989326669,43.578044382],[-98.989326667,43.578044387],[-98.989326664,43.578044391],[-98.989326662,43.578044396],[-98.98932666,43.5780444],[-98.989326657,43.578044404],[-98.989326653,43.578044409],[-98.98932665,43.578044412],[-98.989326646,43.578044416],[-98.989326641,43.578044419],[-98.989326637,43.578044423],[-98.989326632,43.578044427],[-98.989326627,43.578044429],[-98.989326622,43.578044432],[-98.989326616,43.578044435],[-98.989326611,43.578044437],[-98.989326605,43.578044439],[-98.9893266,43.578044441],[-98.989326594,43.578044443],[-98.989326588,43.578044445],[-98.989326582,43.578044446],[-98.989326575,43.578044447],[-98.989326568,43.578044448],[-98.989326562,43.578044448],[-98.989326555,43.578044449],[-98.989326549,43.578044449],[-98.989215205,43.578044092],[-98.989215204,43.57804418],[-98.989215204,43.578044185],[-98.989215204,43.578044189],[-98.989215203,43.578044194],[-98.989215202,43.578044198],[-98.989215201,43.578044203],[-98.989215198,43.578044207],[-98.989215196,43.578044212],[-98.989215193,43.578044216],[-98.989215191,43.578044221],[-98.989215188,43.578044224],[-98.989215185,43.578044229],[-98.989215181,43.578044232],[-98.989215177,43.578044236],[-98.989215172,43.57804424],[-98.989215169,43.578044243],[-98.989215164,43.578044247],[-98.989215159,43.578044249],[-98.989215154,43.578044252],[-98.989215147,43.578044255],[-98.989215143,43.578044258],[-98.989215136,43.578044259],[-98.989215131,43.578044262],[-98.989215125,43.578044264],[-98.989215119,43.578044265],[-98.989215113,43.578044267],[-98.989215107,43.578044267],[-98.989215099,43.578044268],[-98.989215093,43.578044269],[-98.989215087,43.578044269],[-98.989215081,43.578044269],[-98.989103736,43.578043912],[-98.989103736,43.578044],[-98.989103736,43.578044005],[-98.989103736,43.578044009],[-98.989103735,43.578044014],[-98.989103733,43.578044018],[-98.989103732,43.578044024],[-98.98910373,43.578044028],[-98.989103727,43.578044033],[-98.989103725,43.578044036],[-98.989103722,43.578044041],[-98.98910372,43.578044045],[-98.989103716,43.578044049],[-98.989103712,43.578044053],[-98.989103708,43.578044057],[-98.989103704,43.578044061],[-98.9891037,43.578044063],[-98.989103695,43.578044067],[-98.98910369,43.57804407],[-98.989103685,43.578044072],[-98.989103679,43.578044075],[-98.989103674,43.578044078],[-98.989103668,43.57804408],[-98.989103663,43.578044082],[-98.989103656,43.578044084],[-98.98910365,43.578044086],[-98.989103644,43.578044087],[-98.989103638,43.578044088],[-98.98910363,43.578044089],[-98.989103624,43.578044089],[-98.989103618,43.578044089],[-98.989103612,43.578044089],[-98.988992144,43.578043732],[-98.988992137,43.578043732],[-98.988992131,43.578043732],[-98.988992125,43.578043731],[-98.988992118,43.57804373],[-98.988992112,43.578043729],[-98.988992106,43.578043728],[-98.9889921,43.578043726],[-98.988992094,43.578043724],[-98.988992087,43.578043722],[-98.988992083,43.57804372],[-98.988992076,43.578043718],[-98.988992071,43.578043715],[-98.988992066,43.578043712],[-98.988992061,43.578043709],[-98.988992057,43.578043706],[-98.988992052,43.578043702],[-98.988992048,43.578043699],[-98.988992044,43.578043695],[-98.98899204,43.578043691],[-98.988992037,43.578043687],[-98.988992034,43.578043683],[-98.988992032,43.578043678],[-98.988992029,43.578043674],[-98.988992027,43.57804367],[-98.988992024,43.578043665],[-98.988992023,43.57804366],[-98.988992022,43.578043656],[-98.988992022,43.578043651],[-98.988992021,43.578043647],[-98.988992021,43.578043642],[-98.988992022,43.578043353],[-98.988880678,43.578042996],[-98.988880672,43.578042995],[-98.988880666,43.578042995],[-98.98888066,43.578042994],[-98.988880652,43.578042993],[-98.988880646,43.578042992],[-98.98888064,43.578042991],[-98.988880634,43.578042989],[-98.988880629,43.578042987],[-98.988880623,43.578042985],[-98.988880616,43.578042983],[-98.988880611,43.57804298],[-98.988880606,43.578042978],[-98.9888806,43.578042975],[-98.988880595,43.578042972],[-98.988880592,43.578042969],[-98.988880587,43.578042965],[-98.988880583,43.578042961],[-98.988880579,43.578042958],[-98.988880576,43.578042954],[-98.988880572,43.57804295],[-98.988880568,43.578042946],[-98.988880566,43.578042942],[-98.988880563,43.578042937],[-98.988880561,43.578042933],[-98.988880559,43.578042928],[-98.988880558,43.578042924],[-98.988880557,43.578042919],[-98.988880556,43.578042915],[-98.988880556,43.578042909],[-98.988880556,43.578042905],[-98.988880559,43.57804228],[-98.988769215,43.578041923],[-98.988769209,43.578041923],[-98.988769202,43.578041922],[-98.988769196,43.578041922],[-98.98876919,43.578041921],[-98.988769184,43.578041919],[-98.988769178,43.578041919],[-98.988769171,43.578041917],[-98.988769165,43.578041915],[-98.988769159,43.578041913],[-98.988769154,43.57804191],[-98.988769148,43.578041909],[-98.988769143,43.578041906],[-98.988769138,43.578041902],[-98.988769133,43.5780419],[-98.988769128,43.578041896],[-98.988769123,43.578041893],[-98.988769119,43.57804189],[-98.988769116,43.578041885],[-98.988769112,43.578041882],[-98.988769108,43.578041878],[-98.988769106,43.578041874],[-98.988769102,43.578041869],[-98.9887691,43.578041865],[-98.988769098,43.57804186],[-98.988769096,43.578041856],[-98.988769095,43.578041851],[-98.988769093,43.578041847],[-98.988769092,43.578041842],[-98.988769092,43.578041838],[-98.988769092,43.578041833],[-98.988769096,43.578041209],[-98.988657752,43.57804085],[-98.988657745,43.57804085],[-98.988657739,43.57804085],[-98.988657733,43.57804085],[-98.988657726,43.578040849],[-98.98865772,43.578040848],[-98.988657714,43.578040846],[-98.988657708,43.578040845],[-98.988657702,43.578040843],[-98.988657695,43.578040841],[-98.98865769,43.578040839],[-98.988657684,43.578040836],[-98.988657679,43.578040833],[-98.988657674,43.578040831],[-98.988657669,43.578040827],[-98.988657664,43.578040824],[-98.988657661,43.578040821],[-98.988657656,43.578040817],[-98.988657652,43.578040814],[-98.988657648,43.578040809],[-98.988657645,43.578040805],[-98.988657642,43.578040801],[-98.98865764,43.578040797],[-98.988657637,43.578040793],[-98.988657635,43.578040788],[-98.988657632,43.578040784],[-98.988657631,43.578040779],[-98.98865763,43.578040775],[-98.98865763,43.578040769],[-98.988657629,43.578040765],[-98.988657629,43.57804076],[-98.988657632,43.578040136],[-98.988546289,43.578039779],[-98.988546283,43.578039779],[-98.988546275,43.578039778],[-98.988546269,43.578039777],[-98.988546263,43.578039777],[-98.988546257,43.578039775],[-98.98854625,43.578039774],[-98.988546244,43.578039772],[-98.988546238,43.578039771],[-98.988546233,43.578039769],[-98.988546227,43.578039766],[-98.988546222,43.578039763],[-98.988546216,43.578039761],[-98.988546211,43.578039758],[-98.988546206,43.578039755],[-98.988546201,43.578039752],[-98.988546197,43.578039748],[-98.988546192,43.578039744],[-98.988546188,43.578039741],[-98.988546185,43.578039737],[-98.988546182,43.578039733],[-98.988546179,43.578039729],[-98.988546176,43.578039725],[-98.988546174,43.57803972],[-98.988546171,43.578039716],[-98.98854617,43.578039711],[-98.988546167,43.578039707],[-98.988546167,43.578039702],[-98.988546166,43.578039698],[-98.988546165,43.578039693],[-98.988546165,43.578039688],[-98.988546169,43.578039063],[-98.988434825,43.578038706],[-98.988434819,43.578038706],[-98.988434813,43.578038706],[-98.988434805,43.578038705],[-98.988434799,43.578038704],[-98.988434793,43.578038703],[-98.988434787,43.578038701],[-98.988434781,43.5780387],[-98.988434776,43.578038698],[-98.988434769,43.578038696],[-98.988434763,43.578038694],[-98.988434758,43.578038691],[-98.988434752,43.578038689],[-98.988434747,43.578038686],[-98.988434742,43.578038682],[-98.988434739,43.57803868],[-98.988434734,43.578038676],[-98.98843473,43.578038673],[-98.988434725,43.578038669],[-98.988434721,43.578038664],[-98.988434719,43.578038661],[-98.988434715,43.578038656],[-98.988434713,43.578038652],[-98.98843471,43.578038648],[-98.988434708,43.578038644],[-98.988434706,43.578038639],[-98.988434705,43.578038635],[-98.988434704,43.578038629],[-98.988434703,43.578038625],[-98.988434703,43.57803862],[-98.988434703,43.578038616],[-98.988434706,43.578037991],[-98.988323362,43.578037634],[-98.988323355,43.578037633],[-98.988323349,43.578037633],[-98.988323343,43.578037632],[-98.988323337,43.578037631],[-98.988323329,43.57803763],[-98.988323323,43.578037629],[-98.988323318,43.578037628],[-98.988323312,43.578037626],[-98.988323306,43.578037624],[-98.9883233,43.578037621],[-98.988323295,43.578037619],[-98.98832329,43.578037616],[-98.988323285,43.578037613],[-98.98832328,43.57803761],[-98.988323275,43.578037607],[-98.98832327,43.578037603],[-98.988323266,43.5780376],[-98.988323263,43.578037596],[-98.988323259,43.578037592],[-98.988323255,43.578037588],[-98.988323251,43.578037584],[-98.988323249,43.57803758],[-98.988323246,43.578037575],[-98.988323245,43.578037571],[-98.988323243,43.578037566],[-98.988323242,43.578037562],[-98.98832324,43.578037557],[-98.988323239,43.578037553],[-98.988323239,43.578037547],[-98.988323239,43.578037543],[-98.988323243,43.578036919],[-98.988211899,43.578036561],[-98.988211892,43.578036561],[-98.988211886,43.57803656],[-98.988211879,43.57803656],[-98.988211873,43.578036559],[-98.988211867,43.578036558],[-98.988211861,43.578036556],[-98.988211855,43.578036555],[-98.988211849,43.578036553],[-98.988211842,43.578036551],[-98.988211837,43.578036548],[-98.988211831,43.578036546],[-98.988211826,43.578036544],[-98.988211821,43.578036541],[-98.988211816,43.578036537],[-98.988211811,43.578036534],[-98.988211806,43.578036531],[-98.988211803,43.578036527],[-98.988211799,43.578036523],[-98.988211795,43.578036519],[-98.988211792,43.578036516],[-98.988211789,43.578036511],[-98.988211785,43.578036507],[-98.988211783,43.578036502],[-98.988211782,43.578036499],[-98.988211779,43.578036494],[-98.988211778,43.578036489],[-98.988211777,43.578036484],[-98.988211777,43.57803648],[-98.988211775,43.578036475],[-98.988211775,43.578036471],[-98.988211779,43.578035846],[-98.988100436,43.578035488],[-98.98810043,43.578035488],[-98.988100422,43.578035488],[-98.988100416,43.578035487],[-98.98810041,43.578035486],[-98.988100404,43.578035485],[-98.988100397,43.578035483],[-98.988100391,43.578035482],[-98.988100385,43.57803548],[-98.988100379,43.578035478],[-98.988100374,43.578035476],[-98.988100368,43.578035473],[-98.988100363,43.578035471],[-98.988100358,43.578035468],[-98.988100353,43.578035465],[-98.988100348,43.578035462],[-98.988100344,43.578035458],[-98.988100339,43.578035454],[-98.988100335,43.578035451],[-98.988100332,43.578035447],[-98.988100328,43.578035443],[-98.988100326,43.578035438],[-98.988100323,43.578035435],[-98.988100321,43.57803543],[-98.988100318,43.578035426],[-98.988100317,43.578035421],[-98.988100314,43.578035417],[-98.988100313,43.578035412],[-98.988100313,43.578035408],[-98.988100312,43.578035402],[-98.988100312,43.578035398],[-98.988100316,43.578034773],[-98.987988972,43.578034415],[-98.987988966,43.578034415],[-98.98798896,43.578034414],[-98.987988952,43.578034414],[-98.987988946,43.578034414],[-98.98798894,43.578034412],[-98.987988934,43.578034411],[-98.987988928,43.578034409],[-98.987988921,43.578034407],[-98.987988916,43.578034405],[-98.98798891,43.578034403],[-98.987988905,43.578034401],[-98.987988899,43.578034398],[-98.987988894,43.578034395],[-98.987988889,43.578034392],[-98.987988884,43.578034388],[-98.987988881,43.578034385],[-98.987988876,43.578034382],[-98.987988872,43.578034377],[-98.987988868,43.578034374],[-98.987988866,43.57803437],[-98.987988862,43.578034366],[-98.987988859,43.578034361],[-98.987988857,43.578034357],[-98.987988855,43.578034352],[-98.987988853,43.578034348],[-98.987988852,43.578034343],[-98.987988851,43.578034339],[-98.98798885,43.578034334],[-98.98798885,43.57803433],[-98.987988848,43.578034324],[-98.987988852,43.5780337],[-98.987877509,43.578033342],[-98.987877502,43.578033342],[-98.987877496,43.578033342],[-98.98787749,43.578033341],[-98.987877483,43.57803334],[-98.987877476,43.578033339],[-98.98787747,43.578033337],[-98.987877464,43.578033337],[-98.987877459,43.578033335],[-98.987877453,43.578033332],[-98.987877447,43.57803333],[-98.987877442,43.578033328],[-98.987877437,43.578033325],[-98.987877431,43.578033322],[-98.987877426,43.578033319],[-98.987877422,43.578033316],[-98.987877417,43.578033312],[-98.987877413,43.578033309],[-98.98787741,43.578033305],[-98.987877406,43.578033301],[-98.987877402,43.578033297],[-98.987877398,43.578033292],[-98.987877396,43.578033289],[-98.987877393,43.578033284],[-98.987877391,43.57803328],[-98.98787739,43.578033275],[-98.987877388,43.578033271],[-98.987877387,43.578033266],[-98.987877386,43.578033261],[-98.987877386,43.578033256],[-98.987877386,43.578033252],[-98.98787739,43.578032628],[-98.987766045,43.578032269],[-98.987766039,43.578032269],[-98.987766033,43.578032269],[-98.987766026,43.578032268],[-98.98776602,43.578032267],[-98.987766014,43.578032266],[-98.987766008,43.578032265],[-98.987766002,43.578032263],[-98.987765996,43.578032261],[-98.987765989,43.578032259],[-98.987765984,43.578032257],[-98.987765978,43.578032254],[-98.987765973,43.578032251],[-98.987765968,43.578032249],[-98.987765963,43.578032246],[-98.987765958,43.578032242],[-98.987765953,43.578032239],[-98.98776595,43.578032235],[-98.987765946,43.578032232],[-98.987765942,43.578032228],[-98.987765939,43.578032223],[-98.987765936,43.57803222],[-98.987765932,43.578032215],[-98.98776593,43.578032211],[-98.987765929,43.578032206],[-98.987765926,43.578032202],[-98.987765925,43.578032197],[-98.987765924,43.578032193],[-98.987765922,43.578032188],[-98.987765922,43.578032184],[-98.987765922,43.578032178],[-98.987765926,43.578031554],[-98.987654583,43.578031196],[-98.987654575,43.578031196],[-98.987654569,43.578031196],[-98.987654563,43.578031195],[-98.987654557,43.578031194],[-98.987654551,43.578031193],[-98.987654544,43.578031191],[-98.987654538,43.57803119],[-98.987654532,43.578031188],[-98.987654526,43.578031186],[-98.987654521,43.578031184],[-98.987654515,43.578031181],[-98.98765451,43.578031179],[-98.987654505,43.578031176],[-98.9876545,43.578031172],[-98.987654495,43.57803117],[-98.987654491,43.578031166],[-98.987654486,43.578031163],[-98.987654482,43.578031159],[-98.987654479,43.578031154],[-98.987654475,43.578031151],[-98.987654473,43.578031146],[-98.98765447,43.578031142],[-98.987654468,43.578031138],[-98.987654465,43.578031134],[-98.987654463,43.578031129],[-98.987654461,43.578031125],[-98.98765446,43.578031119],[-98.98765446,43.578031115],[-98.987654459,43.57803111],[-98.987654459,43.578031106],[-98.987654463,43.578030481],[-98.987543119,43.578030123],[-98.987543113,43.578030122],[-98.987543106,43.578030122],[-98.987543099,43.578030121],[-98.987543093,43.57803012],[-98.987543087,43.578030119],[-98.987543081,43.578030119],[-98.987543075,43.578030117],[-98.987543068,43.578030115],[-98.987543063,43.578030112],[-98.987543057,43.57803011],[-98.987543051,43.578030108],[-98.987543046,43.578030105],[-98.987543041,43.578030102],[-98.987543036,43.5780301],[-98.987543031,43.578030096],[-98.987543028,43.578030092],[-98.987543023,43.578030089],[-98.987543019,43.578030085],[-98.987543015,43.578030082],[-98.987543013,43.578030077],[-98.987543009,43.578030074],[-98.987543007,43.578030069],[-98.987543004,43.578030065],[-98.987543002,43.57803006],[-98.987543,43.578030056],[-98.987542998,43.578030051],[-98.987542997,43.578030046],[-98.987542997,43.578030042],[-98.987542995,43.578030037],[-98.987542995,43.578030032],[-98.987542999,43.578029408],[-98.987431656,43.578029049],[-98.987431649,43.578029049],[-98.987431643,43.578029048],[-98.987431636,43.578029048],[-98.98743163,43.578029047],[-98.987431623,43.578029046],[-98.987431617,43.578029045],[-98.987431611,43.578029043],[-98.987431605,43.578029041],[-98.9874316,43.578029039],[-98.987431594,43.578029037],[-98.987431589,43.578029035],[-98.987431583,43.578029032],[-98.987431578,43.578029029],[-98.987431573,43.578029026],[-98.987431569,43.578029022],[-98.987431564,43.57802902],[-98.98743156,43.578029016],[-98.987431555,43.578029011],[-98.987431552,43.578029008],[-98.987431549,43.578029004],[-98.987431545,43.578029],[-98.987431543,43.578028995],[-98.98743154,43.578028991],[-98.987431538,43.578028987],[-98.987431537,43.578028982],[-98.987431536,43.578028977],[-98.987431534,43.578028973],[-98.987431533,43.578028968],[-98.987431533,43.578028964],[-98.987431533,43.578028959],[-98.987431537,43.578028335],[-98.987320192,43.578027975],[-98.987320186,43.578027975],[-98.98732018,43.578027975],[-98.987320174,43.578027974],[-98.987320167,43.578027974],[-98.98732016,43.578027973],[-98.987320154,43.578027971],[-98.987320149,43.57802797],[-98.987320143,43.578027968],[-98.987320136,43.578027965],[-98.98732013,43.578027964],[-98.987320125,43.578027961],[-98.98732012,43.578027958],[-98.987320114,43.578027956],[-98.98732011,43.578027952],[-98.987320105,43.578027949],[-98.9873201,43.578027946],[-98.987320097,43.578027942],[-98.987320093,43.578027938],[-98.987320089,43.578027935],[-98.987320086,43.57802793],[-98.987320082,43.578027926],[-98.987320079,43.578027922],[-98.987320077,43.578027918],[-98.987320076,43.578027913],[-98.987320073,43.578027909],[-98.987320072,43.578027904],[-98.987320071,43.5780279],[-98.98732007,43.578027894],[-98.98732007,43.57802789],[-98.98732007,43.578027885],[-98.987320073,43.578027261],[-98.98720873,43.578026902],[-98.987208722,43.578026902],[-98.987208716,43.578026901],[-98.98720871,43.578026901],[-98.987208704,43.5780269],[-98.987208698,43.578026899],[-98.987208691,43.578026898],[-98.987208685,43.578026896],[-98.987208679,43.578026894],[-98.987208673,43.578026892],[-98.987208668,43.57802689],[-98.987208662,43.578026887],[-98.987208657,43.578026885],[-98.987208652,43.578026882],[-98.987208647,43.578026879],[-98.987208642,43.578026875],[-98.987208637,43.578026872],[-98.987208633,43.578026868],[-98.98720863,43.578026864],[-98.987208626,43.578026861],[-98.987208622,43.578026856],[-98.98720862,43.578026853],[-98.987208616,43.578026848],[-98.987208613,43.578026844],[-98.987208612,43.578026839],[-98.98720861,43.578026835],[-98.987208608,43.57802683],[-98.987208607,43.578026826],[-98.987208606,43.578026821],[-98.987208606,43.578026817],[-98.987208606,43.578026811],[-98.98720861,43.578026187],[-98.987097266,43.578025828],[-98.98709726,43.578025828],[-98.987097253,43.578025828],[-98.987097246,43.578025827],[-98.98709724,43.578025826],[-98.987097234,43.578025825],[-98.987097228,43.578025824],[-98.987097222,43.578025822],[-98.987097216,43.57802582],[-98.987097209,43.578025818],[-98.987097204,43.578025816],[-98.987097198,43.578025814],[-98.987097193,43.578025811],[-98.987097188,43.578025808],[-98.987097183,43.578025805],[-98.987097178,43.578025802],[-98.987097175,43.578025798],[-98.98709717,43.578025795],[-98.987097166,43.578025791],[-98.987097162,43.578025787],[-98.987097159,43.578025783],[-98.987097156,43.578025779],[-98.987097154,43.578025775],[-98.987097151,43.57802577],[-98.987097149,43.578025766],[-98.987097146,43.578025761],[-98.987097145,43.578025757],[-98.987097144,43.578025752],[-98.987097144,43.578025747],[-98.987097142,43.578025743],[-98.987097142,43.578025738],[-98.987097146,43.578025114],[-98.986985803,43.578024755],[-98.986985797,43.578024755],[-98.98698579,43.578024754],[-98.986985783,43.578024753],[-98.986985777,43.578024752],[-98.986985771,43.578024751],[-98.986985764,43.57802475],[-98.986985758,43.578024748],[-98.986985752,43.578024747],[-98.986985747,43.578024745],[-98.986985741,43.578024742],[-98.986985736,43.578024739],[-98.98698573,43.578024737],[-98.986985725,43.578024734],[-98.98698572,43.578024731],[-98.986985715,43.578024728],[-98.986985711,43.578024724],[-98.986985706,43.578024721],[-98.986985702,43.578024717],[-98.986985699,43.578024713],[-98.986985696,43.578024709],[-98.986985693,43.578024705],[-98.98698569,43.578024701],[-98.986985688,43.578024696],[-98.986985685,43.578024692],[-98.986985684,43.578024687],[-98.986985683,43.578024683],[-98.986985681,43.578024678],[-98.98698568,43.578024674],[-98.98698568,43.578024669],[-98.986985679,43.578024664],[-98.986985683,43.578024039],[-98.986874339,43.57802368],[-98.986874333,43.57802368],[-98.986874327,43.57802368],[-98.986874321,43.57802368],[-98.986874313,43.578023679],[-98.986874307,43.578023678],[-98.986874301,43.578023676],[-98.986874295,43.578023674],[-98.98687429,43.578023672],[-98.986874284,43.578023671],[-98.986874277,43.578023669],[-98.986874272,43.578023666],[-98.986874267,43.578023663],[-98.986874261,43.578023661],[-98.986874256,43.578023657],[-98.986874253,43.578023654],[-98.986874248,43.578023651],[-98.986874244,43.578023647],[-98.986874239,43.578023644],[-98.986874236,43.578023639],[-98.986874233,43.578023635],[-98.986874229,43.578023631],[-98.986874227,43.578023626],[-98.986874224,43.578023623],[-98.986874222,43.578023618],[-98.98687422,43.578023614],[-98.986874219,43.578023608],[-98.986874218,43.578023604],[-98.986874217,43.578023599],[-98.986874217,43.578023595],[-98.986874217,43.57802359],[-98.98687422,43.578022966],[-98.986762876,43.578022607],[-98.98676287,43.578022606],[-98.986762863,43.578022606],[-98.986762857,43.578022605],[-98.986762851,43.578022604],[-98.986762845,43.578022603],[-98.986762839,43.578022602],[-98.986762832,43.578022601],[-98.986762826,43.578022599],[-98.98676282,43.578022596],[-98.986762814,43.578022594],[-98.986762809,43.578022592],[-98.986762804,43.578022589],[-98.986762799,43.578022586],[-98.986762794,43.578022584],[-98.986762789,43.57802258],[-98.986762784,43.578022576],[-98.98676278,43.578022573],[-98.986762777,43.578022569],[-98.986762773,43.578022565],[-98.986762769,43.578022561],[-98.986762767,43.578022557],[-98.986762763,43.578022553],[-98.986762761,43.578022548],[-98.986762759,43.578022544],[-98.986762757,43.578022539],[-98.986762756,43.578022535],[-98.986762754,43.57802253],[-98.986762753,43.578022526],[-98.986762753,43.57802252],[-98.986762753,43.578022516],[-98.986762757,43.578021892],[-98.986651413,43.578021532],[-98.986651406,43.578021532],[-98.9866514,43.578021531],[-98.986651394,43.578021531],[-98.986651387,43.578021531],[-98.986651381,43.578021529],[-98.986651375,43.578021528],[-98.986651369,43.578021526],[-98.986651363,43.578021524],[-98.986651356,43.578021522],[-98.986651352,43.57802152],[-98.986651345,43.578021518],[-98.98665134,43.578021515],[-98.986651335,43.578021512],[-98.98665133,43.578021509],[-98.986651326,43.578021505],[-98.986651321,43.578021503],[-98.986651317,43.578021499],[-98.986651313,43.578021495],[-98.986651309,43.578021491],[-98.986651306,43.578021487],[-98.986651303,43.578021483],[-98.986651301,43.578021478],[-98.986651298,43.578021474],[-98.986651296,43.578021469],[-98.986651293,43.578021465],[-98.986651292,43.57802146],[-98.986651291,43.578021456],[-98.986651291,43.578021451],[-98.98665129,43.578021447],[-98.98665129,43.578021442],[-98.986651293,43.578020818],[-98.98653995,43.578020458],[-98.986539944,43.578020458],[-98.986539936,43.578020458],[-98.98653993,43.578020457],[-98.986539924,43.578020456],[-98.986539918,43.578020455],[-98.986539912,43.578020453],[-98.986539905,43.578020452],[-98.986539899,43.578020451],[-98.986539894,43.578020448],[-98.986539888,43.578020446],[-98.986539882,43.578020443],[-98.986539877,43.578020441],[-98.986539872,43.578020438],[-98.986539867,43.578020434],[-98.986539862,43.578020432],[-98.986539858,43.578020428],[-98.986539853,43.578020424],[-98.98653985,43.578020421],[-98.986539846,43.578020416],[-98.986539842,43.578020413],[-98.98653984,43.578020408],[-98.986539837,43.578020405],[-98.986539835,43.5780204],[-98.986539832,43.578020396],[-98.986539831,43.578020391],[-98.986539829,43.578020387],[-98.986539827,43.578020382],[-98.986539827,43.578020377],[-98.986539826,43.578020372],[-98.986539826,43.578020368],[-98.98653983,43.578019743],[-98.986428486,43.578019384],[-98.98642848,43.578019384],[-98.986428474,43.578019383],[-98.986428467,43.578019383],[-98.98642846,43.578019382],[-98.986428454,43.57801938],[-98.986428448,43.578019379],[-98.986428442,43.578019378],[-98.986428436,43.578019376],[-98.986428431,43.578019374],[-98.986428425,43.578019371],[-98.98642842,43.578019369],[-98.986428413,43.578019366],[-98.986428408,43.578019363],[-98.986428403,43.57801936],[-98.9864284,43.578019357],[-98.986428395,43.578019353],[-98.986428391,43.57801935],[-98.986428386,43.578019346],[-98.986428382,43.578019342],[-98.98642838,43.578019338],[-98.986428376,43.578019334],[-98.986428374,43.57801933],[-98.986428371,43.578019325],[-98.986428369,43.578019321],[-98.986428368,43.578019316],[-98.986428366,43.578019312],[-98.986428365,43.578019307],[-98.986428364,43.578019303],[-98.986428364,43.578019298],[-98.986428364,43.578019293],[-98.986428368,43.578018669],[-98.986317023,43.578018309],[-98.986317017,43.578018309],[-98.986317011,43.578018309],[-98.986317004,43.578018308],[-98.986316998,43.578018307],[-98.986316991,43.578018306],[-98.986316985,43.578018304],[-98.98631698,43.578018303],[-98.986316973,43.578018301],[-98.986316967,43.578018299],[-98.986316961,43.578018297],[-98.986316956,43.578018295],[-98.986316951,43.578018292],[-98.986316945,43.578018289],[-98.986316941,43.578018286],[-98.986316936,43.578018283],[-98.986316931,43.578018279],[-98.986316928,43.578018276],[-98.986316924,43.578018272],[-98.98631692,43.578018268],[-98.986316916,43.578018264],[-98.986316913,43.578018259],[-98.98631691,43.578018256],[-98.986316908,43.578018251],[-98.986316907,43.578018247],[-98.986316904,43.578018242],[-98.986316903,43.578018238],[-98.986316902,43.578018232],[-98.9863169,43.578018228],[-98.9863169,43.578018223],[-98.9863169,43.578018219],[-98.986316904,43.578017595],[-98.986205561,43.578017235],[-98.986205553,43.578017234],[-98.986205547,43.578017234],[-98.986205541,43.578017233],[-98.986205535,43.578017232],[-98.986205528,43.578017231],[-98.986205522,43.57801723],[-98.986205516,43.578017229],[-98.98620551,43.578017227],[-98.986205504,43.578017225],[-98.986205499,43.578017222],[-98.986205493,43.57801722],[-98.986205488,43.578017217],[-98.986205483,43.578017214],[-98.986205478,43.578017211],[-98.986205473,43.578017208],[-98.986205468,43.578017204],[-98.986205464,43.578017201],[-98.98620546,43.578017197],[-98.986205457,43.578017193],[-98.986205453,43.578017189],[-98.98620545,43.578017185],[-98.986205447,43.578017181],[-98.986205444,43.578017176],[-98.986205443,43.578017172],[-98.986205441,43.578017167],[-98.986205439,43.578017163],[-98.986205438,43.578017158],[-98.986205437,43.578017154],[-98.986205437,43.578017148],[-98.986205437,43.578017144],[-98.986205441,43.57801652],[-98.986094097,43.57801616],[-98.986094091,43.57801616],[-98.986094084,43.578016159],[-98.986094077,43.578016159],[-98.986094071,43.578016158],[-98.986094065,43.578016157],[-98.986094059,43.578016155],[-98.986094053,43.578016153],[-98.986094046,43.578016152],[-98.98609404,43.57801615],[-98.986094035,43.578016147],[-98.986094029,43.578016145],[-98.986094024,43.578016143],[-98.986094019,43.57801614],[-98.986094014,43.578016136],[-98.986094009,43.578016133],[-98.986094006,43.57801613],[-98.986094001,43.578016126],[-98.986093997,43.578016123],[-98.986093993,43.578016118],[-98.986093989,43.578016115],[-98.986093987,43.57801611],[-98.986093985,43.578016106],[-98.986093982,43.578016102],[-98.98609398,43.578016098],[-98.986093977,43.578016093],[-98.986093976,43.578016088],[-98.986093975,43.578016083],[-98.986093975,43.578016079],[-98.986093973,43.578016074],[-98.986093973,43.57801607],[-98.986093977,43.578015445],[-98.985982634,43.578015085],[-98.985982628,43.578015085],[-98.985982621,43.578015085],[-98.985982614,43.578015084],[-98.985982608,43.578015083],[-98.985982602,43.578015082],[-98.985982595,43.57801508],[-98.985982589,43.578015079],[-98.985982583,43.578015077],[-98.985982578,43.578015075],[-98.985982572,43.578015073],[-98.985982567,43.57801507],[-98.985982561,43.578015067],[-98.985982556,43.578015065],[-98.985982551,43.578015062],[-98.985982546,43.578015058],[-98.985982542,43.578015055],[-98.985982537,43.578015051],[-98.985982533,43.578015048],[-98.98598253,43.578015044],[-98.985982527,43.57801504],[-98.985982523,43.578015036],[-98.985982521,43.578015031],[-98.985982519,43.578015027],[-98.985982516,43.578015022],[-98.985982515,43.578015018],[-98.985982512,43.578015013],[-98.985982512,43.578015009],[-98.985982511,43.578015004],[-98.985982511,43.578014999],[-98.98598251,43.578014995],[-98.985982516,43.578014068],[-98.985871173,43.578013707],[-98.985871165,43.578013707],[-98.985871159,43.578013707],[-98.985871153,43.578013706],[-98.985871147,43.578013705],[-98.985871141,43.578013704],[-98.985871134,43.578013702],[-98.985871128,43.578013701],[-98.985871122,43.5780137],[-98.985871116,43.578013697],[-98.985871111,43.578013695],[-98.985871105,43.578013692],[-98.9858711,43.57801369],[-98.985871095,43.578013687],[-98.98587109,43.578013684],[-98.985871085,43.578013681],[-98.98587108,43.578013677],[-98.985871076,43.578013673],[-98.985871072,43.57801367],[-98.985871069,43.578013666],[-98.985871065,43.578013662],[-98.985871063,43.578013657],[-98.98587106,43.578013654],[-98.985871058,43.578013649],[-98.985871055,43.578013645],[-98.985871053,43.57801364],[-98.985871051,43.578013636],[-98.98587105,43.578013631],[-98.98587105,43.578013627],[-98.985871049,43.578013621],[-98.985871049,43.578013617],[-98.985871055,43.578012656],[-98.985759711,43.578012295],[-98.985759704,43.578012295],[-98.985759698,43.578012295],[-98.985759692,43.578012294],[-98.985759686,43.578012293],[-98.98575968,43.578012292],[-98.985759673,43.57801229],[-98.985759667,43.578012289],[-98.985759661,43.578012287],[-98.985759655,43.578012285],[-98.98575965,43.578012283],[-98.985759644,43.57801228],[-98.985759639,43.578012277],[-98.985759634,43.578012275],[-98.985759629,43.578012271],[-98.985759624,43.578012268],[-98.985759619,43.578012265],[-98.985759615,43.578012261],[-98.985759612,43.578012258],[-98.985759608,43.578012253],[-98.985759604,43.57801225],[-98.985759602,43.578012245],[-98.985759598,43.578012241],[-98.985759595,43.578012237],[-98.985759594,43.578012232],[-98.985759592,43.578012228],[-98.98575959,43.578012223],[-98.985759589,43.578012219],[-98.985759588,43.578012213],[-98.985759588,43.578012209],[-98.985759588,43.578012204],[-98.985759594,43.578011242],[-98.98564825,43.578010882],[-98.985648243,43.578010882],[-98.985648237,43.578010882],[-98.985648231,43.578010881],[-98.985648224,43.57801088],[-98.985648217,43.57801088],[-98.985648211,43.578010878],[-98.985648205,43.578010876],[-98.9856482,43.578010874],[-98.985648194,43.578010872],[-98.985648188,43.578010871],[-98.985648183,43.578010868],[-98.985648178,43.578010865],[-98.985648172,43.578010862],[-98.985648167,43.578010859],[-98.985648163,43.578010856],[-98.985648158,43.578010853],[-98.985648154,43.578010849],[-98.985648151,43.578010845],[-98.985648147,43.578010841],[-98.985648143,43.578010837],[-98.985648139,43.578010833],[-98.985648137,43.578010828],[-98.985648135,43.578010825],[-98.985648132,43.57801082],[-98.985648131,43.578010816],[-98.98564813,43.578010811],[-98.985648128,43.578010806],[-98.985648127,43.578010801],[-98.985648127,43.578010797],[-98.985648127,43.578010792],[-98.985648133,43.57800983],[-98.985536789,43.57800947],[-98.985536783,43.57800947],[-98.985536776,43.578009469],[-98.985536769,43.578009469],[-98.985536763,43.578009468],[-98.985536757,43.578009467],[-98.98553675,43.578009465],[-98.985536744,43.578009464],[-98.985536738,43.578009462],[-98.985536733,43.57800946],[-98.985536727,43.578009457],[-98.985536722,43.578009455],[-98.985536716,43.578009453],[-98.985536711,43.57800945],[-98.985536706,43.578009446],[-98.985536702,43.578009443],[-98.985536697,43.57800944],[-98.985536693,43.578009437],[-98.985536688,43.578009433],[-98.985536685,43.578009428],[-98.985536682,43.578009425],[-98.985536679,43.57800942],[-98.985536676,43.578009416],[-98.985536674,43.578009412],[-98.985536671,43.578009408],[-98.98553667,43.578009403],[-98.985536669,43.578009398],[-98.985536667,43.578009393],[-98.985536666,43.578009389],[-98.985536666,43.578009384],[-98.985536666,43.57800938],[-98.985536672,43.578008418],[-98.985425328,43.578008057],[-98.985425322,43.578008057],[-98.985425314,43.578008056],[-98.985425308,43.578008056],[-98.985425302,43.578008056],[-98.985425296,43.578008054],[-98.985425289,43.578008053],[-98.985425283,43.578008051],[-98.985425277,43.578008049],[-98.985425272,43.578008047],[-98.985425266,43.578008045],[-98.985425261,43.578008043],[-98.985425255,43.57800804],[-98.98542525,43.578008037],[-98.985425245,43.578008034],[-98.98542524,43.57800803],[-98.985425236,43.578008028],[-98.985425231,43.578008024],[-98.985425228,43.57800802],[-98.985425224,43.578008016],[-98.985425221,43.578008012],[-98.985425218,43.578008008],[-98.985425215,43.578008003],[-98.985425213,43.578007999],[-98.98542521,43.578007994],[-98.985425209,43.57800799],[-98.985425207,43.578007985],[-98.985425207,43.578007981],[-98.985425205,43.578007976],[-98.985425204,43.578007972],[-98.985425204,43.578007967],[-98.98542521,43.578007005],[-98.985313867,43.578006645],[-98.985313861,43.578006645],[-98.985313853,43.578006644],[-98.985313847,43.578006643],[-98.985313841,43.578006643],[-98.985313835,43.578006641],[-98.985313829,43.57800664],[-98.985313822,43.578006638],[-98.985313816,43.578006637],[-98.98531381,43.578006635],[-98.985313805,43.578006632],[-98.985313799,43.578006629],[-98.985313794,43.578006627],[-98.985313789,43.578006624],[-98.985313784,43.578006621],[-98.985313779,43.578006618],[-98.985313775,43.578006614],[-98.98531377,43.578006611],[-98.985313767,43.578006607],[-98.985313763,43.578006603],[-98.985313759,43.578006599],[-98.985313757,43.578006595],[-98.985313754,43.578006591],[-98.985313752,43.578006586],[-98.985313749,43.578006582],[-98.985313747,43.578006577],[-98.985313746,43.578006573],[-98.985313744,43.578006568],[-98.985313744,43.578006564],[-98.985313743,43.578006559],[-98.985313743,43.578006554],[-98.985313749,43.578005593],[-98.985202406,43.578005232],[-98.985202399,43.578005232],[-98.985202392,43.578005231],[-98.985202386,43.57800523],[-98.98520238,43.578005229],[-98.985202374,43.578005228],[-98.985202368,43.578005228],[-98.985202361,43.578005226],[-98.985202355,43.578005224],[-98.985202349,43.578005222],[-98.985202344,43.578005219],[-98.985202338,43.578005217],[-98.985202333,43.578005214],[-98.985202328,43.578005211],[-98.985202323,43.578005209],[-98.985202318,43.578005205],[-98.985202313,43.578005201],[-98.985202309,43.578005198],[-98.985202306,43.578005194],[-98.985202302,43.578005191],[-98.985202298,43.578005186],[-98.985202296,43.578005182],[-98.985202292,43.578005178],[-98.98520229,43.578005173],[-98.985202288,43.578005169],[-98.985202286,43.578005164],[-98.985202285,43.57800516],[-98.985202283,43.578005155],[-98.985202282,43.578005151],[-98.985202282,43.578005146],[-98.985202282,43.578005141],[-98.985202288,43.57800418],[-98.985090944,43.578003819],[-98.985090938,43.578003818],[-98.985090932,43.578003818],[-98.985090925,43.578003817],[-98.985090919,43.578003816],[-98.985090913,43.578003816],[-98.985090907,43.578003814],[-98.985090901,43.578003813],[-98.985090894,43.578003811],[-98.985090888,43.578003808],[-98.985090882,43.578003807],[-98.985090877,43.578003804],[-98.985090872,43.578003801],[-98.985090867,43.578003798],[-98.985090862,43.578003796],[-98.985090857,43.578003792],[-98.985090852,43.578003789],[-98.985090849,43.578003785],[-98.985090845,43.578003781],[-98.985090841,43.578003778],[-98.985090837,43.578003773],[-98.985090835,43.57800377],[-98.985090831,43.578003765],[-98.985090829,43.578003761],[-98.985090828,43.578003756],[-98.985090825,43.578003752],[-98.985090824,43.578003747],[-98.985090823,43.578003743],[-98.985090821,43.578003738],[-98.985090821,43.578003733],[-98.985090821,43.578003728],[-98.985092007,43.577810368],[-98.984980788,43.577810007],[-98.984979764,43.577976863],[-98.984979763,43.577976868],[-98.984979763,43.577976872],[-98.984979762,43.577976877],[-98.984979761,43.577976881],[-98.984979759,43.577976887],[-98.984979758,43.577976891],[-98.984979756,43.577976896],[-98.984979753,43.577976899],[-98.984979751,43.577976904],[-98.984979747,43.577976908],[-98.984979743,43.577976912],[-98.98497974,43.577976915],[-98.984979736,43.57797692],[-98.984979732,43.577976924],[-98.984979727,43.577976926],[-98.984979722,43.57797693],[-98.984979717,43.577976933],[-98.984979712,43.577976935],[-98.984979707,43.577976938],[-98.984979701,43.577976941],[-98.984979696,43.577976943],[-98.98497969,43.577976945],[-98.984979684,43.577976947],[-98.984979678,43.577976949],[-98.984979671,43.57797695],[-98.984979665,43.577976951],[-98.984979659,43.577976951],[-98.984979653,43.577976952],[-98.984979645,43.577976952],[-98.984979639,43.577976952],[-98.984868295,43.577976591],[-98.984868152,43.577999852],[-98.984868152,43.577999856],[-98.984868152,43.577999861],[-98.984868151,43.577999865],[-98.98486815,43.57799987],[-98.984868149,43.577999875],[-98.984868146,43.577999879],[-98.984868145,43.577999884],[-98.984868143,43.577999888],[-98.984868139,43.577999892],[-98.984868136,43.577999897],[-98.984868133,43.5779999],[-98.984868129,43.577999904],[-98.984868125,43.577999908],[-98.98486812,43.577999912],[-98.984868117,43.577999915],[-98.984868112,43.577999918],[-98.984868107,43.577999921],[-98.984868102,43.577999924],[-98.984868097,43.577999926],[-98.984868091,43.577999929],[-98.984868084,43.577999932],[-98.984868079,43.577999933],[-98.984868073,43.577999935],[-98.984868067,43.577999937],[-98.984868061,43.577999938],[-98.984868055,43.577999939],[-98.984868048,43.57799994],[-98.984868041,43.577999941],[-98.984868035,43.577999941],[-98.984868029,43.577999941],[-98.984756561,43.577999579],[-98.984756555,43.577999579],[-98.984756548,43.577999579],[-98.984756541,43.577999578],[-98.984756535,43.577999577],[-98.984756529,43.577999576],[-98.984756523,43.577999575],[-98.984756517,43.577999573],[-98.984756511,43.577999571],[-98.984756506,43.577999569],[-98.984756499,43.577999567],[-98.984756493,43.577999565],[-98.984756488,43.577999562],[-98.984756483,43.577999559],[-98.984756478,43.577999556],[-98.984756473,43.577999553],[-98.98475647,43.577999549],[-98.984756465,43.577999546],[-98.984756461,43.577999542],[-98.984756457,43.577999538],[-98.984756454,43.577999534],[-98.984756451,43.57799953],[-98.984756449,43.577999525],[-98.984756446,43.577999522],[-98.984756444,43.577999517],[-98.984756442,43.577999513],[-98.98475644,43.577999507],[-98.984756439,43.577999503],[-98.984756439,43.577999498],[-98.984756437,43.577999494],[-98.984756437,43.577999489],[-98.984756443,43.577998527],[-98.9846451,43.577998166],[-98.984645093,43.577998166],[-98.984645087,43.577998165],[-98.984645081,43.577998165],[-98.984645074,43.577998164],[-98.984645068,43.577998162],[-98.984645062,43.577998161],[-98.984645056,43.57799816],[-98.98464505,43.577998158],[-98.984645043,43.577998156],[-98.984645038,43.577998153],[-98.984645032,43.577998151],[-98.984645027,43.577998149],[-98.984645022,43.577998145],[-98.984645017,43.577998142],[-98.984645012,43.577998139],[-98.984645009,43.577998136],[-98.984645004,43.577998133],[-98.984645,43.577998128],[-98.984644996,43.577998124],[-98.984644993,43.577998121],[-98.98464499,43.577998116],[-98.984644988,43.577998112],[-98.984644985,43.577998107],[-98.984644983,43.577998103],[-98.98464498,43.577998098],[-98.984644979,43.577998094],[-98.984644978,43.577998089],[-98.984644978,43.577998085],[-98.984644977,43.57799808],[-98.984644977,43.577998076],[-98.984649218,43.577307345],[-98.984649218,43.577307341],[-98.984649219,43.577307336],[-98.984649219,43.577307332],[-98.984649221,43.577307327],[-98.984649223,43.577307323],[-98.984649224,43.577307318],[-98.984649227,43.577307314],[-98.984649229,43.577307309],[-98.984649232,43.577307305],[-98.984649236,43.5773073],[-98.984649238,43.577307297],[-98.984649242,43.577307293],[-98.984649247,43.577307289],[-98.98464925,43.577307286],[-98.984649255,43.577307282],[-98.984649259,43.577307279],[-98.984649264,43.577307276],[-98.98464927,43.577307273],[-98.984649275,43.57730727],[-98.98464928,43.577307268],[-98.984649286,43.577307266],[-98.984649293,43.577307263],[-98.984649299,43.577307261],[-98.984649305,43.577307261],[-98.984649311,43.577307259],[-98.984649317,43.577307258],[-98.984649323,43.577307257],[-98.98464933,43.577307256],[-98.984649336,43.577307256],[-98.984649342,43.577307256],[-98.984760685,43.577307617],[-98.98476116,43.577230255],[-98.984761161,43.577230249],[-98.984761161,43.577230245],[-98.984761162,43.57723024],[-98.984761163,43.577230236],[-98.984761165,43.577230231],[-98.984761166,43.577230227],[-98.984761168,43.577230222],[-98.984761171,43.577230218],[-98.984761173,43.577230213],[-98.984761177,43.57723021],[-98.984761181,43.577230205],[-98.984761184,43.577230202],[-98.984761188,43.577230198],[-98.984761192,43.577230194],[-98.984761197,43.577230191],[-98.984761202,43.577230187],[-98.984761207,43.577230184],[-98.984761212,43.577230182],[-98.984761217,43.577230179],[-98.984761223,43.577230176],[-98.984761228,43.577230175],[-98.984761234,43.577230172],[-98.98476124,43.57723017],[-98.984761246,43.577230169],[-98.984761252,43.577230167],[-98.984761259,43.577230166],[-98.984761265,43.577230166],[-98.984761271,43.577230165],[-98.984761278,43.577230165],[-98.984761285,43.577230165],[-98.984872627,43.577230526],[-98.984873102,43.577153167],[-98.984873102,43.577153162],[-98.984873102,43.577153158],[-98.984873103,43.577153152],[-98.984873104,43.577153148],[-98.984873106,43.577153143],[-98.984873108,43.577153139],[-98.984873109,43.577153134],[-98.984873112,43.57715313],[-98.984873115,43.577153126],[-98.984873118,43.577153122],[-98.984873122,43.577153118],[-98.984873125,43.577153114],[-98.984873129,43.57715311],[-98.984873134,43.577153106],[-98.984873138,43.577153103],[-98.984873143,43.5771531],[-98.984873148,43.577153097],[-98.984873153,43.577153094],[-98.984873159,43.577153091],[-98.984873164,43.577153089],[-98.98487317,43.577153087],[-98.984873175,43.577153085],[-98.984873181,43.577153083],[-98.984873187,43.577153081],[-98.984873194,43.57715308],[-98.9848732,43.577153079],[-98.984873206,43.577153079],[-98.984873213,43.577153078],[-98.98487322,43.577153078],[-98.984873226,43.577153077],[-98.984984568,43.577153439],[-98.984985591,43.576986583],[-98.984985591,43.576986578],[-98.984985593,43.576986573],[-98.984985594,43.576986568],[-98.984985595,43.576986564],[-98.984985596,43.576986559],[-98.984985597,43.576986555],[-98.9849856,43.57698655],[-98.984985602,43.576986546],[-98.984985605,43.576986542],[-98.984985609,43.576986538],[-98.984985612,43.576986533],[-98.984985616,43.57698653],[-98.98498562,43.576986526],[-98.984985623,43.576986522],[-98.984985628,43.576986519],[-98.984985633,43.576986516],[-98.984985638,43.576986512],[-98.984985643,43.57698651],[-98.984985648,43.576986507],[-98.984985654,43.576986504],[-98.984985659,43.576986503],[-98.984985666,43.576986501],[-98.984985672,43.576986499],[-98.984985678,43.576986497],[-98.984985684,43.576986496],[-98.98498569,43.576986494],[-98.984985697,43.576986494],[-98.984985703,43.576986494],[-98.984985709,43.576986493],[-98.984985716,43.576986493],[-98.985097058,43.576986854],[-98.985099648,43.576564515],[-98.985099648,43.576564511],[-98.985099648,43.57656451],[-98.985101046,43.576336591],[-98.984989705,43.576336229],[-98.984989699,43.576336229],[-98.984989693,43.576336229],[-98.984989686,43.576336228],[-98.98498968,43.576336228],[-98.984989673,43.576336227],[-98.984989667,43.576336225],[-98.98498966,43.576336224],[-98.984989655,43.576336222],[-98.984989649,43.576336219],[-98.984989643,43.576336218],[-98.984989638,43.576336215],[-98.984989633,43.576336212],[-98.984989627,43.57633621],[-98.984989622,43.576336207],[-98.984989618,43.576336203],[-98.984989613,43.5763362],[-98.98498961,43.576336196],[-98.984989606,43.576336192],[-98.984989602,43.576336189],[-98.984989598,43.576336184],[-98.984989595,43.576336181],[-98.984989592,43.576336176],[-98.98498959,43.576336172],[-98.984989587,43.576336167],[-98.984989586,43.576336163],[-98.984989585,43.576336158],[-98.984989584,43.576336154],[-98.984989582,43.576336149],[-98.984989582,43.576336144],[-98.984989582,43.576336139],[-98.984990246,43.576227991],[-98.984878906,43.57622763],[-98.984878898,43.57622763],[-98.984878892,43.576227629],[-98.984878886,43.576227629],[-98.98487888,43.576227628],[-98.984878873,43.576227626],[-98.984878867,43.576227625],[-98.984878861,43.576227623],[-98.984878855,43.576227622],[-98.984878849,43.57622762],[-98.984878844,43.576227617],[-98.984878837,43.576227615],[-98.984878833,43.576227613],[-98.984878828,43.576227609],[-98.984878823,43.576227606],[-98.984878818,43.576227603],[-98.984878813,43.576227599],[-98.984878809,43.576227596],[-98.984878805,43.576227592],[-98.984878802,43.576227588],[-98.984878798,43.576227585],[-98.984878795,43.57622758],[-98.984878792,43.576227576],[-98.984878789,43.576227571],[-98.984878788,43.576227567],[-98.984878785,43.576227562],[-98.984878784,43.576227558],[-98.984878783,43.576227553],[-98.984878782,43.576227549],[-98.984878782,43.576227544],[-98.984878782,43.576227539],[-98.98487892,43.576204984],[-98.98476758,43.576204623],[-98.984767574,43.576204623],[-98.984767567,43.576204623],[-98.98476756,43.576204622],[-98.984767554,43.576204621],[-98.984767548,43.57620462],[-98.984767541,43.576204618],[-98.984767535,43.576204617],[-98.984767529,43.576204615],[-98.984767524,43.576204613],[-98.984767518,43.576204611],[-98.984767513,43.576204608],[-98.984767507,43.576204606],[-98.984767502,43.576204603],[-98.984767497,43.576204599],[-98.984767492,43.576204597],[-98.984767488,43.576204593],[-98.984767483,43.576204589],[-98.984767479,43.576204586],[-98.984767476,43.576204581],[-98.984767473,43.576204578],[-98.98476747,43.576204573],[-98.984767467,43.57620457],[-98.984767465,43.576204565],[-98.984767462,43.576204561],[-98.984767461,43.576204556],[-98.98476746,43.576204552],[-98.984767458,43.576204546],[-98.984767457,43.576204542],[-98.984767457,43.576204537],[-98.984767456,43.576204533],[-98.984767543,43.576190283],[-98.984656204,43.576189922],[-98.984656197,43.576189921],[-98.984656191,43.576189921],[-98.984656184,43.57618992],[-98.984656178,43.576189919],[-98.984656171,43.576189919],[-98.984656165,43.576189918],[-98.984656159,43.576189916],[-98.984656153,43.576189914],[-98.984656148,43.576189911],[-98.984656142,43.576189909],[-98.984656137,43.576189907],[-98.984656131,43.576189904],[-98.984656126,43.576189901],[-98.984656121,43.576189899],[-98.984656116,43.576189895],[-98.984656112,43.576189891],[-98.984656107,43.576189888],[-98.984656103,43.576189884],[-98.9846561,43.576189881],[-98.984656097,43.576189876],[-98.984656093,43.576189873],[-98.984656091,43.576189868],[-98.984656088,43.576189864],[-98.984656086,43.576189859],[-98.984656085,43.576189855],[-98.984656083,43.57618985],[-98.984656082,43.576189846],[-98.984656081,43.576189841],[-98.984656081,43.576189836],[-98.98465608,43.576189831],[-98.984656153,43.576177899],[-98.984544813,43.576177538],[-98.984544807,43.576177537],[-98.984544801,43.576177537],[-98.984544793,43.576177536],[-98.984544787,43.576177535],[-98.984544781,43.576177534],[-98.984544775,43.576177534],[-98.984544769,43.576177532],[-98.984544762,43.57617753],[-98.984544758,43.576177527],[-98.984544751,43.576177525],[-98.984544746,43.576177523],[-98.98454474,43.57617752],[-98.984544735,43.576177517],[-98.98454473,43.576177515],[-98.984544725,43.576177511],[-98.984544722,43.576177507],[-98.984544717,43.576177504],[-98.984544713,43.5761775],[-98.984544709,43.576177497],[-98.984544707,43.576177492],[-98.984544703,43.576177489],[-98.984544701,43.576177484],[-98.984544698,43.57617748],[-98.984544696,43.576177475],[-98.984544694,43.576177471],[-98.984544692,43.576177466],[-98.984544692,43.576177462],[-98.984544691,43.576177457],[-98.984544691,43.576177452],[-98.984544689,43.576177447],[-98.984544721,43.576172322],[-98.984433505,43.576171961],[-98.984433502,43.576172453],[-98.984433502,43.576172458],[-98.984433502,43.576172463],[-98.9844335,43.576172467],[-98.984433499,43.576172472],[-98.984433498,43.576172476],[-98.984433495,43.576172481],[-98.984433493,43.576172485],[-98.98443349,43.57617249],[-98.984433488,43.576172494],[-98.984433485,43.576172498],[-98.984433482,43.576172502],[-98.984433478,43.576172506],[-98.984433474,43.576172509],[-98.984433469,43.576172513],[-98.984433466,43.576172517],[-98.984433461,43.57617252],[-98.984433456,43.576172523],[-98.984433451,43.576172526],[-98.984433445,43.576172528],[-98.98443344,43.576172531],[-98.984433433,43.576172533],[-98.984433429,43.576172536],[-98.984433422,43.576172537],[-98.984433416,43.576172538],[-98.98443341,43.57617254],[-98.984433404,43.576172541],[-98.984433396,43.576172542],[-98.98443339,43.576172542],[-98.984433384,43.576172543],[-98.984433378,43.576172543],[-98.984322037,43.576172181],[-98.984321995,43.576179038],[-98.984321995,43.576179043],[-98.984321994,43.576179047],[-98.984321994,43.576179052],[-98.984321992,43.576179056],[-98.984321991,43.576179061],[-98.984321989,43.576179065],[-98.984321986,43.57617907],[-98.984321984,43.576179074],[-98.984321981,43.576179079],[-98.984321978,43.576179083],[-98.984321975,43.576179087],[-98.984321971,43.576179091],[-98.984321966,43.576179094],[-98.984321963,43.576179098],[-98.984321958,43.576179101],[-98.984321954,43.576179105],[-98.984321949,43.576179108],[-98.984321943,43.57617911],[-98.984321938,43.576179113],[-98.984321933,43.576179116],[-98.984321927,43.576179118],[-98.984321921,43.57617912],[-98.984321914,43.576179121],[-98.984321909,43.576179123],[-98.984321903,43.576179125],[-98.984321896,43.576179126],[-98.98432189,43.576179127],[-98.984321883,43.576179127],[-98.984321877,43.576179128],[-98.984321871,43.576179128],[-98.98421053,43.576178766],[-98.984210468,43.576188906],[-98.984210468,43.576188911],[-98.984210468,43.576188916],[-98.984210466,43.57618892],[-98.984210465,43.576188925],[-98.984210464,43.576188929],[-98.984210461,43.576188934],[-98.984210459,43.576188938],[-98.984210456,43.576188943],[-98.984210454,43.576188947],[-98.984210452,43.576188951],[-98.984210448,43.576188956],[-98.984210444,43.576188959],[-98.98421044,43.576188963],[-98.984210435,43.576188966],[-98.984210432,43.57618897],[-98.984210427,43.576188973],[-98.984210422,43.576188976],[-98.984210417,43.576188979],[-98.984210411,43.576188982],[-98.984210406,43.576188984],[-98.9842104,43.576188986],[-98.984210395,43.576188988],[-98.984210388,43.57618899],[-98.984210382,43.576188992],[-98.984210376,43.576188993],[-98.98421037,43.576188994],[-98.984210362,43.576188995],[-98.984210356,43.576188995],[-98.98421035,43.576188996],[-98.984210344,43.576188996],[-98.984099003,43.576188634],[-98.984098834,43.576216116],[-98.984098834,43.57621612],[-98.984098833,43.576216125],[-98.984098833,43.576216129],[-98.984098832,43.576216135],[-98.98409883,43.576216139],[-98.984098828,43.576216144],[-98.984098825,43.576216148],[-98.984098823,43.576216152],[-98.984098821,43.576216156],[-98.984098817,43.576216161],[-98.984098814,43.576216164],[-98.984098811,43.576216169],[-98.984098806,43.576216172],[-98.984098802,43.576216176],[-98.984098797,43.576216179],[-98.984098793,43.576216182],[-98.984098788,43.576216185],[-98.984098782,43.576216189],[-98.984098777,43.576216191],[-98.984098772,43.576216193],[-98.984098766,43.576216196],[-98.98409876,43.576216198],[-98.984098754,43.576216199],[-98.984098749,43.576216201],[-98.984098741,43.576216202],[-98.984098735,43.576216203],[-98.984098729,43.576216204],[-98.984098723,43.576216205],[-98.984098716,43.576216205],[-98.98409871,43.576216205],[-98.98398737,43.576215843],[-98.983987014,43.576273666],[-98.983987013,43.57627367],[-98.983987013,43.576273675],[-98.983987012,43.576273679],[-98.98398701,43.576273684],[-98.983987009,43.576273689],[-98.983987008,43.576273693],[-98.983987006,43.576273698],[-98.983987003,43.576273702],[-98.983987001,43.576273706],[-98.983986997,43.576273711],[-98.983986993,43.576273714],[-98.983986989,43.576273718],[-98.983986986,43.576273722],[-98.983986982,43.576273726],[-98.983986977,43.576273729],[-98.983986972,43.576273732],[-98.983986967,43.576273735],[-98.983986962,43.576273738],[-98.983986957,43.57627374],[-98.983986951,43.576273743],[-98.983986946,43.576273746],[-98.98398694,43.576273747],[-98.983986934,43.576273749],[-98.983986927,43.576273751],[-98.983986921,43.576273752],[-98.983986915,43.576273753],[-98.983986909,43.576273754],[-98.983986903,43.576273755],[-98.983986895,43.576273755],[-98.983986889,43.576273755],[-98.983875549,43.576273393],[-98.983873842,43.57655072],[-98.983873842,43.576550725],[-98.983873842,43.576550725],[-98.983871375,43.576951596],[-98.983982718,43.576951958],[-98.983982724,43.576951959],[-98.98398273,43.576951959],[-98.983982736,43.57695196],[-98.983982744,43.576951961],[-98.98398275,43.576951962],[-98.983982756,43.576951962],[-98.983982762,43.576951964],[-98.983982767,43.576951966],[-98.983982773,43.576951969],[-98.98398278,43.576951971],[-98.983982784,43.576951973],[-98.983982789,43.576951976],[-98.983982796,43.576951979],[-98.983982801,43.576951981],[-98.983982804,43.576951985],[-98.983982809,43.576951989],[-98.983982813,43.576951992],[-98.983982817,43.576951996],[-98.98398282,43.576951999],[-98.983982824,43.576952004],[-98.983982828,43.576952007],[-98.98398283,43.576952012],[-98.983982833,43.576952016],[-98.983982835,43.576952021],[-98.983982836,43.576952025],[-98.983982838,43.57695203],[-98.983982839,43.576952034],[-98.98398284,43.576952039],[-98.98398284,43.576952044],[-98.98398284,43.576952049],[-98.983982463,43.577013433],[-98.984093805,43.577013795],[-98.984093811,43.577013795],[-98.984093818,43.577013795],[-98.984093824,43.577013796],[-98.984093831,43.577013797],[-98.984093837,43.577013798],[-98.984093844,43.5770138],[-98.98409385,43.577013802],[-98.984093855,43.577013803],[-98.984093861,43.577013805],[-98.984093867,43.577013807],[-98.984093872,43.57701381],[-98.984093877,43.577013812],[-98.984093883,43.577013815],[-98.984093888,43.577013819],[-98.984093892,43.577013821],[-98.984093897,43.577013825],[-98.984093901,43.577013829],[-98.984093904,43.577013832],[-98.984093908,43.577013837],[-98.984093912,43.57701384],[-98.984093915,43.577013845],[-98.984093918,43.577013849],[-98.98409392,43.577013853],[-98.984093923,43.577013857],[-98.984093924,43.577013862],[-98.984093925,43.577013866],[-98.984093927,43.577013872],[-98.984093928,43.577013876],[-98.984093928,43.577013881],[-98.984093928,43.577013885],[-98.984088865,43.577837219],[-98.984088865,43.577837224],[-98.984088865,43.577837228],[-98.984088863,43.577837234],[-98.984088862,43.577837238],[-98.984088861,43.577837243],[-98.984088858,43.577837247],[-98.984088856,43.577837252],[-98.984088853,43.577837256],[-98.984088851,43.57783726],[-98.984088849,43.577837264],[-98.984088845,43.577837268],[-98.984088841,43.577837273],[-98.984088837,43.577837276],[-98.984088832,43.57783728],[-98.984088829,43.577837282],[-98.984088824,43.577837286],[-98.984088819,43.577837289],[-98.984088814,43.577837292],[-98.984088808,43.577837295],[-98.984088803,43.577837297],[-98.984088796,43.5778373],[-98.98408879,43.577837301],[-98.984088785,43.577837303],[-98.984088779,43.577837305],[-98.984088773,43.577837306],[-98.984088767,43.577837307],[-98.984088759,43.577837308],[-98.984088753,43.577837309],[-98.984088747,43.577837309],[-98.984088741,43.577837309],[-98.983977274,43.577836946],[-98.983977266,43.577836946],[-98.98397726,43.577836946],[-98.983977254,43.577836945],[-98.983977248,43.577836944],[-98.983977242,43.577836944],[-98.983977235,43.577836942],[-98.983977229,43.57783694],[-98.983977223,43.577836938],[-98.983977217,43.577836936],[-98.983977212,43.577836935],[-98.983977206,43.577836932],[-98.983977201,43.577836929],[-98.983977196,43.577836926],[-98.983977191,43.577836923],[-98.983977186,43.57783692],[-98.983977181,43.577836917],[-98.983977177,43.577836913],[-98.983977173,43.577836909],[-98.98397717,43.577836905],[-98.983977166,43.577836901],[-98.983977164,43.577836897],[-98.98397716,43.577836893],[-98.983977157,43.577836889],[-98.983977156,43.577836884],[-98.983977154,43.57783688],[-98.983977152,43.577836875],[-98.983977151,43.577836871],[-98.98397715,43.577836865],[-98.98397715,43.577836861],[-98.98397715,43.577836856],[-98.983977528,43.577775472],[-98.983866308,43.57777511],[-98.983865004,43.577987127],[-98.983865004,43.577987133],[-98.983865002,43.577987137],[-98.983865002,43.577987142],[-98.983865001,43.577987146],[-98.983864999,43.577987151],[-98.983864997,43.577987155],[-98.983864995,43.57798716],[-98.983864992,43.577987164],[-98.98386499,43.577987169],[-98.983864986,43.577987172],[-98.983864982,43.577987177],[-98.98386498,43.577987181],[-98.983864975,43.577987184],[-98.983864971,43.577987188],[-98.983864966,43.577987191],[-98.983864961,43.577987195],[-98.983864956,43.577987198],[-98.983864952,43.5779872],[-98.983864947,43.577987203],[-98.98386494,43.577987206],[-98.983864935,43.577987208],[-98.983864929,43.57798721],[-98.983864923,43.577987212],[-98.983864917,43.577987213],[-98.983864911,43.577987215],[-98.983864904,43.577987216],[-98.983864898,43.577987217],[-98.983864892,43.577987217],[-98.983864886,43.577987217],[-98.983864878,43.577987217],[-98.983753411,43.577986855],[-98.983753405,43.577986855],[-98.983753399,43.577986854],[-98.983753393,43.577986854],[-98.983753385,43.577986853],[-98.983753379,43.577986851],[-98.983753373,43.57798685],[-98.983753367,43.577986849],[-98.983753362,43.577986847],[-98.983753355,43.577986845],[-98.983753349,43.577986842],[-98.983753344,43.577986841],[-98.983753339,43.577986838],[-98.983753333,43.577986834],[-98.983753328,43.577986832],[-98.983753324,43.577986828],[-98.983753319,43.577986824],[-98.983753316,43.577986821],[-98.983753312,43.577986817],[-98.983753308,43.577986814],[-98.983753305,43.57798681],[-98.983753301,43.577986805],[-98.983753298,43.577986801],[-98.983753296,43.577986796],[-98.983753293,43.577986792],[-98.983753292,43.577986787],[-98.983753291,43.577986783],[-98.98375329,43.577986778],[-98.983753289,43.577986774],[-98.983753289,43.577986769],[-98.983753289,43.577986764],[-98.983753294,43.577985803],[-98.98364195,43.577985441],[-98.983641944,43.577985441],[-98.983641938,43.57798544],[-98.983641931,43.577985439],[-98.983641924,43.577985438],[-98.983641918,43.577985437],[-98.983641912,43.577985436],[-98.983641906,43.577985434],[-98.9836419,43.577985433],[-98.983641895,43.577985431],[-98.983641888,43.577985428],[-98.983641883,43.577985425],[-98.983641877,43.577985423],[-98.983641872,43.57798542],[-98.983641867,43.577985417],[-98.983641862,43.577985414],[-98.983641859,43.57798541],[-98.983641855,43.577985406],[-98.98364185,43.577985403],[-98.983641846,43.577985399],[-98.983641844,43.577985395],[-98.98364184,43.577985391],[-98.983641838,43.577985387],[-98.983641835,43.577985382],[-98.983641833,43.577985378],[-98.983641831,43.577985373],[-98.98364183,43.577985369],[-98.983641829,43.577985364],[-98.983641828,43.57798536],[-98.983641828,43.577985355],[-98.983641828,43.57798535],[-98.983641834,43.577984389],[-98.983530489,43.577984026],[-98.983530483,43.577984025],[-98.983530476,43.577984025],[-98.98353047,43.577984025],[-98.983530463,43.577984024],[-98.983530457,43.577984023],[-98.983530451,43.577984022],[-98.983530445,43.57798402],[-98.983530439,43.577984018],[-98.983530434,43.577984016],[-98.983530428,43.577984014],[-98.983530423,43.577984011],[-98.983530416,43.577984008],[-98.983530411,43.577984006],[-98.983530407,43.577984003],[-98.983530402,43.577983999],[-98.983530398,43.577983996],[-98.983530393,43.577983992],[-98.983530389,43.577983989],[-98.983530385,43.577983985],[-98.983530383,43.57798398],[-98.983530379,43.577983977],[-98.983530377,43.577983972],[-98.983530374,43.577983968],[-98.983530372,43.577983963],[-98.983530371,43.577983959],[-98.983530368,43.577983954],[-98.983530367,43.57798395],[-98.983530367,43.577983945],[-98.983530366,43.57798394],[-98.983530366,43.577983935],[-98.983530372,43.577982974],[-98.983419029,43.577982611],[-98.983419021,43.577982611],[-98.983419015,43.577982611],[-98.983419009,43.57798261],[-98.983419003,43.577982609],[-98.983418996,43.577982608],[-98.98341899,43.577982607],[-98.983418984,43.577982606],[-98.983418978,43.577982604],[-98.983418972,43.577982601],[-98.983418967,43.577982599],[-98.983418961,43.577982597],[-98.983418956,43.577982594],[-98.983418951,43.577982591],[-98.983418946,43.577982588],[-98.983418941,43.577982585],[-98.983418937,43.577982581],[-98.983418932,43.577982578],[-98.983418928,43.577982574],[-98.983418925,43.57798257],[-98.983418921,43.577982566],[-98.983418918,43.577982561],[-98.983418916,43.577982558],[-98.983418914,43.577982553],[-98.983418911,43.577982549],[-98.983418909,43.577982544],[-98.983418907,43.57798254],[-98.983418906,43.577982535],[-98.983418906,43.57798253],[-98.983418905,43.577982525],[-98.983418905,43.577982521],[-98.983418911,43.577981559],[-98.983307568,43.577981196],[-98.98330756,43.577981196],[-98.983307554,43.577981196],[-98.983307548,43.577981196],[-98.983307542,43.577981195],[-98.983307536,43.577981194],[-98.983307529,43.577981192],[-98.983307523,43.577981191],[-98.983307517,43.577981189],[-98.983307511,43.577981187],[-98.983307506,43.577981185],[-98.9833075,43.577981182],[-98.983307495,43.577981179],[-98.98330749,43.577981177],[-98.983307485,43.577981173],[-98.98330748,43.57798117],[-98.983307475,43.577981167],[-98.983307471,43.577981163],[-98.983307468,43.57798116],[-98.983307464,43.577981155],[-98.98330746,43.577981151],[-98.983307458,43.577981147],[-98.983307454,43.577981143],[-98.983307451,43.577981139],[-98.98330745,43.577981134],[-98.983307448,43.57798113],[-98.983307447,43.577981125],[-98.983307445,43.577981121],[-98.983307444,43.577981115],[-98.983307444,43.577981111],[-98.983307444,43.577981106],[-98.98330745,43.577980144],[-98.983196106,43.577979782],[-98.9831961,43.577979782],[-98.983196093,43.577979782],[-98.983196087,43.577979781],[-98.983196081,43.57797978],[-98.983196075,43.577979779],[-98.983196067,43.577979777],[-98.983196062,43.577979775],[-98.983196056,43.577979774],[-98.98319605,43.577979772],[-98.983196044,43.57797977],[-98.983196039,43.577979767],[-98.983196034,43.577979765],[-98.983196029,43.577979762],[-98.983196024,43.577979758],[-98.983196019,43.577979756],[-98.983196014,43.577979752],[-98.98319601,43.577979748],[-98.983196007,43.577979745],[-98.983196003,43.57797974],[-98.983195999,43.577979737],[-98.983195997,43.577979732],[-98.983195993,43.577979728],[-98.983195991,43.577979724],[-98.983195989,43.57797972],[-98.983195987,43.577979715],[-98.983195986,43.577979711],[-98.983195984,43.577979705],[-98.983195983,43.577979701],[-98.983195983,43.577979696],[-98.983195983,43.577979692],[-98.983195989,43.57797873],[-98.983084645,43.577978367],[-98.983084639,43.577978367],[-98.983084633,43.577978366],[-98.983084626,43.577978366],[-98.983084619,43.577978365],[-98.983084613,43.577978364],[-98.983084607,43.577978362],[-98.9830846,43.577978361],[-98.983084595,43.577978359],[-98.983084589,43.577978357],[-98.983084583,43.577978354],[-98.983084578,43.577978353],[-98.983084572,43.57797835],[-98.983084567,43.577978347],[-98.983084562,43.577978344],[-98.983084558,43.57797834],[-98.983084553,43.577978337],[-98.98308455,43.577978334],[-98.983084545,43.577978329],[-98.983084542,43.577978326],[-98.983084539,43.577978322],[-98.983084535,43.577978317],[-98.983084532,43.577978313],[-98.98308453,43.577978308],[-98.983084527,43.577978305],[-98.983084526,43.5779783],[-98.983084525,43.577978295],[-98.983084524,43.57797829],[-98.983084522,43.577978286],[-98.983084522,43.577978281],[-98.983084522,43.577978277],[-98.983084546,43.577974389],[-98.982973202,43.577974027],[-98.982973196,43.577974027],[-98.982973189,43.577974027],[-98.982973183,43.577974026],[-98.982973176,43.577974025],[-98.98297317,43.577974024],[-98.982973164,43.577974022],[-98.982973158,43.57797402],[-98.982973152,43.577974019],[-98.982973147,43.577974017],[-98.98297314,43.577974015],[-98.982973136,43.577974012],[-98.982973129,43.57797401],[-98.982973124,43.577974007],[-98.982973119,43.577974003],[-98.982973114,43.577974001],[-98.982973111,43.577973997],[-98.982973106,43.577973993],[-98.982973102,43.57797399],[-98.982973098,43.577973985],[-98.982973096,43.577973982],[-98.982973092,43.577973977],[-98.98297309,43.577973973],[-98.982973087,43.577973969],[-98.982973085,43.577973964],[-98.982973084,43.57797396],[-98.982973081,43.577973955],[-98.982973081,43.57797395],[-98.98297308,43.577973946],[-98.982973079,43.577973941],[-98.982973079,43.577973937],[-98.982977494,43.577258327],[-98.982977494,43.577258322],[-98.982977494,43.577258318],[-98.982977494,43.577258317],[-98.982981907,43.576542718],[-98.982981907,43.576542713],[-98.982981907,43.576542708],[-98.982981908,43.576542708],[-98.982986321,43.575827108],[-98.982986321,43.575827104],[-98.982986321,43.575827104],[-98.982990735,43.575111499],[-98.982990735,43.575111494],[-98.982990735,43.575111494],[-98.982995148,43.574395889],[-98.982995148,43.574395885],[-98.982995148,43.574395885],[-98.982999561,43.57368028],[-98.983003976,43.57296467],[-98.983003976,43.572964666],[-98.983003976,43.57296466],[-98.983003976,43.57296466],[-98.983008389,43.572249061],[-98.983008389,43.572249055],[-98.983008389,43.572249051],[-98.98300839,43.572249046],[-98.983008391,43.572249042],[-98.983008393,43.572249037],[-98.983008395,43.572249033],[-98.983008398,43.572249028],[-98.9830084,43.572249024],[-98.983008403,43.572249019],[-98.983008405,43.572249016],[-98.983008409,43.572249011],[-98.983008413,43.572249007],[-98.983008416,43.572249004],[-98.983008421,43.572249],[-98.983008425,43.572248997],[-98.98300843,43.572248994],[-98.983008435,43.57224899],[-98.98300844,43.572248988],[-98.983008446,43.572248985],[-98.983008451,43.572248982],[-98.983008457,43.57224898],[-98.983008463,43.572248979],[-98.983008468,43.572248977],[-98.983008474,43.572248975],[-98.983008481,43.572248973],[-98.983008487,43.572248972],[-98.983008494,43.572248971],[-98.9830085,43.572248971],[-98.983008507,43.572248971],[-98.983008513,43.572248971],[-98.983119846,43.572249333],[-98.983119901,43.572240349],[-98.983119901,43.572240345],[-98.983119903,43.572240339],[-98.983119903,43.572240335],[-98.983119904,43.57224033],[-98.983119906,43.572240326],[-98.983119908,43.572240321],[-98.98311991,43.572240317],[-98.983119913,43.572240312],[-98.983119915,43.572240308],[-98.983119919,43.572240304],[-98.983119923,43.5722403],[-98.983119926,43.572240296],[-98.98311993,43.572240293],[-98.983119934,43.572240289],[-98.983119939,43.572240285],[-98.983119944,43.572240283],[-98.983119949,43.572240279],[-98.983119954,43.572240276],[-98.983119958,43.572240274],[-98.983119965,43.572240271],[-98.98311997,43.572240269],[-98.983119976,43.572240267],[-98.983119982,43.572240266],[-98.983119988,43.572240264],[-98.983119994,43.572240263],[-98.983120001,43.572240261],[-98.983120007,43.57224026],[-98.983120013,43.57224026],[-98.983120019,43.572240259],[-98.983120027,43.572240259],[-98.983231359,43.572240622],[-98.983231369,43.572239129],[-98.983231369,43.572239124],[-98.983231369,43.57223912],[-98.98323137,43.572239115],[-98.983231371,43.572239111],[-98.983231372,43.572239105],[-98.983231375,43.572239101],[-98.983231377,43.572239097],[-98.98323138,43.572239093],[-98.983231382,43.572239088],[-98.983231385,43.572239084],[-98.983231388,43.57223908],[-98.983231392,43.572239076],[-98.983231396,43.572239073],[-98.983231401,43.572239069],[-98.983231404,43.572239065],[-98.983231409,43.572239062],[-98.983231414,43.572239059],[-98.983231419,43.572239056],[-98.983231426,43.572239054],[-98.98323143,43.572239051],[-98.983231437,43.572239048],[-98.983231443,43.572239047],[-98.983231448,43.572239045],[-98.983231454,43.572239044],[-98.98323146,43.572239042],[-98.983231466,43.572239041],[-98.983231474,43.57223904],[-98.98323148,43.572239039],[-98.983231486,43.572239039],[-98.983231492,43.572239039],[-98.983342949,43.572239402],[-98.983342957,43.572239402],[-98.983342963,43.572239403],[-98.983342969,43.572239403],[-98.983342975,43.572239404],[-98.983342981,43.572239405],[-98.983342987,43.572239407],[-98.983342994,43.572239409],[-98.983343,43.57223941],[-98.983343006,43.572239412],[-98.983343011,43.572239415],[-98.983343017,43.572239417],[-98.983343022,43.572239419],[-98.983343027,43.572239422],[-98.983343032,43.572239426],[-98.983343037,43.572239429],[-98.983343042,43.572239432],[-98.983343046,43.572239436],[-98.983343049,43.57223944],[-98.98334305,43.57223944],[-98.983454406,43.572239803],[-98.983454413,43.572239803],[-98.983454419,43.572239804],[-98.983454426,43.572239804],[-98.983454432,43.572239805],[-98.983454438,43.572239807],[-98.983454444,43.572239808],[-98.98345445,43.572239809],[-98.983454457,43.572239811],[-98.983454463,43.572239813],[-98.983454468,43.572239816],[-98.983454474,43.572239817],[-98.983454479,43.57223982],[-98.983454484,43.572239824],[-98.983454489,43.572239826],[-98.983454494,43.57223983],[-98.983454499,43.572239833],[-98.983454502,43.572239836],[-98.983454506,43.572239841],[-98.983454506,43.572239841],[-98.983565862,43.572240204],[-98.98356587,43.572240204],[-98.983565876,43.572240204],[-98.983565882,43.572240204],[-98.983565888,43.572240205],[-98.983565895,43.572240207],[-98.983565901,43.572240208],[-98.983565907,43.57224021],[-98.983565913,43.572240212],[-98.983565919,43.572240213],[-98.983565924,43.572240216],[-98.983565931,43.572240218],[-98.983565936,43.572240221],[-98.983565941,43.572240224],[-98.983565945,43.572240227],[-98.98356595,43.572240231],[-98.983565955,43.572240233],[-98.983565959,43.572240237],[-98.983565963,43.572240241],[-98.983565963,43.572240242],[-98.983677319,43.572240604],[-98.983677327,43.572240604],[-98.983677333,43.572240605],[-98.983677339,43.572240605],[-98.983677345,43.572240606],[-98.983677351,43.572240608],[-98.983677358,43.572240609],[-98.983677364,43.57224061],[-98.98367737,43.572240612],[-98.983677376,43.572240614],[-98.983677381,43.572240617],[-98.983677387,43.572240618],[-98.983677392,43.572240621],[-98.983677397,43.572240625],[-98.983677402,43.572240627],[-98.983677407,43.572240631],[-98.983677412,43.572240635],[-98.983677416,43.572240638],[-98.983677419,43.572240642],[-98.98367742,43.572240642],[-98.983788776,43.572241004],[-98.983788783,43.572241004],[-98.983788789,43.572241005],[-98.983788796,43.572241005],[-98.983788802,43.572241006],[-98.983788808,43.572241008],[-98.983788814,43.572241009],[-98.98378882,43.572241011],[-98.983788827,43.572241012],[-98.983788833,43.572241014],[-98.983788838,43.572241017],[-98.983788844,43.57224102],[-98.983788849,43.572241022],[-98.983788854,43.572241025],[-98.983788859,43.572241028],[-98.983788864,43.572241031],[-98.983788869,43.572241035],[-98.983788872,43.572241039],[-98.983788876,43.572241042],[-98.983788877,43.572241042],[-98.983900233,43.572241405],[-98.98390024,43.572241405],[-98.983900246,43.572241405],[-98.983900252,43.572241406],[-98.983900259,43.572241407],[-98.983900265,43.572241408],[-98.983900271,43.572241409],[-98.983900277,43.572241411],[-98.983900283,43.572241413],[-98.98390029,43.572241414],[-98.983900294,43.572241417],[-98.983900301,43.57224142],[-98.983900306,43.572241423],[-98.983900311,43.572241425],[-98.983900316,43.572241428],[-98.98390032,43.572241432],[-98.983900325,43.572241435],[-98.983900329,43.572241439],[-98.983900333,43.572241442],[-98.983900333,43.572241443],[-98.984011689,43.572241805],[-98.984011697,43.572241805],[-98.984011703,43.572241806],[-98.984011709,43.572241807],[-98.984011715,43.572241807],[-98.984011721,43.572241808],[-98.984011728,43.572241809],[-98.984011734,43.572241811],[-98.98401174,43.572241813],[-98.984011746,43.572241815],[-98.984011751,43.572241817],[-98.984011757,43.57224182],[-98.984011762,43.572241823],[-98.984011767,43.572241825],[-98.984011772,43.572241828],[-98.984011777,43.572241832],[-98.984011782,43.572241835],[-98.984011786,43.572241839],[-98.98401179,43.572241843],[-98.98401179,43.572241843],[-98.984123146,43.572242205],[-98.984123153,43.572242206],[-98.98412316,43.572242206],[-98.984123166,43.572242207],[-98.984123172,43.572242207],[-98.984123178,43.572242208],[-98.984123184,43.572242209],[-98.984123191,43.572242211],[-98.984123197,43.572242213],[-98.984123203,43.572242215],[-98.984123208,43.572242217],[-98.984123214,43.57224222],[-98.984123219,43.572242223],[-98.984123224,43.572242225],[-98.984123229,43.572242228],[-98.984123234,43.572242232],[-98.984123239,43.572242235],[-98.984123243,43.572242239],[-98.984123246,43.572242243],[-98.984123247,43.572242243],[-98.984234603,43.572242605],[-98.98423461,43.572242606],[-98.984234616,43.572242606],[-98.984234622,43.572242606],[-98.984234629,43.572242607],[-98.984234635,43.572242608],[-98.984234641,43.572242609],[-98.984234647,43.572242611],[-98.984234653,43.572242613],[-98.98423466,43.572242615],[-98.984234665,43.572242617],[-98.984234671,43.57224262],[-98.984234676,43.572242623],[-98.984234681,43.572242625],[-98.984234686,43.572242628],[-98.984234691,43.572242632],[-98.984234696,43.572242635],[-98.984234699,43.572242639],[-98.984234703,43.572242642],[-98.984234703,43.572242643],[-98.984346059,43.572243004],[-98.984346067,43.572243005],[-98.984346073,43.572243005],[-98.984346079,43.572243006],[-98.984346085,43.572243007],[-98.984346092,43.572243008],[-98.984346098,43.57224301],[-98.984346104,43.572243011],[-98.98434611,43.572243013],[-98.984346116,43.572243015],[-98.984346121,43.572243017],[-98.984346127,43.57224302],[-98.984346132,43.572243022],[-98.984346137,43.572243025],[-98.984346142,43.572243028],[-98.984346147,43.572243031],[-98.984346152,43.572243035],[-98.984346156,43.572243039],[-98.98434616,43.572243042],[-98.98434616,43.572243043],[-98.984457516,43.572243405],[-98.984457524,43.572243405],[-98.98445753,43.572243405],[-98.984457536,43.572243406],[-98.984457542,43.572243407],[-98.984457548,43.572243408],[-98.984457554,43.572243409],[-98.984457561,43.57224341],[-98.984457567,43.572243412],[-98.984457573,43.572243415],[-98.984457578,43.572243417],[-98.984457584,43.572243419],[-98.984457589,43.572243422],[-98.984457594,43.572243425],[-98.984457599,43.572243428],[-98.984457604,43.572243431],[-98.984457609,43.572243435],[-98.984457613,43.572243438],[-98.984457616,43.572243442],[-98.98445762,43.572243446],[-98.984457624,43.57224345],[-98.984457626,43.572243455],[-98.98445763,43.572243458],[-98.984457632,43.572243463],[-98.984457634,43.572243467],[-98.984457636,43.572243472],[-98.984457636,43.572243472],[-98.984568973,43.572243833],[-98.98456898,43.572243833],[-98.984568986,43.572243834],[-98.984568993,43.572243834],[-98.984568999,43.572243835],[-98.984569005,43.572243837],[-98.984569011,43.572243838],[-98.984569017,43.57224384],[-98.984569024,43.572243841],[-98.98456903,43.572243843],[-98.984569035,43.572243846],[-98.984569041,43.572243848],[-98.984569046,43.57224385],[-98.984569051,43.572243854],[-98.984569056,43.572243857],[-98.984569061,43.57224386],[-98.984569064,43.572243863],[-98.984569069,43.572243867],[-98.984569073,43.572243871],[-98.984569077,43.572243875],[-98.984569081,43.572243878],[-98.984569083,43.572243883],[-98.984569085,43.572243887],[-98.984569088,43.572243892],[-98.98456909,43.572243896],[-98.984569093,43.572243901],[-98.984569094,43.572243905],[-98.984569095,43.57224391],[-98.984569095,43.572243914],[-98.984569097,43.572243919],[-98.984569097,43.572243923],[-98.984569096,43.572244026],[-98.984680429,43.572244387],[-98.984680436,43.572244387],[-98.984680442,43.572244387],[-98.984680448,43.572244388],[-98.984680454,43.572244389],[-98.98468046,43.57224439],[-98.984680467,43.572244391],[-98.984680473,43.572244393],[-98.984680479,43.572244395],[-98.984680485,43.572244397],[-98.98468049,43.572244399],[-98.984680496,43.572244401],[-98.984680501,43.572244404],[-98.984680506,43.572244407],[-98.984680511,43.57224441],[-98.984680516,43.572244413],[-98.984680521,43.572244417],[-98.984680525,43.57224442],[-98.984680529,43.572244424],[-98.984680532,43.572244428],[-98.984680536,43.572244432],[-98.984680538,43.572244436],[-98.984680542,43.572244441],[-98.984680545,43.572244444],[-98.984680546,43.572244449],[-98.984680548,43.572244453],[-98.98468055,43.572244458],[-98.984680551,43.572244463],[-98.984680552,43.572244468],[-98.984680552,43.572244472],[-98.984680552,43.572244477],[-98.984680551,43.57224458],[-98.984791885,43.572244941],[-98.984791891,43.572244941],[-98.984791897,43.572244941],[-98.984791903,43.572244942],[-98.984791911,43.572244943],[-98.984791917,43.572244944],[-98.984791923,43.572244946],[-98.984791929,43.572244947],[-98.984791934,43.572244949],[-98.984791941,43.572244951],[-98.984791947,43.572244953],[-98.984791952,43.572244955],[-98.984791958,43.572244958],[-98.984791963,43.572244961],[-98.984791968,43.572244964],[-98.984791972,43.572244967],[-98.984791977,43.572244971],[-98.98479198,43.572244974],[-98.984791985,43.572244978],[-98.984791988,43.572244982],[-98.984791991,43.572244986],[-98.984791995,43.572244991],[-98.984791998,43.572244994],[-98.984792,43.572244999],[-98.984792003,43.572245003],[-98.984792004,43.572245008],[-98.984792005,43.572245012],[-98.984792006,43.572245018],[-98.984792007,43.572245022],[-98.984792007,43.572245027],[-98.984792007,43.572245031],[-98.984792007,43.572245134],[-98.98490334,43.572245495],[-98.984903346,43.572245495],[-98.984903354,43.572245495],[-98.98490336,43.572245496],[-98.984903366,43.572245497],[-98.984903373,43.572245498],[-98.984903379,43.5722455],[-98.984903385,43.572245501],[-98.984903391,43.572245502],[-98.984903396,43.572245505],[-98.984903402,43.572245507],[-98.984903407,43.57224551],[-98.984903413,43.572245512],[-98.984903418,43.572245515],[-98.984903423,43.572245519],[-98.984903428,43.572245521],[-98.984903432,43.572245525],[-98.984903437,43.572245529],[-98.984903441,43.572245532],[-98.984903444,43.572245537],[-98.984903447,43.57224554],[-98.984903451,43.572245545],[-98.984903453,43.572245548],[-98.984903455,43.572245553],[-98.984903458,43.572245557],[-98.984903459,43.572245562],[-98.984903462,43.572245566],[-98.984903462,43.572245571],[-98.984903463,43.572245576],[-98.984903464,43.572245581],[-98.984903464,43.572245585],[-98.984903463,43.572245687],[-98.985014796,43.572246049],[-98.985014803,43.572246049],[-98.985014809,43.572246049],[-98.985014816,43.57224605],[-98.985014822,43.572246051],[-98.985014828,43.572246052],[-98.985014834,43.572246054],[-98.98501484,43.572246055],[-98.985014847,43.572246056],[-98.985014853,43.572246059],[-98.985014858,43.572246061],[-98.985014864,43.572246064],[-98.985014869,43.572246066],[-98.985014874,43.572246069],[-98.985014879,43.572246073],[-98.985014884,43.572246075],[-98.985014889,43.572246079],[-98.985014892,43.572246083],[-98.985014896,43.572246086],[-98.9850149,43.57224609],[-98.985014903,43.572246094],[-98.985014906,43.572246099],[-98.985014908,43.572246102],[-98.985014911,43.572246107],[-98.985014913,43.572246111],[-98.985014916,43.572246116],[-98.985014917,43.57224612],[-98.985014918,43.572246125],[-98.985014918,43.57224613],[-98.98501492,43.572246135],[-98.98501492,43.572246139],[-98.985014919,43.572246241],[-98.985126252,43.572246602],[-98.985126259,43.572246603],[-98.985126265,43.572246603],[-98.985126271,43.572246604],[-98.985126277,43.572246605],[-98.985126283,43.572246606],[-98.98512629,43.572246608],[-98.985126296,43.572246608],[-98.985126302,43.57224661],[-98.985126308,43.572246613],[-98.985126314,43.572246615],[-98.985126319,43.572246618],[-98.985126324,43.57224662],[-98.985126329,43.572246623],[-98.985126334,43.572246626],[-98.985126339,43.572246629],[-98.985126344,43.572246633],[-98.985126348,43.572246636],[-98.985126351,43.57224664],[-98.985126355,43.572246644],[-98.985126359,43.572246648],[-98.985126361,43.572246652],[-98.985126365,43.572246656],[-98.985126368,43.572246661],[-98.985126369,43.572246665],[-98.985126371,43.57224667],[-98.985126373,43.572246674],[-98.985126374,43.572246679],[-98.985126375,43.572246683],[-98.985126375,43.572246689],[-98.985126375,43.572246693],[-98.985126374,43.572246784],[-98.985237708,43.572247144],[-98.985237714,43.572247144],[-98.98523772,43.572247145],[-98.985237728,43.572247146],[-98.985237734,43.572247146],[-98.98523774,43.572247148],[-98.985237746,43.572247149],[-98.985237752,43.572247151],[-98.985237759,43.572247152],[-98.985237764,43.572247154],[-98.98523777,43.572247157],[-98.985237775,43.57224716],[-98.985237781,43.572247162],[-98.985237786,43.572247165],[-98.985237791,43.572247168],[-98.985237795,43.572247171],[-98.985237799,43.572247175],[-98.985237803,43.572247179],[-98.985237808,43.572247182],[-98.985237812,43.572247186],[-98.985237814,43.57224719],[-98.985237818,43.572247194],[-98.985237821,43.572247198],[-98.985237823,43.572247203],[-98.985237825,43.572247207],[-98.985237827,43.572247212],[-98.985237828,43.572247216],[-98.985237829,43.572247221],[-98.98523783,43.572247225],[-98.98523783,43.57224723],[-98.98523783,43.572247235],[-98.98523783,43.572247308],[-98.985349163,43.572247668],[-98.985349171,43.572247668],[-98.985349177,43.572247668],[-98.985349183,43.572247669],[-98.985349189,43.57224767],[-98.985349196,43.572247671],[-98.985349202,43.572247673],[-98.985349208,43.572247675],[-98.985349214,43.572247676],[-98.98534922,43.572247678],[-98.985349225,43.57224768],[-98.985349231,43.572247683],[-98.985349236,43.572247685],[-98.985349241,43.572247688],[-98.985349246,43.572247692],[-98.985349251,43.572247694],[-98.985349255,43.572247698],[-98.98534926,43.572247702],[-98.985349264,43.572247705],[-98.985349267,43.57224771],[-98.985349271,43.572247713],[-98.985349274,43.572247718],[-98.985349276,43.572247722],[-98.985349278,43.572247726],[-98.985349281,43.57224773],[-98.985349283,43.572247735],[-98.985349285,43.572247739],[-98.985349286,43.572247745],[-98.985349286,43.572247749],[-98.985349287,43.572247754],[-98.985349287,43.572247758],[-98.985349287,43.572247842],[-98.98546062,43.572248202],[-98.985460626,43.572248202],[-98.985460632,43.572248203],[-98.985460639,43.572248204],[-98.985460645,43.572248204],[-98.985460652,43.572248206],[-98.985460658,43.572248207],[-98.985460663,43.572248208],[-98.98546067,43.57224821],[-98.985460676,43.572248212],[-98.985460682,43.572248215],[-98.985460687,43.572248217],[-98.985460692,43.57224822],[-98.985460698,43.572248223],[-98.985460702,43.572248225],[-98.985460707,43.572248229],[-98.985460712,43.572248233],[-98.985460715,43.572248236],[-98.985460719,43.57224824],[-98.985460723,43.572248243],[-98.985460726,43.572248248],[-98.98546073,43.572248252],[-98.985460733,43.572248256],[-98.985460735,43.572248261],[-98.985460736,43.572248265],[-98.985460739,43.57224827],[-98.98546074,43.572248274],[-98.985460741,43.572248279],[-98.985460743,43.572248283],[-98.985460743,43.572248288],[-98.985460743,43.572248293],[-98.985460742,43.572248401],[-98.985572075,43.572248761],[-98.985572082,43.572248761],[-98.985572088,43.572248762],[-98.985572095,43.572248763],[-98.985572101,43.572248764],[-98.985572108,43.572248765],[-98.985572114,43.572248765],[-98.98557212,43.572248767],[-98.985572126,43.572248769],[-98.985572131,43.572248771],[-98.985572137,43.572248774],[-98.985572142,43.572248776],[-98.985572149,43.572248779],[-98.985572153,43.572248782],[-98.985572158,43.572248784],[-98.985572162,43.572248788],[-98.985572167,43.572248792],[-98.985572171,43.572248795],[-98.985572176,43.572248799],[-98.985572179,43.572248802],[-98.985572182,43.572248807],[-98.985572186,43.57224881],[-98.985572188,43.572248815],[-98.985572191,43.572248819],[-98.985572193,43.572248824],[-98.985572194,43.572248828],[-98.985572196,43.572248833],[-98.985572197,43.572248837],[-98.985572198,43.572248842],[-98.985572198,43.572248846],[-98.985572198,43.572248852],[-98.985572197,43.572248959],[-98.985683531,43.57224932],[-98.985683537,43.57224932],[-98.985683545,43.572249321],[-98.985683551,43.572249321],[-98.985683557,43.572249322],[-98.985683563,43.572249323],[-98.985683569,43.572249324],[-98.985683575,43.572249326],[-98.985683582,43.572249328],[-98.985683587,43.57224933],[-98.985683593,43.572249332],[-98.985683599,43.572249335],[-98.985683604,43.572249338],[-98.985683609,43.57224934],[-98.985683614,43.572249343],[-98.985683619,43.572249347],[-98.985683623,43.57224935],[-98.985683627,43.572249354],[-98.985683631,43.572249357],[-98.985683635,43.572249361],[-98.985683639,43.572249366],[-98.985683641,43.572249369],[-98.985683644,43.572249374],[-98.985683646,43.572249378],[-98.985683649,43.572249383],[-98.98568365,43.572249387],[-98.985683652,43.572249392],[-98.985683653,43.572249396],[-98.985683653,43.572249401],[-98.985683655,43.572249405],[-98.985683655,43.572249411],[-98.985683654,43.572249518],[-98.985794986,43.572249878],[-98.985794994,43.572249878],[-98.985795,43.572249879],[-98.985795006,43.57224988],[-98.985795012,43.572249881],[-98.985795019,43.572249882],[-98.985795025,43.572249883],[-98.985795031,43.572249885],[-98.985795037,43.572249886],[-98.985795043,43.572249888],[-98.985795048,43.572249891],[-98.985795054,43.572249894],[-98.985795059,43.572249896],[-98.985795064,43.572249899],[-98.985795069,43.572249902],[-98.985795074,43.572249905],[-98.985795079,43.572249909],[-98.985795083,43.572249913],[-98.985795087,43.572249916],[-98.98579509,43.57224992],[-98.985795094,43.572249924],[-98.985795097,43.572249928],[-98.985795099,43.572249932],[-98.985795101,43.572249937],[-98.985795104,43.572249941],[-98.985795106,43.572249946],[-98.985795108,43.57224995],[-98.985795109,43.572249955],[-98.985795109,43.572249959],[-98.98579511,43.572249964],[-98.98579511,43.572249969],[-98.985795109,43.572250077],[-98.985906443,43.572250437],[-98.985906449,43.572250437],[-98.985906455,43.572250438],[-98.985906462,43.572250439],[-98.985906468,43.57225044],[-98.985906474,43.57225044],[-98.98590648,43.572250441],[-98.985906486,43.572250443],[-98.985906493,43.572250445],[-98.985906499,43.572250447],[-98.985906505,43.572250449],[-98.98590651,43.572250452],[-98.985906515,43.572250455],[-98.98590652,43.572250458],[-98.985906525,43.57225046],[-98.98590653,43.572250464],[-98.985906535,43.572250467],[-98.985906538,43.572250471],[-98.985906542,43.572250475],[-98.985906546,43.572250478],[-98.98590655,43.572250483],[-98.985906552,43.572250486],[-98.985906556,43.572250491],[-98.985906558,43.572250495],[-98.985906559,43.5722505],[-98.985906562,43.572250504],[-98.985906563,43.572250509],[-98.985906564,43.572250513],[-98.985906566,43.572250518],[-98.985906566,43.572250523],[-98.985906566,43.572250528],[-98.985906565,43.572250635],[-98.986017898,43.572250995],[-98.986017905,43.572250996],[-98.986017911,43.572250996],[-98.986017917,43.572250997],[-98.986017924,43.572250998],[-98.986017931,43.572250999],[-98.986017937,43.572251],[-98.986017943,43.572251002],[-98.986017948,43.572251003],[-98.986017954,43.572251005],[-98.98601796,43.572251008],[-98.986017965,43.572251011],[-98.986017972,43.572251013],[-98.986017976,43.572251016],[-98.986017981,43.572251019],[-98.986017985,43.572251022],[-98.98601799,43.572251026],[-98.986017994,43.57225103],[-98.986017999,43.572251033],[-98.986018002,43.572251037],[-98.986018005,43.572251041],[-98.986018009,43.572251045],[-98.986018011,43.572251049],[-98.986018014,43.572251054],[-98.986018016,43.572251058],[-98.986018017,43.572251063],[-98.986018019,43.572251067],[-98.98601802,43.572251072],[-98.986018021,43.572251076],[-98.986018021,43.572251082],[-98.986018021,43.572251086],[-98.98601802,43.572251194],[-98.986129354,43.572251554],[-98.98612936,43.572251555],[-98.986129368,43.572251555],[-98.986129374,43.572251555],[-98.98612938,43.572251556],[-98.986129386,43.572251557],[-98.986129392,43.572251558],[-98.986129399,43.57225156],[-98.986129405,43.572251562],[-98.98612941,43.572251564],[-98.986129416,43.572251566],[-98.986129421,43.572251569],[-98.986129427,43.572251572],[-98.986129432,43.572251574],[-98.986129437,43.572251577],[-98.986129442,43.572251581],[-98.986129446,43.572251584],[-98.986129451,43.572251588],[-98.986129454,43.572251591],[-98.986129458,43.572251595],[-98.98612946,43.5722516],[-98.986129464,43.572251603],[-98.986129467,43.572251608],[-98.986129469,43.572251612],[-98.986129472,43.572251617],[-98.986129473,43.572251621],[-98.986129475,43.572251626],[-98.986129475,43.57225163],[-98.986129477,43.572251635],[-98.986129478,43.57225164],[-98.986129478,43.572251645],[-98.986129477,43.572251752],[-98.986240809,43.572252112],[-98.986240817,43.572252113],[-98.986240823,43.572252113],[-98.986240829,43.572252114],[-98.986240835,43.572252115],[-98.986240842,43.572252115],[-98.986240848,43.572252116],[-98.986240854,43.572252118],[-98.98624086,43.57225212],[-98.986240866,43.572252123],[-98.986240871,43.572252124],[-98.986240877,43.572252127],[-98.986240882,43.57225213],[-98.986240887,43.572252133],[-98.986240892,43.572252135],[-98.986240897,43.572252139],[-98.986240901,43.572252142],[-98.986240906,43.572252146],[-98.98624091,43.57225215],[-98.986240913,43.572252153],[-98.986240917,43.572252158],[-98.98624092,43.572252161],[-98.986240922,43.572252166],[-98.986240925,43.57225217],[-98.986240927,43.572252175],[-98.986240929,43.572252179],[-98.986240931,43.572252184],[-98.986240932,43.572252188],[-98.986240932,43.572252193],[-98.986240933,43.572252198],[-98.986240933,43.572252203],[-98.986240933,43.57225231],[-98.986352266,43.57225267],[-98.986352272,43.572252671],[-98.986352278,43.572252671],[-98.986352285,43.572252672],[-98.986352291,43.572252673],[-98.986352297,43.572252674],[-98.986352303,43.572252674],[-98.986352309,43.572252676],[-98.986352316,43.572252678],[-98.986352322,43.572252681],[-98.986352327,43.572252683],[-98.986352333,43.572252685],[-98.986352338,43.572252688],[-98.986352343,43.572252691],[-98.986352348,43.572252693],[-98.986352353,43.572252697],[-98.986352358,43.572252701],[-98.986352361,43.572252704],[-98.986352365,43.572252708],[-98.986352369,43.572252711],[-98.986352373,43.572252716],[-98.986352375,43.57225272],[-98.986352379,43.572252724],[-98.986352381,43.572252729],[-98.986352382,43.572252733],[-98.986352385,43.572252738],[-98.986352386,43.572252742],[-98.986352387,43.572252747],[-98.986352389,43.572252751],[-98.986352389,43.572252756],[-98.986352389,43.572252761],[-98.986352388,43.572252868],[-98.986463722,43.572253229],[-98.986463728,43.572253229],[-98.986463734,43.572253229],[-98.98646374,43.57225323],[-98.986463748,43.572253231],[-98.986463754,43.572253232],[-98.98646376,43.572253233],[-98.986463766,43.572253234],[-98.986463771,43.572253236],[-98.986463777,43.572253239],[-98.986463783,43.572253241],[-98.986463788,43.572253243],[-98.986463793,43.572253246],[-98.9864638,43.572253249],[-98.986463805,43.572253251],[-98.986463808,43.572253255],[-98.986463813,43.572253259],[-98.986463817,43.572253262],[-98.986463822,43.572253266],[-98.986463824,43.572253269],[-98.986463828,43.572253274],[-98.986463832,43.572253278],[-98.986463834,43.572253282],[-98.986463837,43.572253287],[-98.986463839,43.572253291],[-98.98646384,43.572253296],[-98.986463842,43.5722533],[-98.986463843,43.572253305],[-98.986463844,43.572253309],[-98.986463844,43.572253314],[-98.986463844,43.572253319],[-98.986463843,43.572253426],[-98.986575177,43.572253787],[-98.986575183,43.572253787],[-98.986575189,43.572253787],[-98.986575197,43.572253788],[-98.986575203,43.572253789],[-98.986575209,43.572253789],[-98.986575215,43.572253791],[-98.986575222,43.572253792],[-98.986575228,43.572253794],[-98.986575233,43.572253797],[-98.986575239,43.572253798],[-98.986575244,43.572253801],[-98.98657525,43.572253804],[-98.986575255,43.572253807],[-98.98657526,43.57225381],[-98.986575265,43.572253813],[-98.986575269,43.572253816],[-98.986575274,43.57225382],[-98.986575277,43.572253824],[-98.986575281,43.572253827],[-98.986575284,43.572253832],[-98.986575287,43.572253836],[-98.98657529,43.57225384],[-98.986575292,43.572253844],[-98.986575295,43.572253849],[-98.986575296,43.572253853],[-98.986575297,43.572253858],[-98.986575298,43.572253862],[-98.9865753,43.572253868],[-98.9865753,43.572253872],[-98.986575301,43.572253877],[-98.9865753,43.572253985],[-98.986686632,43.572254345],[-98.986686639,43.572254345],[-98.986686646,43.572254345],[-98.986686652,43.572254345],[-98.986686658,43.572254346],[-98.986686665,43.572254347],[-98.986686671,43.572254349],[-98.986686677,43.57225435],[-98.986686683,43.572254352],[-98.986686689,43.572254354],[-98.986686694,43.572254356],[-98.986686701,43.572254359],[-98.986686706,43.572254362],[-98.98668671,43.572254364],[-98.986686715,43.572254368],[-98.98668672,43.572254371],[-98.986686724,43.572254374],[-98.986686729,43.572254378],[-98.986686733,43.572254381],[-98.986686736,43.572254386],[-98.98668674,43.57225439],[-98.986686743,43.572254394],[-98.986686745,43.572254398],[-98.986686748,43.572254402],[-98.98668675,43.572254407],[-98.986686753,43.572254411],[-98.986686754,43.572254416],[-98.986686755,43.57225442],[-98.986686755,43.572254426],[-98.986686756,43.57225443],[-98.986686756,43.572254435],[-98.986686756,43.572254543],[-98.986798088,43.572254902],[-98.986798095,43.572254902],[-98.986798102,43.572254902],[-98.986798108,43.572254903],[-98.986798114,43.572254904],[-98.98679812,43.572254905],[-98.986798126,43.572254907],[-98.986798133,43.572254909],[-98.986798139,43.57225491],[-98.986798145,43.572254912],[-98.98679815,43.572254914],[-98.986798156,43.572254917],[-98.986798161,43.572254919],[-98.986798166,43.572254922],[-98.986798171,43.572254926],[-98.986798176,43.572254928],[-98.986798181,43.572254932],[-98.986798185,43.572254936],[-98.986798188,43.572254939],[-98.986798192,43.572254944],[-98.986798196,43.572254947],[-98.986798198,43.572254952],[-98.986798202,43.572254955],[-98.986798204,43.57225496],[-98.986798206,43.572254964],[-98.986798208,43.572254969],[-98.986798209,43.572254973],[-98.986798211,43.572254979],[-98.986798212,43.572254983],[-98.986798212,43.572254988],[-98.986798212,43.572254992],[-98.986798211,43.572255101],[-98.986909545,43.57225546],[-98.986909551,43.57225546],[-98.986909557,43.57225546],[-98.986909563,43.572255461],[-98.986909569,43.572255462],[-98.986909577,43.572255463],[-98.986909583,43.572255464],[-98.986909589,43.572255466],[-98.986909594,43.572255468],[-98.9869096,43.57225547],[-98.986909607,43.572255472],[-98.986909612,43.572255474],[-98.986909616,43.572255477],[-98.986909623,43.57225548],[-98.986909628,43.572255483],[-98.986909631,43.572255486],[-98.986909636,43.57225549],[-98.98690964,43.572255493],[-98.986909644,43.572255497],[-98.986909647,43.572255501],[-98.986909651,43.572255505],[-98.986909655,43.572255509],[-98.986909657,43.572255514],[-98.98690966,43.572255517],[-98.986909662,43.572255522],[-98.986909664,43.572255526],[-98.986909665,43.572255531],[-98.986909666,43.572255536],[-98.986909667,43.572255541],[-98.986909667,43.572255545],[-98.986909667,43.57225555],[-98.986909667,43.572255658],[-98.987021,43.572256017],[-98.987021006,43.572256017],[-98.987021013,43.572256017],[-98.98702102,43.572256018],[-98.987021026,43.572256019],[-98.987021032,43.57225602],[-98.987021039,43.572256022],[-98.987021045,43.572256024],[-98.987021051,43.572256025],[-98.987021056,43.572256027],[-98.987021062,43.572256029],[-98.987021067,43.572256032],[-98.987021073,43.572256034],[-98.987021078,43.572256037],[-98.987021083,43.572256041],[-98.987021088,43.572256043],[-98.987021092,43.572256047],[-98.987021097,43.572256051],[-98.9870211,43.572256054],[-98.987021104,43.572256059],[-98.987021107,43.572256062],[-98.98702111,43.572256067],[-98.987021113,43.572256071],[-98.987021115,43.572256075],[-98.987021118,43.572256079],[-98.987021119,43.572256084],[-98.98702112,43.572256089],[-98.987021121,43.572256094],[-98.987021123,43.572256098],[-98.987021123,43.572256103],[-98.987021124,43.572256107],[-98.987021123,43.572256216],[-98.987132456,43.572256575],[-98.987132462,43.572256575],[-98.987132469,43.572256576],[-98.987132475,43.572256576],[-98.987132482,43.572256576],[-98.987132488,43.572256577],[-98.987132494,43.572256579],[-98.9871325,43.572256581],[-98.987132506,43.572256583],[-98.987132513,43.572256585],[-98.987132518,43.572256587],[-98.987132524,43.572256589],[-98.987132529,43.572256592],[-98.987132534,43.572256595],[-98.987132539,43.572256598],[-98.987132544,43.572256602],[-98.987132547,43.572256604],[-98.987132552,43.572256608],[-98.987132556,43.572256612],[-98.98713256,43.572256616],[-98.987132563,43.57225662],[-98.987132566,43.572256624],[-98.987132568,43.572256629],[-98.987132571,43.572256633],[-98.987132573,43.572256637],[-98.987132574,43.572256641],[-98.987132577,43.572256647],[-98.987132578,43.572256651],[-98.987132578,43.572256656],[-98.987132579,43.57225666],[-98.987132579,43.572256665],[-98.987132579,43.572256773],[-98.987243911,43.572257132],[-98.987243919,43.572257132],[-98.987243925,43.572257133],[-98.987243931,43.572257133],[-98.987243937,43.572257134],[-98.987243943,43.572257135],[-98.987243949,43.572257136],[-98.987243956,43.572257138],[-98.987243962,43.57225714],[-98.987243968,43.572257142],[-98.987243973,43.572257144],[-98.987243979,43.572257146],[-98.987243984,43.572257149],[-98.987243989,43.572257153],[-98.987243994,43.572257155],[-98.987243999,43.572257159],[-98.987244004,43.572257162],[-98.987244008,43.572257165],[-98.987244011,43.57225717],[-98.987244015,43.572257173],[-98.987244019,43.572257177],[-98.987244021,43.572257181],[-98.987244025,43.572257186],[-98.987244027,43.57225719],[-98.987244029,43.572257195],[-98.987244031,43.572257199],[-98.987244032,43.572257204],[-98.987244034,43.572257208],[-98.987244034,43.572257213],[-98.987244035,43.572257217],[-98.987244035,43.572257222],[-98.987244034,43.57225733],[-98.987355368,43.572257689],[-98.987355374,43.572257689],[-98.98735538,43.57225769],[-98.987355386,43.57225769],[-98.987355393,43.572257691],[-98.9873554,43.572257693],[-98.987355406,43.572257693],[-98.987355411,43.572257695],[-98.987355417,43.572257697],[-98.987355424,43.572257699],[-98.98735543,43.572257702],[-98.987355435,43.572257703],[-98.98735544,43.572257706],[-98.987355445,43.57225771],[-98.98735545,43.572257712],[-98.987355454,43.572257716],[-98.987355459,43.57225772],[-98.987355463,43.572257722],[-98.987355467,43.572257727],[-98.987355471,43.57225773],[-98.987355474,43.572257734],[-98.987355478,43.572257739],[-98.98735548,43.572257743],[-98.987355483,43.572257748],[-98.987355484,43.572257752],[-98.987355487,43.572257757],[-98.987355488,43.572257761],[-98.987355489,43.572257766],[-98.98735549,43.57225777],[-98.98735549,43.572257775],[-98.98735549,43.57225778],[-98.98735549,43.572257886],[-98.987466823,43.572258244],[-98.987466829,43.572258245],[-98.987466836,43.572258245],[-98.987466843,43.572258246],[-98.987466849,43.572258247],[-98.987466855,43.572258248],[-98.987466862,43.572258249],[-98.987466868,43.572258251],[-98.987466874,43.572258252],[-98.987466879,43.572258255],[-98.987466885,43.572258257],[-98.98746689,43.57225826],[-98.987466896,43.572258262],[-98.987466901,43.572258265],[-98.987466906,43.572258268],[-98.98746691,43.572258271],[-98.987466915,43.572258275],[-98.987466919,43.572258278],[-98.987466924,43.572258282],[-98.987466927,43.572258286],[-98.98746693,43.57225829],[-98.987466933,43.572258294],[-98.987466936,43.572258298],[-98.987466938,43.572258303],[-98.987466941,43.572258307],[-98.987466942,43.572258312],[-98.987466943,43.572258316],[-98.987466945,43.572258321],[-98.987466946,43.572258325],[-98.987466946,43.572258331],[-98.987466946,43.572258335],[-98.987466945,43.572258439],[-98.987578279,43.572258798],[-98.987578285,43.572258798],[-98.987578292,43.572258798],[-98.987578299,43.572258798],[-98.987578305,43.572258799],[-98.987578311,43.5722588],[-98.987578317,43.572258802],[-98.987578323,43.572258804],[-98.98757833,43.572258806],[-98.987578336,43.572258807],[-98.987578341,43.57225881],[-98.987578347,43.572258812],[-98.987578352,43.572258815],[-98.987578357,43.572258818],[-98.987578362,43.572258821],[-98.987578367,43.572258825],[-98.98757837,43.572258827],[-98.987578375,43.572258831],[-98.987578379,43.572258835],[-98.987578383,43.572258839],[-98.987578386,43.572258843],[-98.987578389,43.572258847],[-98.987578391,43.572258852],[-98.987578394,43.572258856],[-98.987578396,43.57225886],[-98.987578398,43.572258864],[-98.9875784,43.57225887],[-98.987578401,43.572258874],[-98.987578401,43.572258879],[-98.987578403,43.572258883],[-98.987578403,43.572258888],[-98.987578402,43.572258992],[-98.987689734,43.57225935],[-98.987689742,43.572259351],[-98.987689748,43.572259351],[-98.987689754,43.572259352],[-98.98768976,43.572259353],[-98.987689766,43.572259353],[-98.987689773,43.572259355],[-98.987689779,43.572259356],[-98.987689785,43.572259358],[-98.987689791,43.572259361],[-98.987689796,43.572259362],[-98.987689802,43.572259365],[-98.987689807,43.572259368],[-98.987689812,43.572259371],[-98.987689817,43.572259373],[-98.987689822,43.572259377],[-98.987689827,43.57225938],[-98.987689831,43.572259384],[-98.987689835,43.572259388],[-98.987689838,43.572259391],[-98.987689842,43.572259396],[-98.987689844,43.572259399],[-98.987689848,43.572259404],[-98.987689849,43.572259408],[-98.987689852,43.572259413],[-98.987689854,43.572259417],[-98.987689856,43.572259422],[-98.987689857,43.572259426],[-98.987689857,43.572259431],[-98.987689858,43.572259436],[-98.987689858,43.572259441],[-98.987689857,43.572259545],[-98.987801191,43.572259903],[-98.987801197,43.572259903],[-98.987801203,43.572259904],[-98.98780121,43.572259904],[-98.987801216,43.572259905],[-98.987801223,43.572259907],[-98.987801229,43.572259907],[-98.987801234,43.572259909],[-98.98780124,43.572259911],[-98.987801247,43.572259913],[-98.987801253,43.572259916],[-98.987801258,43.572259917],[-98.987801263,43.57225992],[-98.987801268,43.572259924],[-98.987801273,43.572259926],[-98.987801278,43.57225993],[-98.987801283,43.572259933],[-98.987801286,43.572259936],[-98.98780129,43.572259941],[-98.987801294,43.572259944],[-98.987801297,43.572259948],[-98.987801301,43.572259952],[-98.987801304,43.572259957],[-98.987801306,43.572259961],[-98.987801307,43.572259966],[-98.98780131,43.57225997],[-98.987801311,43.572259975],[-98.987801312,43.572259979],[-98.987801314,43.572259984],[-98.987801314,43.572259988],[-98.987801314,43.572259993],[-98.987801313,43.572260097],[-98.987912646,43.572260456],[-98.987912653,43.572260456],[-98.987912659,43.572260456],[-98.987912666,43.572260457],[-98.987912672,43.572260458],[-98.987912679,43.572260459],[-98.987912685,43.57226046],[-98.987912691,43.572260461],[-98.987912697,43.572260463],[-98.987912702,43.572260466],[-98.987912708,43.572260468],[-98.987912713,43.57226047],[-98.98791272,43.572260473],[-98.987912724,43.572260476],[-98.987912729,43.572260478],[-98.987912733,43.572260482],[-98.987912738,43.572260486],[-98.987912742,43.572260489],[-98.987912747,43.572260493],[-98.98791275,43.572260496],[-98.987912753,43.572260501],[-98.987912757,43.572260505],[-98.987912759,43.572260509],[-98.987912762,43.572260514],[-98.987912764,43.572260518],[-98.987912765,43.572260523],[-98.987912767,43.572260527],[-98.987912768,43.572260532],[-98.987912769,43.572260536],[-98.987912769,43.572260541],[-98.987912769,43.572260546],[-98.987912768,43.57226065],[-98.988024102,43.572261008],[-98.988024108,43.572261008],[-98.988024116,43.572261009],[-98.988024122,43.572261009],[-98.988024128,43.57226101],[-98.988024134,43.572261012],[-98.98802414,43.572261012],[-98.988024147,43.572261014],[-98.988024153,43.572261016],[-98.988024159,43.572261018],[-98.988024164,43.572261021],[-98.98802417,43.572261022],[-98.988024175,43.572261025],[-98.98802418,43.572261029],[-98.988024185,43.572261031],[-98.98802419,43.572261035],[-98.988024194,43.572261038],[-98.988024199,43.572261041],[-98.988024202,43.572261046],[-98.988024206,43.572261049],[-98.98802421,43.572261053],[-98.988024212,43.572261057],[-98.988024215,43.572261062],[-98.988024217,43.572261066],[-98.98802422,43.572261071],[-98.988024221,43.572261075],[-98.988024223,43.57226108],[-98.988024225,43.572261084],[-98.988024225,43.572261089],[-98.988024226,43.572261093],[-98.988024226,43.572261098],[-98.988024225,43.572261202],[-98.988135557,43.572261561],[-98.988135565,43.572261561],[-98.988135571,43.572261561],[-98.988135577,43.572261562],[-98.988135583,43.572261562],[-98.98813559,43.572261563],[-98.988135596,43.572261565],[-98.988135602,43.572261566],[-98.988135608,43.572261568],[-98.988135614,43.572261571],[-98.988135619,43.572261572],[-98.988135626,43.572261575],[-98.98813563,43.572261578],[-98.988135635,43.57226158],[-98.98813564,43.572261584],[-98.988135645,43.572261587],[-98.98813565,43.57226159],[-98.988135654,43.572261594],[-98.988135658,43.572261598],[-98.988135661,43.572261601],[-98.988135665,43.572261606],[-98.988135668,43.57226161],[-98.988135671,43.572261614],[-98.988135674,43.572261618],[-98.988135675,43.572261623],[-98.988135678,43.572261627],[-98.988135679,43.572261632],[-98.98813568,43.572261636],[-98.98813568,43.572261642],[-98.988135681,43.572261646],[-98.988135681,43.572261651],[-98.988135681,43.572261755],[-98.988247014,43.572262112],[-98.98824702,43.572262112],[-98.988247027,43.572262113],[-98.988247033,43.572262113],[-98.988247039,43.572262114],[-98.988247046,43.572262116],[-98.988247053,43.572262117],[-98.988247058,43.572262119],[-98.988247064,43.572262121],[-98.98824707,43.572262122],[-98.988247076,43.572262125],[-98.988247081,43.572262127],[-98.988247086,43.57226213],[-98.988247092,43.572262133],[-98.988247096,43.572262136],[-98.988247101,43.572262139],[-98.988247106,43.572262142],[-98.98824711,43.572262146],[-98.988247113,43.57226215],[-98.988247117,43.572262154],[-98.988247121,43.572262157],[-98.988247124,43.572262162],[-98.988247127,43.572262166],[-98.988247129,43.572262171],[-98.988247131,43.572262175],[-98.988247133,43.57226218],[-98.988247134,43.572262184],[-98.988247136,43.572262189],[-98.988247137,43.572262193],[-98.988247137,43.572262198],[-98.988247137,43.572262202],[-98.988247136,43.572262297],[-98.98835847,43.572262656],[-98.988358476,43.572262656],[-98.988358482,43.572262656],[-98.988358489,43.572262657],[-98.988358496,43.572262658],[-98.988358502,43.572262659],[-98.988358508,43.57226266],[-98.988358514,43.572262661],[-98.98835852,43.572262663],[-98.988358525,43.572262666],[-98.988358532,43.572262668],[-98.988358537,43.57226267],[-98.988358543,43.572262673],[-98.988358548,43.572262676],[-98.988358553,43.572262679],[-98.988358558,43.572262682],[-98.988358561,43.572262686],[-98.988358566,43.572262689],[-98.98835857,43.572262693],[-98.988358574,43.572262697],[-98.988358576,43.572262701],[-98.98835858,43.572262706],[-98.988358582,43.572262709],[-98.988358585,43.572262714],[-98.988358587,43.572262718],[-98.988358589,43.572262723],[-98.98835859,43.572262727],[-98.988358591,43.572262732],[-98.988358592,43.572262736],[-98.988358592,43.572262742],[-98.988358593,43.572262746],[-98.988358592,43.57226295],[-98.988469925,43.572263307],[-98.988469931,43.572263308],[-98.988469938,43.572263308],[-98.988469944,43.572263309],[-98.988469951,43.57226331],[-98.988469957,43.572263311],[-98.988469964,43.572263312],[-98.98846997,43.572263314],[-98.988469975,43.572263316],[-98.988469981,43.572263318],[-98.988469987,43.57226332],[-98.988469992,43.572263323],[-98.988469997,43.572263325],[-98.988470003,43.572263328],[-98.988470008,43.572263331],[-98.988470012,43.572263335],[-98.988470017,43.572263338],[-98.98847002,43.572263342],[-98.988470024,43.572263345],[-98.988470028,43.572263349],[-98.988470032,43.572263353],[-98.988470035,43.572263357],[-98.988470038,43.572263362],[-98.98847004,43.572263366],[-98.988470043,43.572263371],[-98.988470044,43.572263375],[-98.988470045,43.57226338],[-98.988470046,43.572263384],[-98.988470048,43.572263389],[-98.988470048,43.572263394],[-98.988470048,43.572263398],[-98.988470046,43.572263718],[-98.988581379,43.572264076],[-98.988581386,43.572264076],[-98.988581392,43.572264076],[-98.988581399,43.572264077],[-98.988581405,43.572264078],[-98.988581412,43.572264079],[-98.988581418,43.57226408],[-98.988581424,43.572264082],[-98.98858143,43.572264084],[-98.988581435,43.572264086],[-98.988581441,43.572264088],[-98.988581446,43.57226409],[-98.988581452,43.572264093],[-98.988581457,43.572264096],[-98.988581462,43.572264099],[-98.988581467,43.572264102],[-98.988581471,43.572264106],[-98.988581476,43.572264109],[-98.98858148,43.572264113],[-98.988581483,43.572264117],[-98.988581486,43.572264121],[-98.98858149,43.572264125],[-98.988581492,43.57226413],[-98.988581495,43.572264134],[-98.988581497,43.572264138],[-98.988581498,43.572264143],[-98.988581499,43.572264147],[-98.988581501,43.572264152],[-98.988581502,43.572264157],[-98.988581502,43.572264161],[-98.988581503,43.572264166],[-98.988581501,43.572264486],[-98.988692834,43.572264843],[-98.98869284,43.572264843],[-98.988692847,43.572264844],[-98.988692853,43.572264844],[-98.98869286,43.572264845],[-98.988692866,43.572264847],[-98.988692872,43.572264848],[-98.988692878,43.57226485],[-98.988692884,43.572264851],[-98.988692891,43.572264853],[-98.988692896,43.572264856],[-98.988692902,43.572264859],[-98.988692907,43.572264861],[-98.988692912,43.572264864],[-98.988692917,43.572264867],[-98.988692922,43.57226487],[-98.988692925,43.572264874],[-98.98869293,43.572264878],[-98.988692934,43.572264881],[-98.988692938,43.572264885],[-98.988692941,43.572264889],[-98.988692944,43.572264893],[-98.988692946,43.572264897],[-98.988692949,43.572264902],[-98.988692951,43.572264906],[-98.988692952,43.572264911],[-98.988692955,43.572264915],[-98.988692956,43.57226492],[-98.988692956,43.572264924],[-98.988692957,43.572264929],[-98.988692957,43.572264934],[-98.988692955,43.572265254],[-98.988804288,43.572265612],[-98.988804295,43.572265612],[-98.988804301,43.572265612],[-98.988804308,43.572265613],[-98.988804314,43.572265614],[-98.98880432,43.572265615],[-98.988804326,43.572265616],[-98.988804332,43.572265618],[-98.988804339,43.57226562],[-98.988804345,43.572265621],[-98.98880435,43.572265624],[-98.988804356,43.572265627],[-98.988804361,43.57226563],[-98.988804366,43.572265632],[-98.988804371,43.572265635],[-98.988804376,43.572265639],[-98.988804381,43.572265642],[-98.988804384,43.572265646],[-98.988804388,43.572265649],[-98.988804392,43.572265653],[-98.988804396,43.572265657],[-98.988804398,43.572265661],[-98.988804402,43.572265666],[-98.988804404,43.57226567],[-98.988804405,43.572265675],[-98.988804408,43.572265679],[-98.988804409,43.572265684],[-98.98880441,43.572265688],[-98.988804412,43.572265693],[-98.988804412,43.572265698],[-98.988804412,43.572265703],[-98.98880441,43.572266029],[-98.988915743,43.572266386],[-98.988915749,43.572266386],[-98.988915756,43.572266387],[-98.988915762,43.572266388],[-98.988915768,43.572266389],[-98.988915774,43.57226639],[-98.988915782,43.57226639],[-98.988915787,43.572266392],[-98.988915793,43.572266394],[-98.988915799,43.572266396],[-98.988915805,43.572266399],[-98.98891581,43.572266401],[-98.988915815,43.572266404],[-98.98891582,43.572266407],[-98.988915825,43.572266409],[-98.98891583,43.572266413],[-98.988915835,43.572266417],[-98.988915839,43.57226642],[-98.988915842,43.572266424],[-98.988915846,43.572266427],[-98.98891585,43.572266432],[-98.988915852,43.572266436],[-98.988915856,43.57226644],[-98.988915858,43.572266445],[-98.98891586,43.572266449],[-98.988915862,43.572266454],[-98.988915863,43.572266458],[-98.988915865,43.572266463],[-98.988915866,43.572266467],[-98.988915866,43.572266472],[-98.988915866,43.572266477],[-98.988915864,43.572266803],[-98.989027198,43.57226716],[-98.989027204,43.57226716],[-98.98902721,43.572267161],[-98.989027216,43.572267162],[-98.989027224,43.572267163],[-98.98902723,43.572267164],[-98.989027236,43.572267165],[-98.989027242,43.572267167],[-98.989027247,43.572267168],[-98.989027253,43.57226717],[-98.989027259,43.572267173],[-98.989027264,43.572267176],[-98.989027271,43.572267178],[-98.989027276,43.572267181],[-98.98902728,43.572267184],[-98.989027284,43.572267187],[-98.989027289,43.572267191],[-98.989027293,43.572267195],[-98.989027298,43.572267198],[-98.9890273,43.572267202],[-98.989027304,43.572267206],[-98.989027308,43.57226721],[-98.98902731,43.572267214],[-98.989027313,43.572267219],[-98.989027315,43.572267223],[-98.989027316,43.572267228],[-98.989027318,43.572267232],[-98.989027319,43.572267237],[-98.98902732,43.572267241],[-98.98902732,43.572267246],[-98.98902732,43.572267251],[-98.989027318,43.572267578],[-98.989138652,43.572267934],[-98.989138658,43.572267934],[-98.989138664,43.572267935],[-98.989138672,43.572267936],[-98.989138678,43.572267937],[-98.989138684,43.572267938],[-98.98913869,43.572267939],[-98.989138696,43.572267941],[-98.989138703,43.572267943],[-98.989138707,43.572267944],[-98.989138714,43.572267947],[-98.989138719,43.57226795],[-98.989138725,43.572267953],[-98.98913873,43.572267955],[-98.989138735,43.572267958],[-98.98913874,43.572267962],[-98.989138743,43.572267965],[-98.989138748,43.572267969],[-98.989138752,43.572267972],[-98.989138756,43.572267976],[-98.989138758,43.57226798],[-98.989138762,43.572267984],[-98.989138764,43.572267989],[-98.989138767,43.572267993],[-98.989138769,43.572267998],[-98.989138771,43.572268002],[-98.989138772,43.572268007],[-98.989138773,43.572268011],[-98.989138774,43.572268016],[-98.989138774,43.57226802],[-98.989138776,43.572268025],[-98.989138774,43.572268352],[-98.989250106,43.572268709],[-98.989250112,43.572268709],[-98.98925012,43.572268709],[-98.989250126,43.57226871],[-98.989250132,43.572268711],[-98.989250138,43.572268712],[-98.989250144,43.572268713],[-98.989250151,43.572268715],[-98.989250157,43.572268717],[-98.989250163,43.572268718],[-98.989250168,43.572268721],[-98.989250174,43.572268724],[-98.989250179,43.572268727],[-98.989250184,43.572268729],[-98.989250189,43.572268732],[-98.989250194,43.572268736],[-98.989250198,43.572268739],[-98.989250203,43.572268743],[-98.989250206,43.572268746],[-98.98925021,43.57226875],[-98.989250214,43.572268755],[-98.989250216,43.572268758],[-98.989250219,43.572268763],[-98.989250221,43.572268767],[-98.989250224,43.572268772],[-98.989250225,43.572268776],[-98.989250227,43.572268781],[-98.989250229,43.572268785],[-98.989250229,43.57226879],[-98.98925023,43.572268794],[-98.98925023,43.5722688],[-98.989250228,43.572269126],[-98.98936156,43.572269483],[-98.989361568,43.572269483],[-98.989361574,43.572269483],[-98.98936158,43.572269484],[-98.989361586,43.572269484],[-98.989361592,43.572269486],[-98.989361599,43.572269487],[-98.989361605,43.572269489],[-98.989361611,43.572269491],[-98.989361617,43.572269492],[-98.989361622,43.572269495],[-98.989361628,43.572269498],[-98.989361633,43.572269501],[-98.989361638,43.572269503],[-98.989361643,43.572269506],[-98.989361648,43.57226951],[-98.989361653,43.572269513],[-98.989361657,43.572269517],[-98.989361661,43.57226952],[-98.989361664,43.572269524],[-98.989361668,43.572269528],[-98.98936167,43.572269532],[-98.989361674,43.572269537],[-98.989361675,43.572269541],[-98.989361678,43.572269546],[-98.98936168,43.57226955],[-98.989361682,43.572269555],[-98.989361683,43.572269559],[-98.989361683,43.572269564],[-98.989361684,43.572269568],[-98.989361684,43.572269574],[-98.989361682,43.5722699],[-98.989473016,43.572270256],[-98.989473022,43.572270256],[-98.989473028,43.572270257],[-98.989473034,43.572270257],[-98.98947304,43.572270258],[-98.989473047,43.57227026],[-98.989473053,43.572270261],[-98.989473059,43.572270263],[-98.989473065,43.572270265],[-98.989473071,43.572270266],[-98.989473078,43.572270269],[-98.989473083,43.572270272],[-98.989473088,43.572270274],[-98.989473092,43.572270277],[-98.989473097,43.57227028],[-98.989473102,43.572270283],[-98.989473107,43.572270287],[-98.989473111,43.572270291],[-98.989473115,43.572270294],[-98.989473118,43.572270298],[-98.989473122,43.572270302],[-98.989473125,43.572270306],[-98.989473128,43.57227031],[-98.989473131,43.572270315],[-98.989473132,43.572270319],[-98.989473135,43.572270324],[-98.989473136,43.572270328],[-98.989473137,43.572270333],[-98.989473138,43.572270337],[-98.989473138,43.572270342],[-98.989473138,43.572270347],[-98.989473136,43.572270674],[-98.98958447,43.57227103],[-98.989584476,43.57227103],[-98.989584482,43.572271031],[-98.989584489,43.572271031],[-98.989584496,43.572271032],[-98.989584502,43.572271034],[-98.989584508,43.572271035],[-98.989584515,43.572271036],[-98.989584519,43.572271038],[-98.989584526,43.57227104],[-98.989584532,43.572271043],[-98.989584537,43.572271046],[-98.989584542,43.572271048],[-98.989584548,43.572271051],[-98.989584553,43.572271054],[-98.989584557,43.572271057],[-98.989584562,43.572271061],[-98.989584565,43.572271064],[-98.98958457,43.572271068],[-98.989584573,43.572271072],[-98.989584576,43.572271076],[-98.98958458,43.57227108],[-98.989584583,43.572271084],[-98.989584585,43.572271089],[-98.989584588,43.572271093],[-98.989584589,43.572271098],[-98.98958459,43.572271102],[-98.989584591,43.572271107],[-98.989584593,43.572271111],[-98.989584593,43.572271116],[-98.989584593,43.572271121],[-98.989584591,43.572271447],[-98.989695924,43.572271804],[-98.98969593,43.572271804],[-98.989695937,43.572271805],[-98.989695944,43.572271805],[-98.98969595,43.572271806],[-98.989695956,43.572271807],[-98.989695963,43.572271808],[-98.989695969,43.57227181],[-98.989695975,43.572271812],[-98.98969598,43.572271814],[-98.989695986,43.572271816],[-98.989695991,43.572271819],[-98.989695997,43.572271822],[-98.989696002,43.572271825],[-98.989696007,43.572271827],[-98.989696012,43.572271831],[-98.989696016,43.572271834],[-98.989696021,43.572271838],[-98.989696025,43.572271842],[-98.989696028,43.572271845],[-98.989696031,43.57227185],[-98.989696034,43.572271853],[-98.989696037,43.572271858],[-98.989696039,43.572271862],[-98.989696042,43.572271867],[-98.989696043,43.572271871],[-98.989696044,43.572271876],[-98.989696046,43.57227188],[-98.989696047,43.572271885],[-98.989696047,43.572271889],[-98.989696048,43.572271895],[-98.989696046,43.572272214],[-98.989807378,43.57227257],[-98.989807385,43.57227257],[-98.989807392,43.572272571],[-98.989807398,43.572272572],[-98.989807404,43.572272573],[-98.989807411,43.572272574],[-98.989807417,43.572272575],[-98.989807423,43.572272576],[-98.989807429,43.572272578],[-98.989807435,43.57227258],[-98.98980744,43.572272583],[-98.989807447,43.572272585],[-98.989807452,43.572272588],[-98.989807456,43.572272591],[-98.989807461,43.572272594],[-98.989807466,43.572272597],[-98.98980747,43.572272601],[-98.989807475,43.572272604],[-98.989807479,43.572272608],[-98.989807482,43.572272612],[-98.989807486,43.572272616],[-98.989807489,43.57227262],[-98.989807491,43.572272624],[-98.989807494,43.572272629],[-98.989807496,43.572272633],[-98.989807497,43.572272638],[-98.9898075,43.572272642],[-98.989807501,43.572272647],[-98.989807501,43.572272651],[-98.989807502,43.572272656],[-98.989807502,43.572272661],[-98.9898075,43.572272981],[-98.989918833,43.572273337],[-98.98991884,43.572273337],[-98.989918846,43.572273337],[-98.989918853,43.572273338],[-98.989918859,43.572273339],[-98.989918865,43.57227334],[-98.989918871,43.572273342],[-98.989918877,43.572273344],[-98.989918883,43.572273345],[-98.98991889,43.572273347],[-98.989918895,43.572273349],[-98.989918901,43.572273352],[-98.989918906,43.572273354],[-98.989918911,43.572273357],[-98.989918916,43.572273361],[-98.989918921,43.572273363],[-98.989918926,43.572273367],[-98.989918929,43.572273371],[-98.989918933,43.572273374],[-98.989918937,43.572273379],[-98.98991894,43.572273382],[-98.989918943,43.572273387],[-98.989918947,43.57227339],[-98.989918949,43.572273395],[-98.98991895,43.572273399],[-98.989918953,43.572273404],[-98.989918954,43.572273408],[-98.989918955,43.572273414],[-98.989918957,43.572273418],[-98.989918957,43.572273423],[-98.989918957,43.572273427],[-98.989918955,43.572273749],[-98.990030288,43.572274105],[-98.990030294,43.572274105],[-98.990030301,43.572274106],[-98.990030307,43.572274106],[-98.990030313,43.572274107],[-98.99003032,43.572274108],[-98.990030327,43.57227411],[-98.990030332,43.572274112],[-98.990030338,43.572274113],[-98.990030344,43.572274115],[-98.99003035,43.572274118],[-98.990030355,43.57227412],[-98.99003036,43.572274122],[-98.990030366,43.572274125],[-98.99003037,43.572274129],[-98.990030375,43.572274132],[-98.99003038,43.572274135],[-98.990030384,43.572274139],[-98.990030387,43.572274143],[-98.990030391,43.572274147],[-98.990030395,43.57227415],[-98.990030398,43.572274155],[-98.990030401,43.572274159],[-98.990030403,43.572274164],[-98.990030405,43.572274167],[-98.990030407,43.572274172],[-98.990030408,43.572274177],[-98.99003041,43.572274182],[-98.990030411,43.572274186],[-98.990030411,43.572274191],[-98.990030411,43.572274195],[-98.990030409,43.572274517],[-98.990141742,43.572274873],[-98.990141749,43.572274873],[-98.990141755,43.572274874],[-98.990141762,43.572274874],[-98.990141768,43.572274875],[-98.990141775,43.572274877],[-98.990141781,43.572274878],[-98.990141787,43.572274879],[-98.990141793,43.572274881],[-98.990141798,43.572274883],[-98.990141804,43.572274886],[-98.990141809,43.572274887],[-98.990141816,43.57227489],[-98.99014182,43.572274894],[-98.990141825,43.572274896],[-98.990141829,43.5722749],[-98.990141834,43.572274904],[-98.990141838,43.572274907],[-98.990141843,43.572274911],[-98.990141847,43.572274914],[-98.990141849,43.572274919],[-98.990141853,43.572274923],[-98.990141855,43.572274927],[-98.990141858,43.572274932],[-98.99014186,43.572274936],[-98.990141861,43.572274941],[-98.990141863,43.572274945],[-98.990141864,43.57227495],[-98.990141865,43.572274954],[-98.990141865,43.572274959],[-98.990141865,43.572274964],[-98.990141863,43.572275285],[-98.990253197,43.572275641],[-98.990253203,43.572275641],[-98.99025321,43.572275642],[-98.990253217,43.572275643],[-98.990253223,43.572275643],[-98.990253229,43.572275644],[-98.990253235,43.572275645],[-98.990253241,43.572275647],[-98.990253248,43.572275649],[-98.990253252,43.572275651],[-98.990253259,43.572275653],[-98.990253265,43.572275656],[-98.99025327,43.572275659],[-98.990253275,43.572275661],[-98.99025328,43.572275664],[-98.990253285,43.572275668],[-98.990253288,43.572275671],[-98.990253293,43.572275675],[-98.990253297,43.572275679],[-98.990253301,43.572275682],[-98.990253303,43.572275687],[-98.990253307,43.57227569],[-98.990253309,43.572275695],[-98.990253312,43.572275699],[-98.990253314,43.572275704],[-98.990253316,43.572275708],[-98.990253318,43.572275713],[-98.990253319,43.572275717],[-98.990253319,43.572275722],[-98.990253321,43.572275727],[-98.990253321,43.572275732],[-98.990253319,43.572276053],[-98.990364651,43.572276409],[-98.990364658,43.572276409],[-98.990364665,43.572276409],[-98.990364671,43.57227641],[-98.990364677,43.572276411],[-98.990364683,43.572276412],[-98.990364689,43.572276414],[-98.990364696,43.572276415],[-98.990364702,43.572276416],[-98.990364708,43.572276419],[-98.990364713,43.572276421],[-98.990364719,43.572276424],[-98.990364724,43.572276426],[-98.990364729,43.572276429],[-98.990364734,43.572276432],[-98.990364739,43.572276435],[-98.990364744,43.572276439],[-98.990364748,43.572276443],[-98.990364751,43.572276446],[-98.990364755,43.57227645],[-98.990364759,43.572276454],[-98.990364761,43.572276458],[-98.990364764,43.572276462],[-98.990364766,43.572276467],[-98.990364769,43.572276471],[-98.990364771,43.572276476],[-98.990364772,43.57227648],[-98.990364774,43.572276485],[-98.990364774,43.572276489],[-98.990364775,43.572276495],[-98.990364775,43.572276499],[-98.990364773,43.572276821],[-98.990476107,43.572277177],[-98.990476113,43.572277177],[-98.990476119,43.572277177],[-98.990476125,43.572277178],[-98.990476131,43.572277179],[-98.990476137,43.572277179],[-98.990476144,43.572277181],[-98.99047615,43.572277182],[-98.990476156,43.572277185],[-98.990476162,43.572277187],[-98.990476167,43.572277188],[-98.990476173,43.572277191],[-98.990476178,43.572277194],[-98.990476183,43.572277197],[-98.990476188,43.5722772],[-98.990476193,43.572277203],[-98.990476198,43.572277206],[-98.990476202,43.57227721],[-98.990476206,43.572277214],[-98.990476209,43.572277218],[-98.990476213,43.572277222],[-98.990476215,43.572277226],[-98.990476219,43.57227723],[-98.990476222,43.572277234],[-98.990476223,43.572277239],[-98.990476225,43.572277243],[-98.990476227,43.572277248],[-98.990476228,43.572277252],[-98.990476229,43.572277258],[-98.990476229,43.572277262],[-98.990476229,43.572277267],[-98.990476227,43.572277589],[-98.990587561,43.572277944],[-98.990587567,43.572277944],[-98.990587573,43.572277944],[-98.990587579,43.572277945],[-98.990587587,43.572277946],[-98.990587593,43.572277947],[-98.990587599,43.572277949],[-98.990587605,43.57227795],[-98.99058761,43.572277952],[-98.990587617,43.572277954],[-98.990587623,43.572277956],[-98.990587628,43.572277959],[-98.990587633,43.572277961],[-98.990587639,43.572277964],[-98.990587644,43.572277968],[-98.990587647,43.57227797],[-98.990587652,43.572277974],[-98.990587656,43.572277977],[-98.99058766,43.572277981],[-98.990587664,43.572277986],[-98.990587667,43.572277989],[-98.990587671,43.572277994],[-98.990587673,43.572277998],[-98.990587676,43.572278002],[-98.990587678,43.572278006],[-98.99058768,43.572278011],[-98.990587681,43.572278016],[-98.990587682,43.572278021],[-98.990587683,43.572278025],[-98.990587683,43.57227803],[-98.990587683,43.572278034],[-98.990587681,43.572278356],[-98.990699015,43.572278711],[-98.990699021,43.572278711],[-98.990699027,43.572278712],[-98.990699035,43.572278712],[-98.990699041,43.572278713],[-98.990699047,43.572278715],[-98.990699053,43.572278716],[-98.99069906,43.572278718],[-98.990699066,43.57227872],[-98.990699071,43.572278721],[-98.990699077,43.572278724],[-98.990699082,43.572278726],[-98.990699088,43.572278729],[-98.990699093,43.572278732],[-98.990699098,43.572278735],[-98.990699103,43.572278738],[-98.990699107,43.572278741],[-98.990699112,43.572278745],[-98.990699115,43.572278749],[-98.990699119,43.572278753],[-98.990699122,43.572278756],[-98.990699125,43.572278761],[-98.990699128,43.572278765],[-98.99069913,43.57227877],[-98.990699133,43.572278774],[-98.990699134,43.572278779],[-98.990699135,43.572278783],[-98.990699136,43.572278788],[-98.990699138,43.572278792],[-98.990699138,43.572278797],[-98.990699139,43.572278801],[-98.990699137,43.572279123],[-98.990810469,43.572279479],[-98.990810476,43.572279479],[-98.990810483,43.572279479],[-98.990810489,43.57227948],[-98.990810495,43.572279481],[-98.990810502,43.572279482],[-98.990810508,43.572279483],[-98.990810514,43.572279485],[-98.99081052,43.572279487],[-98.990810526,43.572279488],[-98.990810531,43.572279491],[-98.990810537,43.572279494],[-98.990810542,43.572279497],[-98.990810547,43.572279499],[-98.990810552,43.572279502],[-98.990810557,43.572279506],[-98.990810561,43.572279509],[-98.990810566,43.572279513],[-98.99081057,43.572279516],[-98.990810573,43.57227952],[-98.990810577,43.572279525],[-98.99081058,43.572279528],[-98.990810582,43.572279533],[-98.990810585,43.572279537],[-98.990810587,43.572279542],[-98.990810588,43.572279546],[-98.990810591,43.572279551],[-98.990810592,43.572279555],[-98.990810592,43.57227956],[-98.990810593,43.572279564],[-98.990810593,43.57227957],[-98.990810591,43.57227989],[-98.990921924,43.572280246],[-98.990921931,43.572280247],[-98.990921937,43.572280247],[-98.990921943,43.572280247],[-98.99092195,43.572280248],[-98.990921956,43.572280249],[-98.990921962,43.57228025],[-98.990921968,43.572280252],[-98.990921974,43.572280254],[-98.990921981,43.572280256],[-98.990921986,43.572280258],[-98.990921992,43.572280261],[-98.990921997,43.572280264],[-98.990922002,43.572280266],[-98.990922007,43.572280269],[-98.990922012,43.572280273],[-98.990922017,43.572280276],[-98.99092202,43.57228028],[-98.990922024,43.572280283],[-98.990922028,43.572280287],[-98.990922031,43.572280292],[-98.990922034,43.572280295],[-98.990922038,43.5722803],[-98.99092204,43.572280304],[-98.990922041,43.572280309],[-98.990922044,43.572280313],[-98.990922045,43.572280318],[-98.990922046,43.572280322],[-98.990922046,43.572280327],[-98.990922047,43.572280332],[-98.990922047,43.572280337],[-98.990922046,43.572280658],[-98.991033379,43.572281013],[-98.991033385,43.572281013],[-98.991033392,43.572281013],[-98.991033398,43.572281014],[-98.991033404,43.572281015],[-98.991033411,43.572281016],[-98.991033418,43.572281018],[-98.991033422,43.572281019],[-98.991033429,43.572281021],[-98.991033435,43.572281023],[-98.991033441,43.572281025],[-98.991033446,43.572281028],[-98.991033451,43.572281031],[-98.991033456,43.572281033],[-98.991033461,43.572281037],[-98.991033466,43.57228104],[-98.991033471,43.572281043],[-98.991033475,43.572281047],[-98.991033478,43.57228105],[-98.991033482,43.572281055],[-98.991033486,43.572281059],[-98.991033489,43.572281063],[-98.991033492,43.572281067],[-98.991033494,43.572281071],[-98.991033496,43.572281076],[-98.991033498,43.57228108],[-98.991033499,43.572281085],[-98.991033501,43.572281089],[-98.991033502,43.572281095],[-98.991033502,43.572281099],[-98.991033502,43.572281104],[-98.9910335,43.572281425],[-98.991144709,43.57228178],[-98.991144711,43.57228149],[-98.991144711,43.572281485],[-98.991144712,43.57228148],[-98.991144713,43.572281476],[-98.991144715,43.572281471],[-98.991144716,43.572281467],[-98.991144717,43.572281462],[-98.99114472,43.572281458],[-98.991144722,43.572281453],[-98.991144725,43.572281449],[-98.991144728,43.572281445],[-98.991144732,43.572281441],[-98.991144736,43.572281437],[-98.991144739,43.572281434],[-98.991144743,43.57228143],[-98.991144748,43.572281426],[-98.991144753,43.572281423],[-98.991144758,43.57228142],[-98.991144763,43.572281417],[-98.991144768,43.572281415],[-98.991144774,43.572281412],[-98.991144779,43.57228141],[-98.991144785,43.572281408],[-98.991144791,43.572281407],[-98.991144798,43.572281405],[-98.991144804,43.572281403],[-98.99114481,43.572281402],[-98.991144816,43.572281401],[-98.991144822,43.572281401],[-98.991144829,43.5722814],[-98.991144836,43.5722814],[-98.991256168,43.572281755],[-98.991256174,43.572280817],[-98.991256174,43.572280813],[-98.991256175,43.572280808],[-98.991256177,43.572280803],[-98.991256178,43.572280798],[-98.991256179,43.572280794],[-98.99125618,43.572280789],[-98.991256183,43.572280785],[-98.991256185,43.57228078],[-98.991256188,43.572280777],[-98.991256191,43.572280772],[-98.991256195,43.572280769],[-98.991256199,43.572280764],[-98.991256203,43.572280761],[-98.991256206,43.572280757],[-98.991256211,43.572280754],[-98.991256216,43.572280751],[-98.991256221,43.572280748],[-98.991256226,43.572280744],[-98.991256231,43.572280742],[-98.991256237,43.57228074],[-98.991256242,43.572280737],[-98.991256248,43.572280735],[-98.991256255,43.572280734],[-98.991256261,43.572280732],[-98.991256267,43.572280731],[-98.991256273,43.57228073],[-98.991256279,43.572280729],[-98.991256286,43.572280728],[-98.991256293,43.572280728],[-98.991256299,43.572280728],[-98.991367632,43.572281083],[-98.991367637,43.572280145],[-98.991367638,43.57228014],[-98.991367638,43.572280135],[-98.99136764,43.572280131],[-98.991367641,43.572280126],[-98.991367642,43.572280122],[-98.991367643,43.572280117],[-98.991367646,43.572280113],[-98.991367648,43.572280108],[-98.991367651,43.572280104],[-98.991367655,43.5722801],[-98.991367658,43.572280096],[-98.991367662,43.572280092],[-98.991367666,43.572280088],[-98.991367669,43.572280085],[-98.991367674,43.572280081],[-98.991367679,43.572280078],[-98.991367684,43.572280075],[-98.991367689,43.572280072],[-98.991367694,43.572280069],[-98.9913677,43.572280067],[-98.991367705,43.572280065],[-98.991367712,43.572280063],[-98.991367718,43.572280061],[-98.991367724,43.57228006],[-98.99136773,43.572280058],[-98.991367736,43.572280057],[-98.991367742,43.572280056],[-98.991367749,43.572280056],[-98.991367756,43.572280055],[-98.991367762,43.572280055],[-98.991479095,43.57228041],[-98.9914791,43.572279472],[-98.991479102,43.572279467],[-98.991479102,43.572279463],[-98.991479103,43.572279457],[-98.991479104,43.572279453],[-98.991479105,43.572279448],[-98.991479107,43.572279444],[-98.991479109,43.572279439],[-98.991479112,43.572279435],[-98.991479115,43.572279431],[-98.991479118,43.572279427],[-98.991479121,43.572279423],[-98.991479125,43.572279419],[-98.991479129,43.572279415],[-98.991479133,43.572279412],[-98.991479138,43.572279409],[-98.991479142,43.572279405],[-98.991479147,43.572279403],[-98.991479152,43.572279399],[-98.991479157,43.572279396],[-98.991479164,43.572279394],[-98.991479168,43.572279392],[-98.991479175,43.57227939],[-98.991479181,43.572279388],[-98.991479187,43.572279386],[-98.991479193,43.572279385],[-98.991479199,43.572279385],[-98.991479206,43.572279384],[-98.991479212,43.572279383],[-98.991479219,43.572279383],[-98.991479225,43.572279383],[-98.991590558,43.572279737],[-98.991590564,43.572278799],[-98.991590565,43.572278794],[-98.991590565,43.572278789],[-98.991590566,43.572278785],[-98.991590567,43.57227878],[-98.991590568,43.572278776],[-98.991590571,43.572278771],[-98.991590572,43.572278767],[-98.991590575,43.572278762],[-98.991590578,43.572278758],[-98.991590581,43.572278754],[-98.991590585,43.57227875],[-98.991590588,43.572278746],[-98.991590592,43.572278743],[-98.991590596,43.572278739],[-98.991590601,43.572278735],[-98.991590606,43.572278732],[-98.991590611,43.572278729],[-98.991590616,43.572278726],[-98.991590621,43.572278724],[-98.991590627,43.572278721],[-98.991590632,43.572278719],[-98.991590638,43.572278717],[-98.991590644,43.572278715],[-98.99159065,43.572278714],[-98.991590656,43.572278712],[-98.991590663,43.572278711],[-98.991590669,43.57227871],[-98.991590675,43.572278709],[-98.991590682,43.572278709],[-98.991590689,43.572278709],[-98.991702022,43.572279064],[-98.991702028,43.572278128],[-98.991702028,43.572278123],[-98.991702028,43.572278119],[-98.991702029,43.572278113],[-98.99170203,43.572278109],[-98.991702032,43.572278104],[-98.991702034,43.5722781],[-98.991702035,43.572278095],[-98.991702038,43.572278091],[-98.991702042,43.572278087],[-98.991702044,43.572278083],[-98.991702048,43.572278079],[-98.991702051,43.572278075],[-98.991702055,43.572278071],[-98.99170206,43.572278067],[-98.991702064,43.572278064],[-98.991702069,43.572278061],[-98.991702074,43.572278057],[-98.991702079,43.572278055],[-98.991702084,43.572278052],[-98.99170209,43.57227805],[-98.991702096,43.572278048],[-98.991702101,43.572278046],[-98.991702107,43.572278044],[-98.991702113,43.572278042],[-98.99170212,43.572278041],[-98.991702126,43.57227804],[-98.991702132,43.572278039],[-98.991702139,43.572278039],[-98.991702146,43.572278039],[-98.991702152,43.572278038],[-98.991813485,43.572278393],[-98.991813491,43.572277458],[-98.991813491,43.572277452],[-98.991813491,43.572277448],[-98.991813492,43.572277443],[-98.991813494,43.572277439],[-98.991813495,43.572277434],[-98.991813497,43.57227743],[-98.991813499,43.572277425],[-98.991813501,43.572277421],[-98.991813505,43.572277416],[-98.991813507,43.572277413],[-98.991813511,43.572277408],[-98.991813515,43.572277405],[-98.991813518,43.572277401],[-98.991813523,43.572277397],[-98.991813527,43.572277394],[-98.991813532,43.57227739],[-98.991813537,43.572277388],[-98.991813542,43.572277385],[-98.991813547,43.572277382],[-98.991813553,43.572277379],[-98.991813559,43.572277378],[-98.991813564,43.572277375],[-98.99181357,43.572277373],[-98.991813577,43.572277372],[-98.991813583,43.57227737],[-98.991813589,43.572277369],[-98.991813595,43.572277369],[-98.991813603,43.572277368],[-98.991813609,43.572277368],[-98.991813615,43.572277368],[-98.991924949,43.572277722],[-98.991924954,43.572276787],[-98.991924954,43.572276782],[-98.991924954,43.572276778],[-98.991924955,43.572276772],[-98.991924957,43.572276768],[-98.991924958,43.572276763],[-98.99192496,43.572276759],[-98.991924962,43.572276754],[-98.991924964,43.57227675],[-98.991924968,43.572276746],[-98.99192497,43.572276742],[-98.991924974,43.572276738],[-98.991924978,43.572276734],[-98.991924981,43.57227673],[-98.991924986,43.572276726],[-98.99192499,43.572276723],[-98.991924995,43.57227672],[-98.991925,43.572276717],[-98.991925005,43.572276714],[-98.991925011,43.572276711],[-98.991925016,43.572276709],[-98.991925022,43.572276707],[-98.991925027,43.572276705],[-98.991925034,43.572276703],[-98.99192504,43.572276701],[-98.991925046,43.5722767],[-98.991925052,43.572276699],[-98.991925058,43.572276699],[-98.991925066,43.572276698],[-98.991925072,43.572276698],[-98.991925078,43.572276697],[-98.992036412,43.572277052],[-98.992036417,43.572276117],[-98.992036417,43.572276111],[-98.992036417,43.572276107],[-98.992036419,43.572276102],[-98.99203642,43.572276098],[-98.992036421,43.572276093],[-98.992036424,43.572276089],[-98.992036425,43.572276084],[-98.992036429,43.57227608],[-98.992036431,43.572276075],[-98.992036433,43.572276072],[-98.992036437,43.572276067],[-98.992036441,43.572276063],[-98.992036445,43.57227606],[-98.99203645,43.572276056],[-98.992036453,43.572276053],[-98.992036458,43.572276049],[-98.992036463,43.572276046],[-98.992036468,43.572276044],[-98.992036474,43.572276041],[-98.992036479,43.572276038],[-98.992036486,43.572276036],[-98.99203649,43.572276034],[-98.992036497,43.572276032],[-98.992036503,43.572276031],[-98.992036509,43.572276029],[-98.992036515,43.572276028],[-98.992036521,43.572276027],[-98.992036529,43.572276027],[-98.992036535,43.572276027],[-98.992036541,43.572276027],[-98.992147875,43.57227638],[-98.992147881,43.572275445],[-98.992147881,43.572275441],[-98.992147881,43.572275436],[-98.992147882,43.572275431],[-98.992147883,43.572275426],[-98.992147884,43.572275422],[-98.992147887,43.572275417],[-98.992147889,43.572275413],[-98.992147892,43.572275408],[-98.992147894,43.572275405],[-98.992147897,43.5722754],[-98.9921479,43.572275397],[-98.992147904,43.572275392],[-98.992147908,43.572275389],[-98.992147913,43.572275385],[-98.992147916,43.572275382],[-98.992147921,43.572275379],[-98.992147926,43.572275376],[-98.992147931,43.572275372],[-98.992147938,43.57227537],[-98.992147942,43.572275368],[-98.992147949,43.572275365],[-98.992147954,43.572275363],[-98.99214796,43.572275362],[-98.992147966,43.57227536],[-98.992147972,43.572275359],[-98.992147978,43.572275358],[-98.992147986,43.572275357],[-98.992147992,43.572275356],[-98.992147998,43.572275356],[-98.992148004,43.572275356],[-98.992259338,43.57227571],[-98.992259344,43.572274775],[-98.992259344,43.57227477],[-98.992259344,43.572274765],[-98.992259345,43.572274761],[-98.992259346,43.572274756],[-98.992259347,43.572274752],[-98.99225935,43.572274747],[-98.992259352,43.572274743],[-98.992259355,43.572274738],[-98.992259357,43.572274734],[-98.99225936,43.57227473],[-98.992259363,43.572274725],[-98.992259367,43.572274722],[-98.992259371,43.572274718],[-98.992259376,43.572274715],[-98.99225938,43.572274711],[-98.992259385,43.572274707],[-98.99225939,43.572274705],[-98.992259394,43.572274702],[-98.992259401,43.572274699],[-98.992259406,43.572274697],[-98.992259412,43.572274695],[-98.992259418,43.572274693],[-98.992259423,43.572274691],[-98.992259429,43.572274689],[-98.992259435,43.572274688],[-98.992259442,43.572274687],[-98.992259449,43.572274686],[-98.992259455,43.572274686],[-98.992259461,43.572274685],[-98.992259468,43.572274685],[-98.992370924,43.572275039],[-98.992370932,43.572275039],[-98.992370938,43.57227504],[-98.992370944,43.57227504],[-98.99237095,43.572275041],[-98.992370957,43.572275043],[-98.992370963,43.572275044],[-98.992370969,43.572275045]]]}}
]
}
