{
"type": "FeatureCollection",
"name": "plots",
"xy_coordinate_resolution": 1e-09,
"features": [
{"type":"Feature","properties":{"plot_id":1,"poly_line":"1_1","strip_id":1},"geometry":{"type":"Polygon","coordinates":[[[-98.983008513,43.572249061],[-98.983004099,43.572964671],[-98.983115558,43.572965034],[-98.98311997,43.572249424],[-98.983008513,43.572249061]]]}},
{"type":"Feature","properties":{"plot_id":2,"poly_line":"1_1","strip_id":1},"geometry":{"type":"Polygon","coordinates":[[[-98.983004099,43.572964671],[-98.982999686,43.57368028],[-98.983111145,43.573680644],[-98.983115558,43.572965034],[-98.983004099,43.572964671]]]}},
{"type":"Feature","properties":{"plot_id":3,"poly_line":"1_1","strip_id":1},"geometry":{"type":"Polygon","coordinates":[[[-98.982999686,43.57368028],[-98.982995272,43.57439589],[-98.983106733,43.574396253],[-98.983111145,43.573680644],[-98.982999686,43.57368028]]]}},
{"type":"Feature","properties":{"plot_id":4,"poly_line":"1_1","strip_id":1},"geometry":{"type":"Polygon","coordinates":[[[-98.982995272,43.57439589],[-98.982990859,43.575111499],[-98.983102321,43.575111863],[-98.983106733,43.574396253],[-98.982995272,43.57439589]]]}},
{"type":"Feature","properties":{"plot_id":5,"poly_line":"1_1","strip_id":1},"geometry":{"type":"Polygon","coordinates":[[[-98.982990859,43.575111499],[-98.982986445,43.575827109],[-98.983097908,43.575827472],[-98.983102321,43.575111863],[-98.982990859,43.575111499]]]}},
{"type":"Feature","properties":{"plot_id":6,"poly_line":"1_1","strip_id":1},"geometry":{"type":"Polygon","coordinates":[[[-98.982986445,43.575827109],[-98.982982031,43.576542718],[-98.983093496,43.576543082],[-98.983097908,43.575827472],[-98.982986445,43.575827109]]]}},
{"type":"Feature","properties":{"plot_id":7,"poly_line":"1_1","strip_id":1},"geometry":{"type":"Polygon","coordinates":[[[-98.982982031,43.576542718],[-98.982977617,43.577258328],[-98.983089083,43.577258691],[-98.983093496,43.576543082],[-98.982982031,43.576542718]]]}},
{"type":"Feature","properties":{"plot_id":8,"poly_line":"1_1","strip_id":1},"geometry":{"type":"Polygon","coordinates":[[[-98.982977617,43.577258328],[-98.982973203,43.577973937],[-98.98308467,43.5779743],[-98.983089083,43.577258691],[-98.982977617,43.577258328]]]}},
{"type":"Feature","properties":{"plot_id":1,"poly_line":"1_1","strip_id":2},"geometry":{"type":"Polygon","coordinates":[[[-98.983120026,43.57224035],[-98.983115603,43.572957591],[-98.983227062,43.572957954],[-98.983231482,43.572240713],[-98.983120026,43.57224035]]]}},
{"type":"Feature","properties":{"plot_id":2,"poly_line":"1_1","strip_id":2},"geometry":{"type":"Polygon","coordinates":[[[-98.983115603,43.572957591],[-98.983111181,43.573674832],[-98.983222641,43.573675195],[-98.983227062,43.572957954],[-98.983115603,43.572957591]]]}},
{"type":"Feature","properties":{"plot_id":3,"poly_line":"1_1","strip_id":2},"geometry":{"type":"Polygon","coordinates":[[[-98.983111181,43.573674832],[-98.983106759,43.574392073],[-98.98321822,43.574392436],[-98.983222641,43.573675195],[-98.983111181,43.573674832]]]}},
{"type":"Feature","properties":{"plot_id":4,"poly_line":"1_1","strip_id":2},"geometry":{"type":"Polygon","coordinates":[[[-98.983106759,43.574392073],[-98.983102337,43.575109314],[-98.983213799,43.575109677],[-98.98321822,43.574392436],[-98.983106759,43.574392073]]]}},
{"type":"Feature","properties":{"plot_id":5,"poly_line":"1_1","strip_id":2},"geometry":{"type":"Polygon","coordinates":[[[-98.983102337,43.575109314],[-98.983097914,43.575826555],[-98.983209378,43.575826918],[-98.983213799,43.575109677],[-98.983102337,43.575109314]]]}},
{"type":"Feature","properties":{"plot_id":6,"poly_line":"1_1","strip_id":2},"geometry":{"type":"Polygon","coordinates":[[[-98.983097914,43.575826555],[-98.983093491,43.576543796],[-98.983204956,43.576544159],[-98.983209378,43.575826918],[-98.983097914,43.575826555]]]}},
{"type":"Feature","properties":{"plot_id":7,"poly_line":"1_1","strip_id":2},"geometry":{"type":"Polygon","coordinates":[[[-98.983093491,43.576543796],[-98.983089069,43.577261036],[-98.983200535,43.5772614],[-98.983204956,43.576544159],[-98.983093491,43.576543796]]]}},
{"type":"Feature","properties":{"plot_id":8,"poly_line":"1_1","strip_id":2},"geometry":{"type":"Polygon","coordinates":[[[-98.983089069,43.577261036],[-98.983084646,43.577978277],[-98.983196113,43.57797864],[-98.983200535,43.5772614],[-98.983089069,43.577261036]]]}},
{"type":"Feature","properties":{"plot_id":1,"poly_line":"1_1","strip_id":3},"geometry":{"type":"Polygon","coordinates":[[[-98.983231492,43.572239129],[-98.983227069,43.5729567],[-98.983338528,43.572957063],[-98.983342949,43.572239492],[-98.983231492,43.572239129]]]}},
{"type":"Feature","properties":{"plot_id":2,"poly_line":"1_1","strip_id":3},"geometry":{"type":"Polygon","coordinates":[[[-98.983227069,43.5729567],[-98.983222647,43.57367427],[-98.983334106,43.573674634],[-98.983338528,43.572957063],[-98.983227069,43.5729567]]]}},
{"type":"Feature","properties":{"plot_id":3,"poly_line":"1_1","strip_id":3},"geometry":{"type":"Polygon","coordinates":[[[-98.983222647,43.57367427],[-98.983218223,43.574391841],[-98.983329684,43.574392204],[-98.983334106,43.573674634],[-98.983222647,43.57367427]]]}},
{"type":"Feature","properties":{"plot_id":4,"poly_line":"1_1","strip_id":3},"geometry":{"type":"Polygon","coordinates":[[[-98.983218223,43.574391841],[-98.9832138,43.575109411],[-98.983325263,43.575109774],[-98.983329684,43.574392204],[-98.983218223,43.574391841]]]}},
{"type":"Feature","properties":{"plot_id":5,"poly_line":"1_1","strip_id":3},"geometry":{"type":"Polygon","coordinates":[[[-98.9832138,43.575109411],[-98.983209377,43.575826982],[-98.983320841,43.575827345],[-98.983325263,43.575109774],[-98.9832138,43.575109411]]]}},
{"type":"Feature","properties":{"plot_id":6,"poly_line":"1_1","strip_id":3},"geometry":{"type":"Polygon","coordinates":[[[-98.983209377,43.575826982],[-98.983204954,43.576544552],[-98.983316419,43.576544915],[-98.983320841,43.575827345],[-98.983209377,43.575826982]]]}},
{"type":"Feature","properties":{"plot_id":7,"poly_line":"1_1","strip_id":3},"geometry":{"type":"Polygon","coordinates":[[[-98.983204954,43.576544552],[-98.98320053,43.577262122],[-98.983311997,43.577262485],[-98.983316419,43.576544915],[-98.983204954,43.576544552]]]}},
{"type":"Feature","properties":{"plot_id":8,"poly_line":"1_1","strip_id":3},"geometry":{"type":"Polygon","coordinates":[[[-98.98320053,43.577262122],[-98.983196107,43.577979692],[-98.983307574,43.577980055],[-98.983311997,43.577262485],[-98.98320053,43.577262122]]]}},
{"type":"Feature","properties":{"plot_id":1,"poly_line":"1_1","strip_id":4},"geometry":{"type":"Polygon","coordinates":[[[-98.983342949,43.57223953],[-98.983338527,43.572957227],[-98.983449985,43.57295759],[-98.983454406,43.572239893],[-98.983342949,43.57223953]]]}},
{"type":"Feature","properties":{"plot_id":2,"poly_line":"1_1","strip_id":4},"geometry":{"type":"Polygon","coordinates":[[[-98.983338527,43.572957227],[-98.983334104,43.573674925],[-98.983445564,43.573675288],[-98.983449985,43.57295759],[-98.983338527,43.572957227]]]}},
{"type":"Feature","properties":{"plot_id":3,"poly_line":"1_1","strip_id":4},"geometry":{"type":"Polygon","coordinates":[[[-98.983334104,43.573674925],[-98.983329682,43.574392622],[-98.983441143,43.574392985],[-98.983445564,43.573675288],[-98.983334104,43.573674925]]]}},
{"type":"Feature","properties":{"plot_id":4,"poly_line":"1_1","strip_id":4},"geometry":{"type":"Polygon","coordinates":[[[-98.983329682,43.574392622],[-98.983325259,43.575110319],[-98.983436721,43.575110682],[-98.983441143,43.574392985],[-98.983329682,43.574392622]]]}},
{"type":"Feature","properties":{"plot_id":5,"poly_line":"1_1","strip_id":4},"geometry":{"type":"Polygon","coordinates":[[[-98.983325259,43.575110319],[-98.983320837,43.575828016],[-98.9834323,43.575828379],[-98.983436721,43.575110682],[-98.983325259,43.575110319]]]}},
{"type":"Feature","properties":{"plot_id":6,"poly_line":"1_1","strip_id":4},"geometry":{"type":"Polygon","coordinates":[[[-98.983320837,43.575828016],[-98.983316414,43.576545713],[-98.983427879,43.576546076],[-98.9834323,43.575828379],[-98.983320837,43.575828016]]]}},
{"type":"Feature","properties":{"plot_id":7,"poly_line":"1_1","strip_id":4},"geometry":{"type":"Polygon","coordinates":[[[-98.983316414,43.576545713],[-98.983311991,43.57726341],[-98.983423457,43.577263773],[-98.983427879,43.576546076],[-98.983316414,43.576545713]]]}},
{"type":"Feature","properties":{"plot_id":8,"poly_line":"1_1","strip_id":4},"geometry":{"type":"Polygon","coordinates":[[[-98.983311991,43.57726341],[-98.983307568,43.577981107],[-98.983419035,43.57798147],[-98.983423457,43.577263773],[-98.983311991,43.57726341]]]}},
{"type":"Feature","properties":{"plot_id":1,"poly_line":"1_1","strip_id":5},"geometry":{"type":"Polygon","coordinates":[[[-98.983454406,43.572239931],[-98.983449984,43.572957755],[-98.983561442,43.572958118],[-98.983565862,43.572240294],[-98.983454406,43.572239931]]]}},
{"type":"Feature","properties":{"plot_id":2,"poly_line":"1_1","strip_id":5},"geometry":{"type":"Polygon","coordinates":[[[-98.983449984,43.572957755],[-98.983445562,43.573675579],[-98.983557022,43.573675942],[-98.983561442,43.572958118],[-98.983449984,43.572957755]]]}},
{"type":"Feature","properties":{"plot_id":3,"poly_line":"1_1","strip_id":5},"geometry":{"type":"Polygon","coordinates":[[[-98.983445562,43.573675579],[-98.98344114,43.574393403],[-98.983552601,43.574393766],[-98.983557022,43.573675942],[-98.983445562,43.573675579]]]}},
{"type":"Feature","properties":{"plot_id":4,"poly_line":"1_1","strip_id":5},"geometry":{"type":"Polygon","coordinates":[[[-98.98344114,43.574393403],[-98.983436718,43.575111227],[-98.98354818,43.57511159],[-98.983552601,43.574393766],[-98.98344114,43.574393403]]]}},
{"type":"Feature","properties":{"plot_id":5,"poly_line":"1_1","strip_id":5},"geometry":{"type":"Polygon","coordinates":[[[-98.983436718,43.575111227],[-98.983432296,43.575829051],[-98.983543759,43.575829414],[-98.98354818,43.57511159],[-98.983436718,43.575111227]]]}},
{"type":"Feature","properties":{"plot_id":6,"poly_line":"1_1","strip_id":5},"geometry":{"type":"Polygon","coordinates":[[[-98.983432296,43.575829051],[-98.983427874,43.576546874],[-98.983539339,43.576547237],[-98.983543759,43.575829414],[-98.983432296,43.575829051]]]}},
{"type":"Feature","properties":{"plot_id":7,"poly_line":"1_1","strip_id":5},"geometry":{"type":"Polygon","coordinates":[[[-98.983427874,43.576546874],[-98.983423451,43.577264698],[-98.983534918,43.577265061],[-98.983539339,43.576547237],[-98.983427874,43.576546874]]]}},
{"type":"Feature","properties":{"plot_id":8,"poly_line":"1_1","strip_id":5},"geometry":{"type":"Polygon","coordinates":[[[-98.983423451,43.577264698],[-98.983419029,43.577982521],[-98.983530496,43.577982884],[-98.983534918,43.577265061],[-98.983423451,43.577264698]]]}},
{"type":"Feature","properties":{"plot_id":1,"poly_line":"1_1","strip_id":6},"geometry":{"type":"Polygon","coordinates":[[[-98.983565862,43.572240331],[-98.983561441,43.572958282],[-98.983672899,43.572958645],[-98.983677319,43.572240694],[-98.983565862,43.572240331]]]}},
{"type":"Feature","properties":{"plot_id":2,"poly_line":"1_1","strip_id":6},"geometry":{"type":"Polygon","coordinates":[[[-98.983561441,43.572958282],[-98.98355702,43.573676233],[-98.983668479,43.573676596],[-98.983672899,43.572958645],[-98.983561441,43.572958282]]]}},
{"type":"Feature","properties":{"plot_id":3,"poly_line":"1_1","strip_id":6},"geometry":{"type":"Polygon","coordinates":[[[-98.98355702,43.573676233],[-98.983552598,43.574394184],[-98.983664059,43.574394547],[-98.983668479,43.573676596],[-98.98355702,43.573676233]]]}},
{"type":"Feature","properties":{"plot_id":4,"poly_line":"1_1","strip_id":6},"geometry":{"type":"Polygon","coordinates":[[[-98.983552598,43.574394184],[-98.983548177,43.575112134],[-98.983659639,43.575112497],[-98.983664059,43.574394547],[-98.983552598,43.574394184]]]}},
{"type":"Feature","properties":{"plot_id":5,"poly_line":"1_1","strip_id":6},"geometry":{"type":"Polygon","coordinates":[[[-98.983548177,43.575112134],[-98.983543755,43.575830085],[-98.983655219,43.575830448],[-98.983659639,43.575112497],[-98.983548177,43.575112134]]]}},
{"type":"Feature","properties":{"plot_id":6,"poly_line":"1_1","strip_id":6},"geometry":{"type":"Polygon","coordinates":[[[-98.983543755,43.575830085],[-98.983539334,43.576548035],[-98.983650799,43.576548398],[-98.983655219,43.575830448],[-98.983543755,43.575830085]]]}},
{"type":"Feature","properties":{"plot_id":7,"poly_line":"1_1","strip_id":6},"geometry":{"type":"Polygon","coordinates":[[[-98.983539334,43.576548035],[-98.983534912,43.577265986],[-98.983646378,43.577266349],[-98.983650799,43.576548398],[-98.983539334,43.576548035]]]}},
{"type":"Feature","properties":{"plot_id":8,"poly_line":"1_1","strip_id":6},"geometry":{"type":"Polygon","coordinates":[[[-98.983534912,43.577265986],[-98.98353049,43.577983936],[-98.983641957,43.577984299],[-98.983646378,43.577266349],[-98.983534912,43.577265986]]]}},
{"type":"Feature","properties":{"plot_id":1,"poly_line":"1_1","strip_id":7},"geometry":{"type":"Polygon","coordinates":[[[-98.983677319,43.572240732],[-98.983672898,43.57295881],[-98.983784357,43.572959172],[-98.983788776,43.572241095],[-98.983677319,43.572240732]]]}},
{"type":"Feature","properties":{"plot_id":2,"poly_line":"1_1","strip_id":7},"geometry":{"type":"Polygon","coordinates":[[[-98.983672898,43.57295881],[-98.983668478,43.573676887],[-98.983779937,43.57367725],[-98.983784357,43.572959172],[-98.983672898,43.57295881]]]}},
{"type":"Feature","properties":{"plot_id":3,"poly_line":"1_1","strip_id":7},"geometry":{"type":"Polygon","coordinates":[[[-98.983668478,43.573676887],[-98.983664057,43.574394965],[-98.983775518,43.574395327],[-98.983779937,43.57367725],[-98.983668478,43.573676887]]]}},
{"type":"Feature","properties":{"plot_id":4,"poly_line":"1_1","strip_id":7},"geometry":{"type":"Polygon","coordinates":[[[-98.983664057,43.574394965],[-98.983659636,43.575113042],[-98.983771098,43.575113405],[-98.983775518,43.574395327],[-98.983664057,43.574394965]]]}},
{"type":"Feature","properties":{"plot_id":5,"poly_line":"1_1","strip_id":7},"geometry":{"type":"Polygon","coordinates":[[[-98.983659636,43.575113042],[-98.983655215,43.575831119],[-98.983766678,43.575831482],[-98.983771098,43.575113405],[-98.983659636,43.575113042]]]}},
{"type":"Feature","properties":{"plot_id":6,"poly_line":"1_1","strip_id":7},"geometry":{"type":"Polygon","coordinates":[[[-98.983655215,43.575831119],[-98.983650794,43.576549196],[-98.983762258,43.576549559],[-98.983766678,43.575831482],[-98.983655215,43.575831119]]]}},
{"type":"Feature","properties":{"plot_id":7,"poly_line":"1_1","strip_id":7},"geometry":{"type":"Polygon","coordinates":[[[-98.983650794,43.576549196],[-98.983646372,43.577267273],[-98.983757839,43.577267636],[-98.983762258,43.576549559],[-98.983650794,43.576549196]]]}},
{"type":"Feature","properties":{"plot_id":8,"poly_line":"1_1","strip_id":7},"geometry":{"type":"Polygon","coordinates":[[[-98.983646372,43.577267273],[-98.983641951,43.57798535],[-98.983753418,43.577985713],[-98.983757839,43.577267636],[-98.983646372,43.577267273]]]}},
{"type":"Feature","properties":{"plot_id":1,"poly_line":"1_1","strip_id":8},"geometry":{"type":"Polygon","coordinates":[[[-98.983788776,43.572241132],[-98.983784356,43.572959337],[-98.983895814,43.572959699],[-98.983900233,43.572241495],[-98.983788776,43.572241132]]]}},
{"type":"Feature","properties":{"plot_id":2,"poly_line":"1_1","strip_id":8},"geometry":{"type":"Polygon","coordinates":[[[-98.983784356,43.572959337],[-98.983779935,43.573677541],[-98.983891395,43.573677904],[-98.983895814,43.572959699],[-98.983784356,43.572959337]]]}},
{"type":"Feature","properties":{"plot_id":3,"poly_line":"1_1","strip_id":8},"geometry":{"type":"Polygon","coordinates":[[[-98.983779935,43.573677541],[-98.983775515,43.574395745],[-98.983886976,43.574396108],[-98.983891395,43.573677904],[-98.983779935,43.573677541]]]}},
{"type":"Feature","properties":{"plot_id":4,"poly_line":"1_1","strip_id":8},"geometry":{"type":"Polygon","coordinates":[[[-98.983775515,43.574395745],[-98.983771095,43.575113949],[-98.983882557,43.575114312],[-98.983886976,43.574396108],[-98.983775515,43.574395745]]]}},
{"type":"Feature","properties":{"plot_id":5,"poly_line":"1_1","strip_id":8},"geometry":{"type":"Polygon","coordinates":[[[-98.983771095,43.575113949],[-98.983766674,43.575832153],[-98.983878138,43.575832516],[-98.983882557,43.575114312],[-98.983771095,43.575113949]]]}},
{"type":"Feature","properties":{"plot_id":6,"poly_line":"1_1","strip_id":8},"geometry":{"type":"Polygon","coordinates":[[[-98.983766674,43.575832153],[-98.983762254,43.576550357],[-98.983873718,43.57655072],[-98.983878138,43.575832516],[-98.983766674,43.575832153]]]}},
{"type":"Feature","properties":{"plot_id":7,"poly_line":"1_1","strip_id":8},"geometry":{"type":"Polygon","coordinates":[[[-98.983762254,43.576550357],[-98.983757833,43.577268561],[-98.983869299,43.577268924],[-98.983873718,43.57655072],[-98.983762254,43.576550357]]]}},
{"type":"Feature","properties":{"plot_id":8,"poly_line":"1_1","strip_id":8},"geometry":{"type":"Polygon","coordinates":[[[-98.983757833,43.577268561],[-98.983753412,43.577986765],[-98.98386488,43.577987127],[-98.983869299,43.577268924],[-98.983757833,43.577268561]]]}},
{"type":"Feature","properties":{"plot_id":1,"poly_line":"1_1","strip_id":9},"geometry":{"type":"Polygon","coordinates":[[[-98.983871251,43.576951686],[-98.983866185,43.57777502],[-98.983977652,43.577775382],[-98.983982717,43.576952048],[-98.983871251,43.576951686]]]}},
{"type":"Feature","properties":{"plot_id":1,"poly_line":"2_1","strip_id":9},"geometry":{"type":"Polygon","coordinates":[[[-98.983900232,43.572241533],[-98.983896098,43.572913494],[-98.984007556,43.572913857],[-98.984011689,43.572241895],[-98.983900232,43.572241533]]]}},
{"type":"Feature","properties":{"plot_id":2,"poly_line":"2_1","strip_id":9},"geometry":{"type":"Polygon","coordinates":[[[-98.983896098,43.572913494],[-98.983891964,43.573585456],[-98.984003423,43.573585819],[-98.984007556,43.572913857],[-98.983896098,43.572913494]]]}},
{"type":"Feature","properties":{"plot_id":3,"poly_line":"2_1","strip_id":9},"geometry":{"type":"Polygon","coordinates":[[[-98.983891964,43.573585456],[-98.983887829,43.574257418],[-98.98399929,43.57425778],[-98.984003423,43.573585819],[-98.983891964,43.573585456]]]}},
{"type":"Feature","properties":{"plot_id":4,"poly_line":"2_1","strip_id":9},"geometry":{"type":"Polygon","coordinates":[[[-98.983887829,43.574257418],[-98.983883695,43.574929379],[-98.983995157,43.574929742],[-98.98399929,43.57425778],[-98.983887829,43.574257418]]]}},
{"type":"Feature","properties":{"plot_id":5,"poly_line":"2_1","strip_id":9},"geometry":{"type":"Polygon","coordinates":[[[-98.983883695,43.574929379],[-98.98387956,43.575601341],[-98.983991023,43.575601703],[-98.983995157,43.574929742],[-98.983883695,43.574929379]]]}},
{"type":"Feature","properties":{"plot_id":6,"poly_line":"2_1","strip_id":9},"geometry":{"type":"Polygon","coordinates":[[[-98.98387956,43.575601341],[-98.983875425,43.576273302],[-98.98398689,43.576273665],[-98.983991023,43.575601703],[-98.98387956,43.575601341]]]}},
{"type":"Feature","properties":{"plot_id":1,"poly_line":"1_1","strip_id":10},"geometry":{"type":"Polygon","coordinates":[[[-98.983982339,43.577013523],[-98.983977274,43.577836857],[-98.984088741,43.577837219],[-98.984093804,43.577013885],[-98.983982339,43.577013523]]]}},
{"type":"Feature","properties":{"plot_id":1,"poly_line":"2_1","strip_id":10},"geometry":{"type":"Polygon","coordinates":[[[-98.984011689,43.572241933],[-98.984007615,43.572904236],[-98.984119074,43.572904599],[-98.984123146,43.572242295],[-98.984011689,43.572241933]]]}},
{"type":"Feature","properties":{"plot_id":2,"poly_line":"2_1","strip_id":10},"geometry":{"type":"Polygon","coordinates":[[[-98.984007615,43.572904236],[-98.984003542,43.57356654],[-98.984115001,43.573566902],[-98.984119074,43.572904599],[-98.984007615,43.572904236]]]}},
{"type":"Feature","properties":{"plot_id":3,"poly_line":"2_1","strip_id":10},"geometry":{"type":"Polygon","coordinates":[[[-98.984003542,43.57356654],[-98.983999468,43.574228843],[-98.984110929,43.574229205],[-98.984115001,43.573566902],[-98.984003542,43.57356654]]]}},
{"type":"Feature","properties":{"plot_id":4,"poly_line":"2_1","strip_id":10},"geometry":{"type":"Polygon","coordinates":[[[-98.983999468,43.574228843],[-98.983995394,43.574891146],[-98.984106856,43.574891509],[-98.984110929,43.574229205],[-98.983999468,43.574228843]]]}},
{"type":"Feature","properties":{"plot_id":5,"poly_line":"2_1","strip_id":10},"geometry":{"type":"Polygon","coordinates":[[[-98.983995394,43.574891146],[-98.98399132,43.57555345],[-98.984102783,43.575553812],[-98.984106856,43.574891509],[-98.983995394,43.574891146]]]}},
{"type":"Feature","properties":{"plot_id":6,"poly_line":"2_1","strip_id":10},"geometry":{"type":"Polygon","coordinates":[[[-98.98399132,43.57555345],[-98.983987246,43.576215753],[-98.98409871,43.576216115],[-98.984102783,43.575553812],[-98.98399132,43.57555345]]]}},
{"type":"Feature","properties":{"plot_id":1,"poly_line":"2_1","strip_id":11},"geometry":{"type":"Polygon","coordinates":[[[-98.984123146,43.572242333],[-98.984118293,43.573031575],[-98.984229751,43.573031937],[-98.984234603,43.572242695],[-98.984123146,43.572242333]]]}},
{"type":"Feature","properties":{"plot_id":2,"poly_line":"2_1","strip_id":11},"geometry":{"type":"Polygon","coordinates":[[[-98.984118293,43.573031575],[-98.98411344,43.573820817],[-98.9842249,43.57382118],[-98.984229751,43.573031937],[-98.984118293,43.573031575]]]}},
{"type":"Feature","properties":{"plot_id":3,"poly_line":"2_1","strip_id":11},"geometry":{"type":"Polygon","coordinates":[[[-98.98411344,43.573820817],[-98.984108587,43.57461006],[-98.984220048,43.574610422],[-98.9842249,43.57382118],[-98.98411344,43.573820817]]]}},
{"type":"Feature","properties":{"plot_id":4,"poly_line":"2_1","strip_id":11},"geometry":{"type":"Polygon","coordinates":[[[-98.984108587,43.57461006],[-98.984103733,43.575399302],[-98.984215196,43.575399664],[-98.984220048,43.574610422],[-98.984108587,43.57461006]]]}},
{"type":"Feature","properties":{"plot_id":5,"poly_line":"2_1","strip_id":11},"geometry":{"type":"Polygon","coordinates":[[[-98.984103733,43.575399302],[-98.98409888,43.576188544],[-98.984210344,43.576188906],[-98.984215196,43.575399664],[-98.984103733,43.575399302]]]}},
{"type":"Feature","properties":{"plot_id":1,"poly_line":"2_1","strip_id":12},"geometry":{"type":"Polygon","coordinates":[[[-98.984234602,43.572242733],[-98.984229764,43.573029922],[-98.984341222,43.573030284],[-98.984346059,43.572243095],[-98.984234602,43.572242733]]]}},
{"type":"Feature","properties":{"plot_id":2,"poly_line":"2_1","strip_id":12},"geometry":{"type":"Polygon","coordinates":[[[-98.984229764,43.573029922],[-98.984224925,43.57381711],[-98.984336384,43.573817472],[-98.984341222,43.573030284],[-98.984229764,43.573029922]]]}},
{"type":"Feature","properties":{"plot_id":3,"poly_line":"2_1","strip_id":12},"geometry":{"type":"Polygon","coordinates":[[[-98.984224925,43.57381711],[-98.984220086,43.574604299],[-98.984331547,43.574604661],[-98.984336384,43.573817472],[-98.984224925,43.57381711]]]}},
{"type":"Feature","properties":{"plot_id":4,"poly_line":"2_1","strip_id":12},"geometry":{"type":"Polygon","coordinates":[[[-98.984220086,43.574604299],[-98.984215246,43.575391487],[-98.984326709,43.575391849],[-98.984331547,43.574604661],[-98.984220086,43.574604299]]]}},
{"type":"Feature","properties":{"plot_id":5,"poly_line":"2_1","strip_id":12},"geometry":{"type":"Polygon","coordinates":[[[-98.984215246,43.575391487],[-98.984210407,43.576178675],[-98.984321871,43.576179038],[-98.984326709,43.575391849],[-98.984215246,43.575391487]]]}},
{"type":"Feature","properties":{"plot_id":1,"poly_line":"2_1","strip_id":13},"geometry":{"type":"Polygon","coordinates":[[[-98.984346059,43.572243133],[-98.98434123,43.573028924],[-98.984452689,43.573029286],[-98.984457516,43.572243495],[-98.984346059,43.572243133]]]}},
{"type":"Feature","properties":{"plot_id":2,"poly_line":"2_1","strip_id":13},"geometry":{"type":"Polygon","coordinates":[[[-98.98434123,43.573028924],[-98.984336401,43.573814716],[-98.984447861,43.573815078],[-98.984452689,43.573029286],[-98.98434123,43.573028924]]]}},
{"type":"Feature","properties":{"plot_id":3,"poly_line":"2_1","strip_id":13},"geometry":{"type":"Polygon","coordinates":[[[-98.984336401,43.573814716],[-98.984331572,43.574600508],[-98.984443034,43.57460087],[-98.984447861,43.573815078],[-98.984336401,43.573814716]]]}},
{"type":"Feature","properties":{"plot_id":4,"poly_line":"2_1","strip_id":13},"geometry":{"type":"Polygon","coordinates":[[[-98.984331572,43.574600508],[-98.984326743,43.575386299],[-98.984438206,43.575386661],[-98.984443034,43.57460087],[-98.984331572,43.574600508]]]}},
{"type":"Feature","properties":{"plot_id":5,"poly_line":"2_1","strip_id":13},"geometry":{"type":"Polygon","coordinates":[[[-98.984326743,43.575386299],[-98.984321914,43.576172091],[-98.984433378,43.576172453],[-98.984438206,43.575386661],[-98.984326743,43.575386299]]]}},
{"type":"Feature","properties":{"plot_id":1,"poly_line":"2_1","strip_id":14},"geometry":{"type":"Polygon","coordinates":[[[-98.984457516,43.572243562],[-98.984452689,43.573029224],[-98.984564147,43.573029585],[-98.984568973,43.572243923],[-98.984457516,43.572243562]]]}},
{"type":"Feature","properties":{"plot_id":2,"poly_line":"2_1","strip_id":14},"geometry":{"type":"Polygon","coordinates":[[[-98.984452689,43.573029224],[-98.984447862,43.573814885],[-98.984559322,43.573815247],[-98.984564147,43.573029585],[-98.984452689,43.573029224]]]}},
{"type":"Feature","properties":{"plot_id":3,"poly_line":"2_1","strip_id":14},"geometry":{"type":"Polygon","coordinates":[[[-98.984447862,43.573814885],[-98.984443036,43.574600547],[-98.984554497,43.574600909],[-98.984559322,43.573815247],[-98.984447862,43.573814885]]]}},
{"type":"Feature","properties":{"plot_id":4,"poly_line":"2_1","strip_id":14},"geometry":{"type":"Polygon","coordinates":[[[-98.984443036,43.574600547],[-98.984438209,43.575386209],[-98.984549671,43.575386571],[-98.984554497,43.574600909],[-98.984443036,43.574600547]]]}},
{"type":"Feature","properties":{"plot_id":5,"poly_line":"2_1","strip_id":14},"geometry":{"type":"Polygon","coordinates":[[[-98.984438209,43.575386209],[-98.984433382,43.576171871],[-98.984544846,43.576172233],[-98.984549671,43.575386571],[-98.984438209,43.575386209]]]}},
{"type":"Feature","properties":{"plot_id":1,"poly_line":"2_1","strip_id":15},"geometry":{"type":"Polygon","coordinates":[[[-98.984568971,43.572244115],[-98.98456414,43.573030782],[-98.984675599,43.573031143],[-98.984680428,43.572244477],[-98.984568971,43.572244115]]]}},
{"type":"Feature","properties":{"plot_id":2,"poly_line":"2_1","strip_id":15},"geometry":{"type":"Polygon","coordinates":[[[-98.98456414,43.573030782],[-98.984559309,43.573817448],[-98.984670769,43.57381781],[-98.984675599,43.573031143],[-98.98456414,43.573030782]]]}},
{"type":"Feature","properties":{"plot_id":3,"poly_line":"2_1","strip_id":15},"geometry":{"type":"Polygon","coordinates":[[[-98.984559309,43.573817448],[-98.984554477,43.574604115],[-98.984665938,43.574604477],[-98.984670769,43.57381781],[-98.984559309,43.573817448]]]}},
{"type":"Feature","properties":{"plot_id":4,"poly_line":"2_1","strip_id":15},"geometry":{"type":"Polygon","coordinates":[[[-98.984554477,43.574604115],[-98.984549646,43.575390781],[-98.984661108,43.575391143],[-98.984665938,43.574604477],[-98.984554477,43.574604115]]]}},
{"type":"Feature","properties":{"plot_id":5,"poly_line":"2_1","strip_id":15},"geometry":{"type":"Polygon","coordinates":[[[-98.984549646,43.575390781],[-98.984544814,43.576177448],[-98.984656278,43.576177809],[-98.984661108,43.575391143],[-98.984549646,43.575390781]]]}},
{"type":"Feature","properties":{"plot_id":1,"poly_line":"1_1","strip_id":16},"geometry":{"type":"Polygon","coordinates":[[[-98.984649342,43.577307346],[-98.984645101,43.577998076],[-98.984756568,43.577998438],[-98.984760808,43.577307708],[-98.984649342,43.577307346]]]}},
{"type":"Feature","properties":{"plot_id":1,"poly_line":"2_1","strip_id":16},"geometry":{"type":"Polygon","coordinates":[[[-98.984680427,43.572244669],[-98.984675583,43.573033702],[-98.984787041,43.573034064],[-98.984791884,43.572245031],[-98.984680427,43.572244669]]]}},
{"type":"Feature","properties":{"plot_id":2,"poly_line":"2_1","strip_id":16},"geometry":{"type":"Polygon","coordinates":[[[-98.984675583,43.573033702],[-98.984670738,43.573822735],[-98.984782198,43.573823096],[-98.984787041,43.573034064],[-98.984675583,43.573033702]]]}},
{"type":"Feature","properties":{"plot_id":3,"poly_line":"2_1","strip_id":16},"geometry":{"type":"Polygon","coordinates":[[[-98.984670738,43.573822735],[-98.984665894,43.574611767],[-98.984777355,43.574612129],[-98.984782198,43.573823096],[-98.984670738,43.573822735]]]}},
{"type":"Feature","properties":{"plot_id":4,"poly_line":"2_1","strip_id":16},"geometry":{"type":"Polygon","coordinates":[[[-98.984665894,43.574611767],[-98.984661049,43.575400799],[-98.984772512,43.575401161],[-98.984777355,43.574612129],[-98.984665894,43.574611767]]]}},
{"type":"Feature","properties":{"plot_id":5,"poly_line":"2_1","strip_id":16},"geometry":{"type":"Polygon","coordinates":[[[-98.984661049,43.575400799],[-98.984656204,43.576189832],[-98.984767668,43.576190193],[-98.984772512,43.575401161],[-98.984661049,43.575400799]]]}},
{"type":"Feature","properties":{"plot_id":1,"poly_line":"1_1","strip_id":17},"geometry":{"type":"Polygon","coordinates":[[[-98.984761284,43.577230255],[-98.984756562,43.577999489],[-98.984868029,43.577999851],[-98.98487275,43.577230616],[-98.984761284,43.577230255]]]}},
{"type":"Feature","properties":{"plot_id":1,"poly_line":"2_1","strip_id":17},"geometry":{"type":"Polygon","coordinates":[[[-98.984791883,43.572245223],[-98.984787833,43.572905108],[-98.984899291,43.57290547],[-98.98490334,43.572245585],[-98.984791883,43.572245223]]]}},
{"type":"Feature","properties":{"plot_id":2,"poly_line":"2_1","strip_id":17},"geometry":{"type":"Polygon","coordinates":[[[-98.984787833,43.572905108],[-98.984783782,43.573564994],[-98.984895242,43.573565355],[-98.984899291,43.57290547],[-98.984787833,43.572905108]]]}},
{"type":"Feature","properties":{"plot_id":3,"poly_line":"2_1","strip_id":17},"geometry":{"type":"Polygon","coordinates":[[[-98.984783782,43.573564994],[-98.984779732,43.574224879],[-98.984891193,43.57422524],[-98.984895242,43.573565355],[-98.984783782,43.573564994]]]}},
{"type":"Feature","properties":{"plot_id":4,"poly_line":"2_1","strip_id":17},"geometry":{"type":"Polygon","coordinates":[[[-98.984779732,43.574224879],[-98.984775682,43.574884763],[-98.984887143,43.574885125],[-98.984891193,43.57422524],[-98.984779732,43.574224879]]]}},
{"type":"Feature","properties":{"plot_id":5,"poly_line":"2_1","strip_id":17},"geometry":{"type":"Polygon","coordinates":[[[-98.984775682,43.574884763],[-98.984771631,43.575544648],[-98.984883094,43.57554501],[-98.984887143,43.574885125],[-98.984775682,43.574884763]]]}},
{"type":"Feature","properties":{"plot_id":6,"poly_line":"2_1","strip_id":17},"geometry":{"type":"Polygon","coordinates":[[[-98.984771631,43.575544648],[-98.98476758,43.576204533],[-98.984879045,43.576204895],[-98.984883094,43.57554501],[-98.984771631,43.575544648]]]}},
{"type":"Feature","properties":{"plot_id":1,"poly_line":"1_1","strip_id":18},"geometry":{"type":"Polygon","coordinates":[[[-98.984873225,43.577153167],[-98.984868173,43.577976501],[-98.98497964,43.577976863],[-98.984984691,43.577153529],[-98.984873225,43.577153167]]]}},
{"type":"Feature","properties":{"plot_id":1,"poly_line":"2_1","strip_id":18},"geometry":{"type":"Polygon","coordinates":[[[-98.984903339,43.572245777],[-98.984899267,43.572909405],[-98.985010725,43.572909766],[-98.985014796,43.572246139],[-98.984903339,43.572245777]]]}},
{"type":"Feature","properties":{"plot_id":2,"poly_line":"2_1","strip_id":18},"geometry":{"type":"Polygon","coordinates":[[[-98.984899267,43.572909405],[-98.984895195,43.573573032],[-98.985006654,43.573573393],[-98.985010725,43.572909766],[-98.984899267,43.572909405]]]}},
{"type":"Feature","properties":{"plot_id":3,"poly_line":"2_1","strip_id":18},"geometry":{"type":"Polygon","coordinates":[[[-98.984895195,43.573573032],[-98.984891123,43.574236659],[-98.985002583,43.57423702],[-98.985006654,43.573573393],[-98.984895195,43.573573032]]]}},
{"type":"Feature","properties":{"plot_id":4,"poly_line":"2_1","strip_id":18},"geometry":{"type":"Polygon","coordinates":[[[-98.984891123,43.574236659],[-98.98488705,43.574900286],[-98.984998512,43.574900647],[-98.985002583,43.57423702],[-98.984891123,43.574236659]]]}},
{"type":"Feature","properties":{"plot_id":5,"poly_line":"2_1","strip_id":18},"geometry":{"type":"Polygon","coordinates":[[[-98.98488705,43.574900286],[-98.984882978,43.575563913],[-98.984994441,43.575564274],[-98.984998512,43.574900647],[-98.98488705,43.574900286]]]}},
{"type":"Feature","properties":{"plot_id":6,"poly_line":"2_1","strip_id":18},"geometry":{"type":"Polygon","coordinates":[[[-98.984882978,43.575563913],[-98.984878906,43.57622754],[-98.98499037,43.576227901],[-98.984994441,43.575564274],[-98.984882978,43.575563913]]]}},
{"type":"Feature","properties":{"plot_id":1,"poly_line":"1_1","strip_id":19},"geometry":{"type":"Polygon","coordinates":[[[-98.985014794,43.572246331],[-98.985010613,43.572927966],[-98.985122071,43.572928328],[-98.985126251,43.572246693],[-98.985014794,43.572246331]]]}},
{"type":"Feature","properties":{"plot_id":2,"poly_line":"1_1","strip_id":19},"geometry":{"type":"Polygon","coordinates":[[[-98.985010613,43.572927966],[-98.985006432,43.573609601],[-98.985117891,43.573609962],[-98.985122071,43.572928328],[-98.985010613,43.572927966]]]}},
{"type":"Feature","properties":{"plot_id":3,"poly_line":"1_1","strip_id":19},"geometry":{"type":"Polygon","coordinates":[[[-98.985006432,43.573609601],[-98.985002251,43.574291236],[-98.985113711,43.574291597],[-98.985117891,43.573609962],[-98.985006432,43.573609601]]]}},
{"type":"Feature","properties":{"plot_id":4,"poly_line":"1_1","strip_id":19},"geometry":{"type":"Polygon","coordinates":[[[-98.985002251,43.574291236],[-98.984998069,43.574972871],[-98.985109531,43.574973232],[-98.985113711,43.574291597],[-98.985002251,43.574291236]]]}},
{"type":"Feature","properties":{"plot_id":5,"poly_line":"1_1","strip_id":19},"geometry":{"type":"Polygon","coordinates":[[[-98.984998069,43.574972871],[-98.984993888,43.575654505],[-98.985105351,43.575654867],[-98.985109531,43.574973232],[-98.984998069,43.574972871]]]}},
{"type":"Feature","properties":{"plot_id":6,"poly_line":"1_1","strip_id":19},"geometry":{"type":"Polygon","coordinates":[[[-98.984993888,43.575654505],[-98.984989706,43.57633614],[-98.98510117,43.576336501],[-98.985105351,43.575654867],[-98.984993888,43.575654505]]]}},
{"type":"Feature","properties":{"plot_id":1,"poly_line":"1_2","strip_id":19},"geometry":{"type":"Polygon","coordinates":[[[-98.984985715,43.576986583],[-98.984980664,43.577809917],[-98.985092131,43.577810278],[-98.985097181,43.576986944],[-98.984985715,43.576986583]]]}},
{"type":"Feature","properties":{"plot_id":1,"poly_line":"1_1","strip_id":20},"geometry":{"type":"Polygon","coordinates":[[[-98.98512625,43.572246873],[-98.985121837,43.572966481],[-98.985233296,43.572966842],[-98.985237707,43.572247235],[-98.98512625,43.572246873]]]}},
{"type":"Feature","properties":{"plot_id":2,"poly_line":"1_1","strip_id":20},"geometry":{"type":"Polygon","coordinates":[[[-98.985121837,43.572966481],[-98.985117425,43.573686088],[-98.985228884,43.573686449],[-98.985233296,43.572966842],[-98.985121837,43.572966481]]]}},
{"type":"Feature","properties":{"plot_id":3,"poly_line":"1_1","strip_id":20},"geometry":{"type":"Polygon","coordinates":[[[-98.985117425,43.573686088],[-98.985113012,43.574405695],[-98.985224472,43.574406056],[-98.985228884,43.573686449],[-98.985117425,43.573686088]]]}},
{"type":"Feature","properties":{"plot_id":4,"poly_line":"1_1","strip_id":20},"geometry":{"type":"Polygon","coordinates":[[[-98.985113012,43.574405695],[-98.985108598,43.575125302],[-98.985220061,43.575125663],[-98.985224472,43.574406056],[-98.985113012,43.574405695]]]}},
{"type":"Feature","properties":{"plot_id":5,"poly_line":"1_1","strip_id":20},"geometry":{"type":"Polygon","coordinates":[[[-98.985108598,43.575125302],[-98.985104185,43.575844909],[-98.985215649,43.57584527],[-98.985220061,43.575125663],[-98.985108598,43.575125302]]]}},
{"type":"Feature","properties":{"plot_id":6,"poly_line":"1_1","strip_id":20},"geometry":{"type":"Polygon","coordinates":[[[-98.985104185,43.575844909],[-98.985099772,43.576564515],[-98.985211237,43.576564877],[-98.985215649,43.57584527],[-98.985104185,43.575844909]]]}},
{"type":"Feature","properties":{"plot_id":7,"poly_line":"1_1","strip_id":20},"geometry":{"type":"Polygon","coordinates":[[[-98.985099772,43.576564515],[-98.985095358,43.577284122],[-98.985206825,43.577284483],[-98.985211237,43.576564877],[-98.985099772,43.576564515]]]}},
{"type":"Feature","properties":{"plot_id":8,"poly_line":"1_1","strip_id":20},"geometry":{"type":"Polygon","coordinates":[[[-98.985095358,43.577284122],[-98.985090945,43.578003729],[-98.985202413,43.57800409],[-98.985206825,43.577284483],[-98.985095358,43.577284122]]]}},
{"type":"Feature","properties":{"plot_id":1,"poly_line":"1_1","strip_id":21},"geometry":{"type":"Polygon","coordinates":[[[-98.985237706,43.572247397],[-98.985233294,43.572967115],[-98.985344752,43.572967477],[-98.985349163,43.572247758],[-98.985237706,43.572247397]]]}},
{"type":"Feature","properties":{"plot_id":2,"poly_line":"1_1","strip_id":21},"geometry":{"type":"Polygon","coordinates":[[[-98.985233294,43.572967115],[-98.985228882,43.573686834],[-98.985340341,43.573687195],[-98.985344752,43.572967477],[-98.985233294,43.572967115]]]}},
{"type":"Feature","properties":{"plot_id":3,"poly_line":"1_1","strip_id":21},"geometry":{"type":"Polygon","coordinates":[[[-98.985228882,43.573686834],[-98.985224469,43.574406552],[-98.98533593,43.574406913],[-98.985340341,43.573687195],[-98.985228882,43.573686834]]]}},
{"type":"Feature","properties":{"plot_id":4,"poly_line":"1_1","strip_id":21},"geometry":{"type":"Polygon","coordinates":[[[-98.985224469,43.574406552],[-98.985220057,43.57512627],[-98.985331519,43.575126631],[-98.98533593,43.574406913],[-98.985224469,43.574406552]]]}},
{"type":"Feature","properties":{"plot_id":5,"poly_line":"1_1","strip_id":21},"geometry":{"type":"Polygon","coordinates":[[[-98.985220057,43.57512627],[-98.985215644,43.575845988],[-98.985327108,43.575846349],[-98.985331519,43.575126631],[-98.985220057,43.57512627]]]}},
{"type":"Feature","properties":{"plot_id":6,"poly_line":"1_1","strip_id":21},"geometry":{"type":"Polygon","coordinates":[[[-98.985215644,43.575845988],[-98.985211232,43.576565706],[-98.985322697,43.576566067],[-98.985327108,43.575846349],[-98.985215644,43.575845988]]]}},
{"type":"Feature","properties":{"plot_id":7,"poly_line":"1_1","strip_id":21},"geometry":{"type":"Polygon","coordinates":[[[-98.985211232,43.576565706],[-98.985206819,43.577285424],[-98.985318285,43.577285785],[-98.985322697,43.576566067],[-98.985211232,43.576565706]]]}},
{"type":"Feature","properties":{"plot_id":8,"poly_line":"1_1","strip_id":21},"geometry":{"type":"Polygon","coordinates":[[[-98.985206819,43.577285424],[-98.985202406,43.578005142],[-98.985313874,43.578005503],[-98.985318285,43.577285785],[-98.985206819,43.577285424]]]}},
{"type":"Feature","properties":{"plot_id":1,"poly_line":"1_1","strip_id":22},"geometry":{"type":"Polygon","coordinates":[[[-98.985349162,43.572247931],[-98.985344751,43.572967759],[-98.985456209,43.57296812],[-98.985460619,43.572248292],[-98.985349162,43.572247931]]]}},
{"type":"Feature","properties":{"plot_id":2,"poly_line":"1_1","strip_id":22},"geometry":{"type":"Polygon","coordinates":[[[-98.985344751,43.572967759],[-98.985340339,43.573687588],[-98.985451799,43.573687949],[-98.985456209,43.57296812],[-98.985344751,43.572967759]]]}},
{"type":"Feature","properties":{"plot_id":3,"poly_line":"1_1","strip_id":22},"geometry":{"type":"Polygon","coordinates":[[[-98.985340339,43.573687588],[-98.985335927,43.574407416],[-98.985447388,43.574407777],[-98.985451799,43.573687949],[-98.985340339,43.573687588]]]}},
{"type":"Feature","properties":{"plot_id":4,"poly_line":"1_1","strip_id":22},"geometry":{"type":"Polygon","coordinates":[[[-98.985335927,43.574407416],[-98.985331515,43.575127244],[-98.985442978,43.575127605],[-98.985447388,43.574407777],[-98.985335927,43.574407416]]]}},
{"type":"Feature","properties":{"plot_id":5,"poly_line":"1_1","strip_id":22},"geometry":{"type":"Polygon","coordinates":[[[-98.985331515,43.575127244],[-98.985327104,43.575847071],[-98.985438567,43.575847433],[-98.985442978,43.575127605],[-98.985331515,43.575127244]]]}},
{"type":"Feature","properties":{"plot_id":6,"poly_line":"1_1","strip_id":22},"geometry":{"type":"Polygon","coordinates":[[[-98.985327104,43.575847071],[-98.985322692,43.576566899],[-98.985434156,43.57656726],[-98.985438567,43.575847433],[-98.985327104,43.575847071]]]}},
{"type":"Feature","properties":{"plot_id":7,"poly_line":"1_1","strip_id":22},"geometry":{"type":"Polygon","coordinates":[[[-98.985322692,43.576566899],[-98.985318279,43.577286727],[-98.985429746,43.577287088],[-98.985434156,43.57656726],[-98.985322692,43.576566899]]]}},
{"type":"Feature","properties":{"plot_id":8,"poly_line":"1_1","strip_id":22},"geometry":{"type":"Polygon","coordinates":[[[-98.985318279,43.577286727],[-98.985313867,43.578006555],[-98.985425335,43.578006916],[-98.985429746,43.577287088],[-98.985318279,43.577286727]]]}},
{"type":"Feature","properties":{"plot_id":1,"poly_line":"1_1","strip_id":23},"geometry":{"type":"Polygon","coordinates":[[[-98.985460618,43.57224849],[-98.985456207,43.572968425],[-98.985567665,43.572968786],[-98.985572075,43.572248851],[-98.985460618,43.57224849]]]}},
{"type":"Feature","properties":{"plot_id":2,"poly_line":"1_1","strip_id":23},"geometry":{"type":"Polygon","coordinates":[[[-98.985456207,43.572968425],[-98.985451796,43.57368836],[-98.985563256,43.573688721],[-98.985567665,43.572968786],[-98.985456207,43.572968425]]]}},
{"type":"Feature","properties":{"plot_id":3,"poly_line":"1_1","strip_id":23},"geometry":{"type":"Polygon","coordinates":[[[-98.985451796,43.57368836],[-98.985447385,43.574408295],[-98.985558846,43.574408656],[-98.985563256,43.573688721],[-98.985451796,43.57368836]]]}},
{"type":"Feature","properties":{"plot_id":4,"poly_line":"1_1","strip_id":23},"geometry":{"type":"Polygon","coordinates":[[[-98.985447385,43.574408295],[-98.985442974,43.575128229],[-98.985554436,43.57512859],[-98.985558846,43.574408656],[-98.985447385,43.574408295]]]}},
{"type":"Feature","properties":{"plot_id":5,"poly_line":"1_1","strip_id":23},"geometry":{"type":"Polygon","coordinates":[[[-98.985442974,43.575128229],[-98.985438563,43.575848164],[-98.985550026,43.575848525],[-98.985554436,43.57512859],[-98.985442974,43.575128229]]]}},
{"type":"Feature","properties":{"plot_id":6,"poly_line":"1_1","strip_id":23},"geometry":{"type":"Polygon","coordinates":[[[-98.985438563,43.575848164],[-98.985434151,43.576568099],[-98.985545616,43.57656846],[-98.985550026,43.575848525],[-98.985438563,43.575848164]]]}},
{"type":"Feature","properties":{"plot_id":7,"poly_line":"1_1","strip_id":23},"geometry":{"type":"Polygon","coordinates":[[[-98.985434151,43.576568099],[-98.98542974,43.577288033],[-98.985541206,43.577288394],[-98.985545616,43.57656846],[-98.985434151,43.576568099]]]}},
{"type":"Feature","properties":{"plot_id":8,"poly_line":"1_1","strip_id":23},"geometry":{"type":"Polygon","coordinates":[[[-98.98542974,43.577288033],[-98.985425328,43.578007967],[-98.985536796,43.578008328],[-98.985541206,43.577288394],[-98.98542974,43.577288033]]]}},
{"type":"Feature","properties":{"plot_id":1,"poly_line":"1_1","strip_id":24},"geometry":{"type":"Polygon","coordinates":[[[-98.985572074,43.572249049],[-98.985567663,43.572969091],[-98.985679122,43.572969452],[-98.985683531,43.57224941],[-98.985572074,43.572249049]]]}},
{"type":"Feature","properties":{"plot_id":2,"poly_line":"1_1","strip_id":24},"geometry":{"type":"Polygon","coordinates":[[[-98.985567663,43.572969091],[-98.985563253,43.573689132],[-98.985674713,43.573689493],[-98.985679122,43.572969452],[-98.985567663,43.572969091]]]}},
{"type":"Feature","properties":{"plot_id":3,"poly_line":"1_1","strip_id":24},"geometry":{"type":"Polygon","coordinates":[[[-98.985563253,43.573689132],[-98.985558843,43.574409174],[-98.985670304,43.574409535],[-98.985674713,43.573689493],[-98.985563253,43.573689132]]]}},
{"type":"Feature","properties":{"plot_id":4,"poly_line":"1_1","strip_id":24},"geometry":{"type":"Polygon","coordinates":[[[-98.985558843,43.574409174],[-98.985554432,43.575129215],[-98.985665895,43.575129576],[-98.985670304,43.574409535],[-98.985558843,43.574409174]]]}},
{"type":"Feature","properties":{"plot_id":5,"poly_line":"1_1","strip_id":24},"geometry":{"type":"Polygon","coordinates":[[[-98.985554432,43.575129215],[-98.985550022,43.575849257],[-98.985661485,43.575849617],[-98.985665895,43.575129576],[-98.985554432,43.575129215]]]}},
{"type":"Feature","properties":{"plot_id":6,"poly_line":"1_1","strip_id":24},"geometry":{"type":"Polygon","coordinates":[[[-98.985550022,43.575849257],[-98.985545611,43.576569298],[-98.985657076,43.576569659],[-98.985661485,43.575849617],[-98.985550022,43.575849257]]]}},
{"type":"Feature","properties":{"plot_id":7,"poly_line":"1_1","strip_id":24},"geometry":{"type":"Polygon","coordinates":[[[-98.985545611,43.576569298],[-98.9855412,43.577289339],[-98.985652667,43.5772897],[-98.985657076,43.576569659],[-98.985545611,43.576569298]]]}},
{"type":"Feature","properties":{"plot_id":8,"poly_line":"1_1","strip_id":24},"geometry":{"type":"Polygon","coordinates":[[[-98.9855412,43.577289339],[-98.985536789,43.57800938],[-98.985648257,43.578009741],[-98.985652667,43.5772897],[-98.9855412,43.577289339]]]}},
{"type":"Feature","properties":{"plot_id":1,"poly_line":"1_1","strip_id":25},"geometry":{"type":"Polygon","coordinates":[[[-98.985683529,43.572249608],[-98.98567912,43.572969756],[-98.985790578,43.572970117],[-98.985794986,43.572249969],[-98.985683529,43.572249608]]]}},
{"type":"Feature","properties":{"plot_id":2,"poly_line":"1_1","strip_id":25},"geometry":{"type":"Polygon","coordinates":[[[-98.98567912,43.572969756],[-98.98567471,43.573689905],[-98.98578617,43.573690265],[-98.985790578,43.572970117],[-98.98567912,43.572969756]]]}},
{"type":"Feature","properties":{"plot_id":3,"poly_line":"1_1","strip_id":25},"geometry":{"type":"Polygon","coordinates":[[[-98.98567471,43.573689905],[-98.985670301,43.574410053],[-98.985781762,43.574410414],[-98.98578617,43.573690265],[-98.98567471,43.573689905]]]}},
{"type":"Feature","properties":{"plot_id":4,"poly_line":"1_1","strip_id":25},"geometry":{"type":"Polygon","coordinates":[[[-98.985670301,43.574410053],[-98.985665891,43.575130201],[-98.985777353,43.575130562],[-98.985781762,43.574410414],[-98.985670301,43.574410053]]]}},
{"type":"Feature","properties":{"plot_id":5,"poly_line":"1_1","strip_id":25},"geometry":{"type":"Polygon","coordinates":[[[-98.985665891,43.575130201],[-98.985661481,43.575850349],[-98.985772944,43.57585071],[-98.985777353,43.575130562],[-98.985665891,43.575130201]]]}},
{"type":"Feature","properties":{"plot_id":6,"poly_line":"1_1","strip_id":25},"geometry":{"type":"Polygon","coordinates":[[[-98.985661481,43.575850349],[-98.985657071,43.576570497],[-98.985768536,43.576570858],[-98.985772944,43.57585071],[-98.985661481,43.575850349]]]}},
{"type":"Feature","properties":{"plot_id":7,"poly_line":"1_1","strip_id":25},"geometry":{"type":"Polygon","coordinates":[[[-98.985657071,43.576570497],[-98.985652661,43.577290645],[-98.985764127,43.577291005],[-98.985768536,43.576570858],[-98.985657071,43.576570497]]]}},
{"type":"Feature","properties":{"plot_id":8,"poly_line":"1_1","strip_id":25},"geometry":{"type":"Polygon","coordinates":[[[-98.985652661,43.577290645],[-98.985648251,43.578010792],[-98.985759718,43.578011153],[-98.985764127,43.577291005],[-98.985652661,43.577290645]]]}},
{"type":"Feature","properties":{"plot_id":1,"poly_line":"1_1","strip_id":26},"geometry":{"type":"Polygon","coordinates":[[[-98.985794985,43.572250167],[-98.985790576,43.572970422],[-98.985902035,43.572970782],[-98.985906442,43.572250527],[-98.985794985,43.572250167]]]}},
{"type":"Feature","properties":{"plot_id":2,"poly_line":"1_1","strip_id":26},"geometry":{"type":"Polygon","coordinates":[[[-98.985790576,43.572970422],[-98.985786167,43.573690677],[-98.985897627,43.573691037],[-98.985902035,43.572970782],[-98.985790576,43.572970422]]]}},
{"type":"Feature","properties":{"plot_id":3,"poly_line":"1_1","strip_id":26},"geometry":{"type":"Polygon","coordinates":[[[-98.985786167,43.573690677],[-98.985781758,43.574410932],[-98.985893219,43.574411292],[-98.985897627,43.573691037],[-98.985786167,43.573690677]]]}},
{"type":"Feature","properties":{"plot_id":4,"poly_line":"1_1","strip_id":26},"geometry":{"type":"Polygon","coordinates":[[[-98.985781758,43.574410932],[-98.985777349,43.575131186],[-98.985888811,43.575131547],[-98.985893219,43.574411292],[-98.985781758,43.574410932]]]}},
{"type":"Feature","properties":{"plot_id":5,"poly_line":"1_1","strip_id":26},"geometry":{"type":"Polygon","coordinates":[[[-98.985777349,43.575131186],[-98.98577294,43.575851441],[-98.985884404,43.575851802],[-98.985888811,43.575131547],[-98.985777349,43.575131186]]]}},
{"type":"Feature","properties":{"plot_id":6,"poly_line":"1_1","strip_id":26},"geometry":{"type":"Polygon","coordinates":[[[-98.98577294,43.575851441],[-98.985768531,43.576571696],[-98.985879996,43.576572056],[-98.985884404,43.575851802],[-98.98577294,43.575851441]]]}},
{"type":"Feature","properties":{"plot_id":7,"poly_line":"1_1","strip_id":26},"geometry":{"type":"Polygon","coordinates":[[[-98.985768531,43.576571696],[-98.985764121,43.57729195],[-98.985875588,43.577292311],[-98.985879996,43.576572056],[-98.985768531,43.576571696]]]}},
{"type":"Feature","properties":{"plot_id":8,"poly_line":"1_1","strip_id":26},"geometry":{"type":"Polygon","coordinates":[[[-98.985764121,43.57729195],[-98.985759712,43.578012205],[-98.985871179,43.578012565],[-98.985875588,43.577292311],[-98.985764121,43.57729195]]]}},
{"type":"Feature","properties":{"plot_id":1,"poly_line":"1_1","strip_id":27},"geometry":{"type":"Polygon","coordinates":[[[-98.985906441,43.572250725],[-98.985902033,43.572971087],[-98.986013491,43.572971447],[-98.986017898,43.572251086],[-98.985906441,43.572250725]]]}},
{"type":"Feature","properties":{"plot_id":2,"poly_line":"1_1","strip_id":27},"geometry":{"type":"Polygon","coordinates":[[[-98.985902033,43.572971087],[-98.985897624,43.573691449],[-98.986009084,43.573691809],[-98.986013491,43.572971447],[-98.985902033,43.572971087]]]}},
{"type":"Feature","properties":{"plot_id":3,"poly_line":"1_1","strip_id":27},"geometry":{"type":"Polygon","coordinates":[[[-98.985897624,43.573691449],[-98.985893216,43.57441181],[-98.986004677,43.574412171],[-98.986009084,43.573691809],[-98.985897624,43.573691449]]]}},
{"type":"Feature","properties":{"plot_id":4,"poly_line":"1_1","strip_id":27},"geometry":{"type":"Polygon","coordinates":[[[-98.985893216,43.57441181],[-98.985888808,43.575132172],[-98.98600027,43.575132532],[-98.986004677,43.574412171],[-98.985893216,43.57441181]]]}},
{"type":"Feature","properties":{"plot_id":5,"poly_line":"1_1","strip_id":27},"geometry":{"type":"Polygon","coordinates":[[[-98.985888808,43.575132172],[-98.985884399,43.575852533],[-98.985995863,43.575852894],[-98.98600027,43.575132532],[-98.985888808,43.575132172]]]}},
{"type":"Feature","properties":{"plot_id":6,"poly_line":"1_1","strip_id":27},"geometry":{"type":"Polygon","coordinates":[[[-98.985884399,43.575852533],[-98.98587999,43.576572895],[-98.985991455,43.576573255],[-98.985995863,43.575852894],[-98.985884399,43.575852533]]]}},
{"type":"Feature","properties":{"plot_id":7,"poly_line":"1_1","strip_id":27},"geometry":{"type":"Polygon","coordinates":[[[-98.98587999,43.576572895],[-98.985875582,43.577293256],[-98.985987048,43.577293616],[-98.985991455,43.576573255],[-98.98587999,43.576572895]]]}},
{"type":"Feature","properties":{"plot_id":8,"poly_line":"1_1","strip_id":27},"geometry":{"type":"Polygon","coordinates":[[[-98.985875582,43.577293256],[-98.985871173,43.578013617],[-98.98598264,43.578013978],[-98.985987048,43.577293616],[-98.985875582,43.577293256]]]}},
{"type":"Feature","properties":{"plot_id":1,"poly_line":"1_1","strip_id":28},"geometry":{"type":"Polygon","coordinates":[[[-98.986017897,43.572251284],[-98.986013489,43.572971748],[-98.986124947,43.572972108],[-98.986129353,43.572251644],[-98.986017897,43.572251284]]]}},
{"type":"Feature","properties":{"plot_id":2,"poly_line":"1_1","strip_id":28},"geometry":{"type":"Polygon","coordinates":[[[-98.986013489,43.572971748],[-98.986009082,43.573692212],[-98.986120541,43.573692572],[-98.986124947,43.572972108],[-98.986013489,43.572971748]]]}},
{"type":"Feature","properties":{"plot_id":3,"poly_line":"1_1","strip_id":28},"geometry":{"type":"Polygon","coordinates":[[[-98.986009082,43.573692212],[-98.986004674,43.574412676],[-98.986116135,43.574413036],[-98.986120541,43.573692572],[-98.986009082,43.573692212]]]}},
{"type":"Feature","properties":{"plot_id":4,"poly_line":"1_1","strip_id":28},"geometry":{"type":"Polygon","coordinates":[[[-98.986004674,43.574412676],[-98.986000266,43.57513314],[-98.986111728,43.5751335],[-98.986116135,43.574413036],[-98.986004674,43.574412676]]]}},
{"type":"Feature","properties":{"plot_id":5,"poly_line":"1_1","strip_id":28},"geometry":{"type":"Polygon","coordinates":[[[-98.986000266,43.57513314],[-98.985995858,43.575853604],[-98.986107322,43.575853964],[-98.986111728,43.5751335],[-98.986000266,43.57513314]]]}},
{"type":"Feature","properties":{"plot_id":6,"poly_line":"1_1","strip_id":28},"geometry":{"type":"Polygon","coordinates":[[[-98.985995858,43.575853604],[-98.98599145,43.576574068],[-98.986102915,43.576574428],[-98.986107322,43.575853964],[-98.985995858,43.575853604]]]}},
{"type":"Feature","properties":{"plot_id":7,"poly_line":"1_1","strip_id":28},"geometry":{"type":"Polygon","coordinates":[[[-98.98599145,43.576574068],[-98.985987042,43.577294531],[-98.986098509,43.577294892],[-98.986102915,43.576574428],[-98.98599145,43.576574068]]]}},
{"type":"Feature","properties":{"plot_id":8,"poly_line":"1_1","strip_id":28},"geometry":{"type":"Polygon","coordinates":[[[-98.985987042,43.577294531],[-98.985982634,43.578014995],[-98.986094102,43.578015355],[-98.986098509,43.577294892],[-98.985987042,43.577294531]]]}},
{"type":"Feature","properties":{"plot_id":1,"poly_line":"1_1","strip_id":29},"geometry":{"type":"Polygon","coordinates":[[[-98.986129352,43.572251842],[-98.986124946,43.572972371],[-98.986236404,43.572972731],[-98.986240809,43.572252202],[-98.986129352,43.572251842]]]}},
{"type":"Feature","properties":{"plot_id":2,"poly_line":"1_1","strip_id":29},"geometry":{"type":"Polygon","coordinates":[[[-98.986124946,43.572972371],[-98.986120539,43.573692899],[-98.986231999,43.57369326],[-98.986236404,43.572972731],[-98.986124946,43.572972371]]]}},
{"type":"Feature","properties":{"plot_id":3,"poly_line":"1_1","strip_id":29},"geometry":{"type":"Polygon","coordinates":[[[-98.986120539,43.573692899],[-98.986116133,43.574413428],[-98.986227593,43.574413788],[-98.986231999,43.57369326],[-98.986120539,43.573692899]]]}},
{"type":"Feature","properties":{"plot_id":4,"poly_line":"1_1","strip_id":29},"geometry":{"type":"Polygon","coordinates":[[[-98.986116133,43.574413428],[-98.986111726,43.575133957],[-98.986223188,43.575134317],[-98.986227593,43.574413788],[-98.986116133,43.574413428]]]}},
{"type":"Feature","properties":{"plot_id":5,"poly_line":"1_1","strip_id":29},"geometry":{"type":"Polygon","coordinates":[[[-98.986111726,43.575133957],[-98.986107319,43.575854485],[-98.986218782,43.575854845],[-98.986223188,43.575134317],[-98.986111726,43.575133957]]]}},
{"type":"Feature","properties":{"plot_id":6,"poly_line":"1_1","strip_id":29},"geometry":{"type":"Polygon","coordinates":[[[-98.986107319,43.575854485],[-98.986102912,43.576575013],[-98.986214377,43.576575374],[-98.986218782,43.575854845],[-98.986107319,43.575854485]]]}},
{"type":"Feature","properties":{"plot_id":7,"poly_line":"1_1","strip_id":29},"geometry":{"type":"Polygon","coordinates":[[[-98.986102912,43.576575013],[-98.986098505,43.577295542],[-98.986209971,43.577295902],[-98.986214377,43.576575374],[-98.986102912,43.576575013]]]}},
{"type":"Feature","properties":{"plot_id":8,"poly_line":"1_1","strip_id":29},"geometry":{"type":"Polygon","coordinates":[[[-98.986098505,43.577295542],[-98.986094097,43.57801607],[-98.986205565,43.57801643],[-98.986209971,43.577295902],[-98.986098505,43.577295542]]]}},
{"type":"Feature","properties":{"plot_id":1,"poly_line":"1_1","strip_id":30},"geometry":{"type":"Polygon","coordinates":[[[-98.986240808,43.5722524],[-98.986236402,43.572972994],[-98.986347861,43.572973354],[-98.986352265,43.57225276],[-98.986240808,43.5722524]]]}},
{"type":"Feature","properties":{"plot_id":2,"poly_line":"1_1","strip_id":30},"geometry":{"type":"Polygon","coordinates":[[[-98.986236402,43.572972994],[-98.986231997,43.573693587],[-98.986343456,43.573693947],[-98.986347861,43.572973354],[-98.986236402,43.572972994]]]}},
{"type":"Feature","properties":{"plot_id":3,"poly_line":"1_1","strip_id":30},"geometry":{"type":"Polygon","coordinates":[[[-98.986231997,43.573693587],[-98.986227591,43.57441418],[-98.986339052,43.57441454],[-98.986343456,43.573693947],[-98.986231997,43.573693587]]]}},
{"type":"Feature","properties":{"plot_id":4,"poly_line":"1_1","strip_id":30},"geometry":{"type":"Polygon","coordinates":[[[-98.986227591,43.57441418],[-98.986223185,43.575134773],[-98.986334647,43.575135133],[-98.986339052,43.57441454],[-98.986227591,43.57441418]]]}},
{"type":"Feature","properties":{"plot_id":5,"poly_line":"1_1","strip_id":30},"geometry":{"type":"Polygon","coordinates":[[[-98.986223185,43.575134773],[-98.986218779,43.575855366],[-98.986330243,43.575855726],[-98.986334647,43.575135133],[-98.986223185,43.575134773]]]}},
{"type":"Feature","properties":{"plot_id":6,"poly_line":"1_1","strip_id":30},"geometry":{"type":"Polygon","coordinates":[[[-98.986218779,43.575855366],[-98.986214373,43.576575959],[-98.986325838,43.576576319],[-98.986330243,43.575855726],[-98.986218779,43.575855366]]]}},
{"type":"Feature","properties":{"plot_id":7,"poly_line":"1_1","strip_id":30},"geometry":{"type":"Polygon","coordinates":[[[-98.986214373,43.576575959],[-98.986209967,43.577296552],[-98.986321433,43.577296912],[-98.986325838,43.576576319],[-98.986214373,43.576575959]]]}},
{"type":"Feature","properties":{"plot_id":8,"poly_line":"1_1","strip_id":30},"geometry":{"type":"Polygon","coordinates":[[[-98.986209967,43.577296552],[-98.986205561,43.578017145],[-98.986317028,43.578017505],[-98.986321433,43.577296912],[-98.986209967,43.577296552]]]}},
{"type":"Feature","properties":{"plot_id":1,"poly_line":"1_1","strip_id":31},"geometry":{"type":"Polygon","coordinates":[[[-98.986352264,43.572252958],[-98.986347859,43.572973616],[-98.986459317,43.572973976],[-98.986463721,43.572253318],[-98.986352264,43.572252958]]]}},
{"type":"Feature","properties":{"plot_id":2,"poly_line":"1_1","strip_id":31},"geometry":{"type":"Polygon","coordinates":[[[-98.986347859,43.572973616],[-98.986343454,43.573694274],[-98.986454914,43.573694634],[-98.986459317,43.572973976],[-98.986347859,43.572973616]]]}},
{"type":"Feature","properties":{"plot_id":3,"poly_line":"1_1","strip_id":31},"geometry":{"type":"Polygon","coordinates":[[[-98.986343454,43.573694274],[-98.98633905,43.574414932],[-98.986450511,43.574415292],[-98.986454914,43.573694634],[-98.986343454,43.573694274]]]}},
{"type":"Feature","properties":{"plot_id":4,"poly_line":"1_1","strip_id":31},"geometry":{"type":"Polygon","coordinates":[[[-98.98633905,43.574414932],[-98.986334645,43.57513559],[-98.986446107,43.57513595],[-98.986450511,43.574415292],[-98.98633905,43.574414932]]]}},
{"type":"Feature","properties":{"plot_id":5,"poly_line":"1_1","strip_id":31},"geometry":{"type":"Polygon","coordinates":[[[-98.986334645,43.57513559],[-98.98633024,43.575856247],[-98.986441703,43.575856607],[-98.986446107,43.57513595],[-98.986334645,43.57513559]]]}},
{"type":"Feature","properties":{"plot_id":6,"poly_line":"1_1","strip_id":31},"geometry":{"type":"Polygon","coordinates":[[[-98.98633024,43.575856247],[-98.986325834,43.576576905],[-98.986437299,43.576577265],[-98.986441703,43.575856607],[-98.98633024,43.575856247]]]}},
{"type":"Feature","properties":{"plot_id":7,"poly_line":"1_1","strip_id":31},"geometry":{"type":"Polygon","coordinates":[[[-98.986325834,43.576576905],[-98.986321429,43.577297562],[-98.986432896,43.577297922],[-98.986437299,43.576577265],[-98.986325834,43.576576905]]]}},
{"type":"Feature","properties":{"plot_id":8,"poly_line":"1_1","strip_id":31},"geometry":{"type":"Polygon","coordinates":[[[-98.986321429,43.577297562],[-98.986317024,43.578018219],[-98.986428491,43.578018579],[-98.986432896,43.577297922],[-98.986321429,43.577297562]]]}},
{"type":"Feature","properties":{"plot_id":1,"poly_line":"1_1","strip_id":32},"geometry":{"type":"Polygon","coordinates":[[[-98.98646372,43.572253517],[-98.986459316,43.572974239],[-98.986570774,43.572974599],[-98.986575176,43.572253876],[-98.98646372,43.572253517]]]}},
{"type":"Feature","properties":{"plot_id":2,"poly_line":"1_1","strip_id":32},"geometry":{"type":"Polygon","coordinates":[[[-98.986459316,43.572974239],[-98.986454912,43.573694961],[-98.986566372,43.573695321],[-98.986570774,43.572974599],[-98.986459316,43.572974239]]]}},
{"type":"Feature","properties":{"plot_id":3,"poly_line":"1_1","strip_id":32},"geometry":{"type":"Polygon","coordinates":[[[-98.986454912,43.573694961],[-98.986450508,43.574415684],[-98.986561969,43.574416044],[-98.986566372,43.573695321],[-98.986454912,43.573694961]]]}},
{"type":"Feature","properties":{"plot_id":4,"poly_line":"1_1","strip_id":32},"geometry":{"type":"Polygon","coordinates":[[[-98.986450508,43.574415684],[-98.986446104,43.575136406],[-98.986557566,43.575136766],[-98.986561969,43.574416044],[-98.986450508,43.574415684]]]}},
{"type":"Feature","properties":{"plot_id":5,"poly_line":"1_1","strip_id":32},"geometry":{"type":"Polygon","coordinates":[[[-98.986446104,43.575136406],[-98.9864417,43.575857128],[-98.986553164,43.575857488],[-98.986557566,43.575136766],[-98.986446104,43.575136406]]]}},
{"type":"Feature","properties":{"plot_id":6,"poly_line":"1_1","strip_id":32},"geometry":{"type":"Polygon","coordinates":[[[-98.9864417,43.575857128],[-98.986437296,43.57657785],[-98.986548761,43.57657821],[-98.986553164,43.575857488],[-98.9864417,43.575857128]]]}},
{"type":"Feature","properties":{"plot_id":7,"poly_line":"1_1","strip_id":32},"geometry":{"type":"Polygon","coordinates":[[[-98.986437296,43.57657785],[-98.986432892,43.577298572],[-98.986544358,43.577298932],[-98.986548761,43.57657821],[-98.986437296,43.57657785]]]}},
{"type":"Feature","properties":{"plot_id":8,"poly_line":"1_1","strip_id":32},"geometry":{"type":"Polygon","coordinates":[[[-98.986432892,43.577298572],[-98.986428487,43.578019294],[-98.986539955,43.578019654],[-98.986544358,43.577298932],[-98.986432892,43.577298572]]]}},
{"type":"Feature","properties":{"plot_id":1,"poly_line":"1_1","strip_id":33},"geometry":{"type":"Polygon","coordinates":[[[-98.986575175,43.572254074],[-98.986570773,43.572974861],[-98.986682231,43.572975221],[-98.986686632,43.572254434],[-98.986575175,43.572254074]]]}},
{"type":"Feature","properties":{"plot_id":2,"poly_line":"1_1","strip_id":33},"geometry":{"type":"Polygon","coordinates":[[[-98.986570773,43.572974861],[-98.98656637,43.573695648],[-98.986677829,43.573696008],[-98.986682231,43.572975221],[-98.986570773,43.572974861]]]}},
{"type":"Feature","properties":{"plot_id":3,"poly_line":"1_1","strip_id":33},"geometry":{"type":"Polygon","coordinates":[[[-98.98656637,43.573695648],[-98.986561967,43.574416435],[-98.986673428,43.574416795],[-98.986677829,43.573696008],[-98.98656637,43.573695648]]]}},
{"type":"Feature","properties":{"plot_id":4,"poly_line":"1_1","strip_id":33},"geometry":{"type":"Polygon","coordinates":[[[-98.986561967,43.574416435],[-98.986557564,43.575137222],[-98.986669026,43.575137582],[-98.986673428,43.574416795],[-98.986561967,43.574416435]]]}},
{"type":"Feature","properties":{"plot_id":5,"poly_line":"1_1","strip_id":33},"geometry":{"type":"Polygon","coordinates":[[[-98.986557564,43.575137222],[-98.98655316,43.575858009],[-98.986664624,43.575858368],[-98.986669026,43.575137582],[-98.986557564,43.575137222]]]}},
{"type":"Feature","properties":{"plot_id":6,"poly_line":"1_1","strip_id":33},"geometry":{"type":"Polygon","coordinates":[[[-98.98655316,43.575858009],[-98.986548757,43.576578795],[-98.986660222,43.576579155],[-98.986664624,43.575858368],[-98.98655316,43.575858009]]]}},
{"type":"Feature","properties":{"plot_id":7,"poly_line":"1_1","strip_id":33},"geometry":{"type":"Polygon","coordinates":[[[-98.986548757,43.576578795],[-98.986544354,43.577299582],[-98.98665582,43.577299942],[-98.986660222,43.576579155],[-98.986548757,43.576578795]]]}},
{"type":"Feature","properties":{"plot_id":8,"poly_line":"1_1","strip_id":33},"geometry":{"type":"Polygon","coordinates":[[[-98.986544354,43.577299582],[-98.98653995,43.578020368],[-98.986651418,43.578020728],[-98.98665582,43.577299942],[-98.986544354,43.577299582]]]}},
{"type":"Feature","properties":{"plot_id":1,"poly_line":"1_1","strip_id":34},"geometry":{"type":"Polygon","coordinates":[[[-98.986686631,43.572254632],[-98.986682229,43.572975484],[-98.986793688,43.572975844],[-98.986798088,43.572254992],[-98.986686631,43.572254632]]]}},
{"type":"Feature","properties":{"plot_id":2,"poly_line":"1_1","strip_id":34},"geometry":{"type":"Polygon","coordinates":[[[-98.986682229,43.572975484],[-98.986677827,43.573696335],[-98.986789287,43.573696695],[-98.986793688,43.572975844],[-98.986682229,43.572975484]]]}},
{"type":"Feature","properties":{"plot_id":3,"poly_line":"1_1","strip_id":34},"geometry":{"type":"Polygon","coordinates":[[[-98.986677827,43.573696335],[-98.986673425,43.574417187],[-98.986784886,43.574417546],[-98.986789287,43.573696695],[-98.986677827,43.573696335]]]}},
{"type":"Feature","properties":{"plot_id":4,"poly_line":"1_1","strip_id":34},"geometry":{"type":"Polygon","coordinates":[[[-98.986673425,43.574417187],[-98.986669023,43.575138038],[-98.986780485,43.575138398],[-98.986784886,43.574417546],[-98.986673425,43.574417187]]]}},
{"type":"Feature","properties":{"plot_id":5,"poly_line":"1_1","strip_id":34},"geometry":{"type":"Polygon","coordinates":[[[-98.986669023,43.575138038],[-98.986664621,43.575858889],[-98.986776085,43.575859249],[-98.986780485,43.575138398],[-98.986669023,43.575138038]]]}},
{"type":"Feature","properties":{"plot_id":6,"poly_line":"1_1","strip_id":34},"geometry":{"type":"Polygon","coordinates":[[[-98.986664621,43.575858889],[-98.986660219,43.57657974],[-98.986771684,43.5765801],[-98.986776085,43.575859249],[-98.986664621,43.575858889]]]}},
{"type":"Feature","properties":{"plot_id":7,"poly_line":"1_1","strip_id":34},"geometry":{"type":"Polygon","coordinates":[[[-98.986660219,43.57657974],[-98.986655816,43.577300591],[-98.986767282,43.577300951],[-98.986771684,43.5765801],[-98.986660219,43.57657974]]]}},
{"type":"Feature","properties":{"plot_id":8,"poly_line":"1_1","strip_id":34},"geometry":{"type":"Polygon","coordinates":[[[-98.986655816,43.577300591],[-98.986651414,43.578021442],[-98.986762881,43.578021802],[-98.986767282,43.577300951],[-98.986655816,43.577300591]]]}},
{"type":"Feature","properties":{"plot_id":1,"poly_line":"1_1","strip_id":35},"geometry":{"type":"Polygon","coordinates":[[[-98.986798087,43.57225519],[-98.986793686,43.572976106],[-98.986905144,43.572976466],[-98.986909544,43.57225555],[-98.986798087,43.57225519]]]}},
{"type":"Feature","properties":{"plot_id":2,"poly_line":"1_1","strip_id":35},"geometry":{"type":"Polygon","coordinates":[[[-98.986793686,43.572976106],[-98.986789285,43.573697022],[-98.986900745,43.573697382],[-98.986905144,43.572976466],[-98.986793686,43.572976106]]]}},
{"type":"Feature","properties":{"plot_id":3,"poly_line":"1_1","strip_id":35},"geometry":{"type":"Polygon","coordinates":[[[-98.986789285,43.573697022],[-98.986784884,43.574417938],[-98.986896345,43.574418298],[-98.986900745,43.573697382],[-98.986789285,43.573697022]]]}},
{"type":"Feature","properties":{"plot_id":4,"poly_line":"1_1","strip_id":35},"geometry":{"type":"Polygon","coordinates":[[[-98.986784884,43.574417938],[-98.986780483,43.575138854],[-98.986891945,43.575139214],[-98.986896345,43.574418298],[-98.986784884,43.574417938]]]}},
{"type":"Feature","properties":{"plot_id":5,"poly_line":"1_1","strip_id":35},"geometry":{"type":"Polygon","coordinates":[[[-98.986780483,43.575138854],[-98.986776081,43.57585977],[-98.986887545,43.575860129],[-98.986891945,43.575139214],[-98.986780483,43.575138854]]]}},
{"type":"Feature","properties":{"plot_id":6,"poly_line":"1_1","strip_id":35},"geometry":{"type":"Polygon","coordinates":[[[-98.986776081,43.57585977],[-98.98677168,43.576580685],[-98.986883145,43.576581045],[-98.986887545,43.575860129],[-98.986776081,43.57585977]]]}},
{"type":"Feature","properties":{"plot_id":7,"poly_line":"1_1","strip_id":35},"geometry":{"type":"Polygon","coordinates":[[[-98.98677168,43.576580685],[-98.986767278,43.577301601],[-98.986878745,43.577301961],[-98.986883145,43.576581045],[-98.98677168,43.576580685]]]}},
{"type":"Feature","properties":{"plot_id":8,"poly_line":"1_1","strip_id":35},"geometry":{"type":"Polygon","coordinates":[[[-98.986767278,43.577301601],[-98.986762877,43.578022516],[-98.986874344,43.578022876],[-98.986878745,43.577301961],[-98.986767278,43.577301601]]]}},
{"type":"Feature","properties":{"plot_id":1,"poly_line":"1_1","strip_id":36},"geometry":{"type":"Polygon","coordinates":[[[-98.986909543,43.572255748],[-98.986905143,43.572976728],[-98.987016601,43.572977088],[-98.987021,43.572256107],[-98.986909543,43.572255748]]]}},
{"type":"Feature","properties":{"plot_id":2,"poly_line":"1_1","strip_id":36},"geometry":{"type":"Polygon","coordinates":[[[-98.986905143,43.572976728],[-98.986900743,43.573697709],[-98.987012202,43.573698068],[-98.987016601,43.572977088],[-98.986905143,43.572976728]]]}},
{"type":"Feature","properties":{"plot_id":3,"poly_line":"1_1","strip_id":36},"geometry":{"type":"Polygon","coordinates":[[[-98.986900743,43.573697709],[-98.986896342,43.574418689],[-98.987007803,43.574419049],[-98.987012202,43.573698068],[-98.986900743,43.573697709]]]}},
{"type":"Feature","properties":{"plot_id":4,"poly_line":"1_1","strip_id":36},"geometry":{"type":"Polygon","coordinates":[[[-98.986896342,43.574418689],[-98.986891942,43.57513967],[-98.987003404,43.575140029],[-98.987007803,43.574419049],[-98.986896342,43.574418689]]]}},
{"type":"Feature","properties":{"plot_id":5,"poly_line":"1_1","strip_id":36},"geometry":{"type":"Polygon","coordinates":[[[-98.986891942,43.57513967],[-98.986887542,43.57586065],[-98.986999005,43.57586101],[-98.987003404,43.575140029],[-98.986891942,43.57513967]]]}},
{"type":"Feature","properties":{"plot_id":6,"poly_line":"1_1","strip_id":36},"geometry":{"type":"Polygon","coordinates":[[[-98.986887542,43.57586065],[-98.986883141,43.57658163],[-98.986994606,43.57658199],[-98.986999005,43.57586101],[-98.986887542,43.57586065]]]}},
{"type":"Feature","properties":{"plot_id":7,"poly_line":"1_1","strip_id":36},"geometry":{"type":"Polygon","coordinates":[[[-98.986883141,43.57658163],[-98.986878741,43.577302611],[-98.986990207,43.57730297],[-98.986994606,43.57658199],[-98.986883141,43.57658163]]]}},
{"type":"Feature","properties":{"plot_id":8,"poly_line":"1_1","strip_id":36},"geometry":{"type":"Polygon","coordinates":[[[-98.986878741,43.577302611],[-98.98687434,43.578023591],[-98.986985808,43.57802395],[-98.986990207,43.57730297],[-98.986878741,43.577302611]]]}},
{"type":"Feature","properties":{"plot_id":1,"poly_line":"1_1","strip_id":37},"geometry":{"type":"Polygon","coordinates":[[[-98.987020998,43.572256305],[-98.987016599,43.57297735],[-98.987128058,43.57297771],[-98.987132455,43.572256665],[-98.987020998,43.572256305]]]}},
{"type":"Feature","properties":{"plot_id":2,"poly_line":"1_1","strip_id":37},"geometry":{"type":"Polygon","coordinates":[[[-98.987016599,43.57297735],[-98.9870122,43.573698396],[-98.98712366,43.573698755],[-98.987128058,43.57297771],[-98.987016599,43.57297735]]]}},
{"type":"Feature","properties":{"plot_id":3,"poly_line":"1_1","strip_id":37},"geometry":{"type":"Polygon","coordinates":[[[-98.9870122,43.573698396],[-98.987007801,43.574419441],[-98.987119262,43.5744198],[-98.98712366,43.573698755],[-98.9870122,43.573698396]]]}},
{"type":"Feature","properties":{"plot_id":4,"poly_line":"1_1","strip_id":37},"geometry":{"type":"Polygon","coordinates":[[[-98.987007801,43.574419441],[-98.987003402,43.575140486],[-98.987114864,43.575140845],[-98.987119262,43.5744198],[-98.987007801,43.574419441]]]}},
{"type":"Feature","properties":{"plot_id":5,"poly_line":"1_1","strip_id":37},"geometry":{"type":"Polygon","coordinates":[[[-98.987003402,43.575140486],[-98.986999002,43.57586153],[-98.987110466,43.57586189],[-98.987114864,43.575140845],[-98.987003402,43.575140486]]]}},
{"type":"Feature","properties":{"plot_id":6,"poly_line":"1_1","strip_id":37},"geometry":{"type":"Polygon","coordinates":[[[-98.986999002,43.57586153],[-98.986994603,43.576582575],[-98.987106068,43.576582935],[-98.987110466,43.57586189],[-98.986999002,43.57586153]]]}},
{"type":"Feature","properties":{"plot_id":7,"poly_line":"1_1","strip_id":37},"geometry":{"type":"Polygon","coordinates":[[[-98.986994603,43.576582575],[-98.986990203,43.57730362],[-98.987101669,43.577303979],[-98.987106068,43.576582935],[-98.986994603,43.576582575]]]}},
{"type":"Feature","properties":{"plot_id":8,"poly_line":"1_1","strip_id":37},"geometry":{"type":"Polygon","coordinates":[[[-98.986990203,43.57730362],[-98.986985803,43.578024664],[-98.987097271,43.578025024],[-98.987101669,43.577303979],[-98.986990203,43.57730362]]]}},
{"type":"Feature","properties":{"plot_id":1,"poly_line":"1_1","strip_id":38},"geometry":{"type":"Polygon","coordinates":[[[-98.987132454,43.572256863],[-98.987128056,43.572977972],[-98.987239514,43.572978332],[-98.987243911,43.572257222],[-98.987132454,43.572256863]]]}},
{"type":"Feature","properties":{"plot_id":2,"poly_line":"1_1","strip_id":38},"geometry":{"type":"Polygon","coordinates":[[[-98.987128056,43.572977972],[-98.987123658,43.573699082],[-98.987235117,43.573699441],[-98.987239514,43.572978332],[-98.987128056,43.572977972]]]}},
{"type":"Feature","properties":{"plot_id":3,"poly_line":"1_1","strip_id":38},"geometry":{"type":"Polygon","coordinates":[[[-98.987123658,43.573699082],[-98.98711926,43.574420192],[-98.987230721,43.574420551],[-98.987235117,43.573699441],[-98.987123658,43.573699082]]]}},
{"type":"Feature","properties":{"plot_id":4,"poly_line":"1_1","strip_id":38},"geometry":{"type":"Polygon","coordinates":[[[-98.98711926,43.574420192],[-98.987114861,43.575141301],[-98.987226323,43.575141661],[-98.987230721,43.574420551],[-98.98711926,43.574420192]]]}},
{"type":"Feature","properties":{"plot_id":5,"poly_line":"1_1","strip_id":38},"geometry":{"type":"Polygon","coordinates":[[[-98.987114861,43.575141301],[-98.987110463,43.575862411],[-98.987221926,43.57586277],[-98.987226323,43.575141661],[-98.987114861,43.575141301]]]}},
{"type":"Feature","properties":{"plot_id":6,"poly_line":"1_1","strip_id":38},"geometry":{"type":"Polygon","coordinates":[[[-98.987110463,43.575862411],[-98.987106064,43.57658352],[-98.987217529,43.576583879],[-98.987221926,43.57586277],[-98.987110463,43.575862411]]]}},
{"type":"Feature","properties":{"plot_id":7,"poly_line":"1_1","strip_id":38},"geometry":{"type":"Polygon","coordinates":[[[-98.987106064,43.57658352],[-98.987101665,43.577304629],[-98.987213132,43.577304989],[-98.987217529,43.576583879],[-98.987106064,43.57658352]]]}},
{"type":"Feature","properties":{"plot_id":8,"poly_line":"1_1","strip_id":38},"geometry":{"type":"Polygon","coordinates":[[[-98.987101665,43.577304629],[-98.987097267,43.578025738],[-98.987208734,43.578026098],[-98.987213132,43.577304989],[-98.987101665,43.577304629]]]}},
{"type":"Feature","properties":{"plot_id":1,"poly_line":"1_1","strip_id":39},"geometry":{"type":"Polygon","coordinates":[[[-98.98724391,43.57225742],[-98.987239513,43.572978594],[-98.987350971,43.572978953],[-98.987355367,43.572257779],[-98.98724391,43.57225742]]]}},
{"type":"Feature","properties":{"plot_id":2,"poly_line":"1_1","strip_id":39},"geometry":{"type":"Polygon","coordinates":[[[-98.987239513,43.572978594],[-98.987235115,43.573699769],[-98.987346575,43.573700128],[-98.987350971,43.572978953],[-98.987239513,43.572978594]]]}},
{"type":"Feature","properties":{"plot_id":3,"poly_line":"1_1","strip_id":39},"geometry":{"type":"Polygon","coordinates":[[[-98.987235115,43.573699769],[-98.987230718,43.574420943],[-98.987342179,43.574421302],[-98.987346575,43.573700128],[-98.987235115,43.573699769]]]}},
{"type":"Feature","properties":{"plot_id":4,"poly_line":"1_1","strip_id":39},"geometry":{"type":"Polygon","coordinates":[[[-98.987230718,43.574420943],[-98.987226321,43.575142117],[-98.987337783,43.575142476],[-98.987342179,43.574421302],[-98.987230718,43.574420943]]]}},
{"type":"Feature","properties":{"plot_id":5,"poly_line":"1_1","strip_id":39},"geometry":{"type":"Polygon","coordinates":[[[-98.987226321,43.575142117],[-98.987221923,43.575863291],[-98.987333387,43.57586365],[-98.987337783,43.575142476],[-98.987226321,43.575142117]]]}},
{"type":"Feature","properties":{"plot_id":6,"poly_line":"1_1","strip_id":39},"geometry":{"type":"Polygon","coordinates":[[[-98.987221923,43.575863291],[-98.987217525,43.576584465],[-98.98732899,43.576584824],[-98.987333387,43.57586365],[-98.987221923,43.575863291]]]}},
{"type":"Feature","properties":{"plot_id":7,"poly_line":"1_1","strip_id":39},"geometry":{"type":"Polygon","coordinates":[[[-98.987217525,43.576584465],[-98.987213128,43.577305638],[-98.987324594,43.577305998],[-98.98732899,43.576584824],[-98.987217525,43.576584465]]]}},
{"type":"Feature","properties":{"plot_id":8,"poly_line":"1_1","strip_id":39},"geometry":{"type":"Polygon","coordinates":[[[-98.987213128,43.577305638],[-98.98720873,43.578026812],[-98.987320197,43.578027171],[-98.987324594,43.577305998],[-98.987213128,43.577305638]]]}},
{"type":"Feature","properties":{"plot_id":1,"poly_line":"1_1","strip_id":40},"geometry":{"type":"Polygon","coordinates":[[[-98.987355366,43.572257976],[-98.987350969,43.572979215],[-98.987462428,43.572979574],[-98.987466823,43.572258335],[-98.987355366,43.572257976]]]}},
{"type":"Feature","properties":{"plot_id":2,"poly_line":"1_1","strip_id":40},"geometry":{"type":"Polygon","coordinates":[[[-98.987350969,43.572979215],[-98.987346573,43.573700454],[-98.987458033,43.573700813],[-98.987462428,43.572979574],[-98.987350969,43.572979215]]]}},
{"type":"Feature","properties":{"plot_id":3,"poly_line":"1_1","strip_id":40},"geometry":{"type":"Polygon","coordinates":[[[-98.987346573,43.573700454],[-98.987342177,43.574421693],[-98.987453638,43.574422052],[-98.987458033,43.573700813],[-98.987346573,43.573700454]]]}},
{"type":"Feature","properties":{"plot_id":4,"poly_line":"1_1","strip_id":40},"geometry":{"type":"Polygon","coordinates":[[[-98.987342177,43.574421693],[-98.98733778,43.575142931],[-98.987449243,43.57514329],[-98.987453638,43.574422052],[-98.987342177,43.574421693]]]}},
{"type":"Feature","properties":{"plot_id":5,"poly_line":"1_1","strip_id":40},"geometry":{"type":"Polygon","coordinates":[[[-98.98733778,43.575142931],[-98.987333384,43.57586417],[-98.987444847,43.575864529],[-98.987449243,43.57514329],[-98.98733778,43.575142931]]]}},
{"type":"Feature","properties":{"plot_id":6,"poly_line":"1_1","strip_id":40},"geometry":{"type":"Polygon","coordinates":[[[-98.987333384,43.57586417],[-98.987328987,43.576585409],[-98.987440452,43.576585768],[-98.987444847,43.575864529],[-98.987333384,43.57586417]]]}},
{"type":"Feature","properties":{"plot_id":7,"poly_line":"1_1","strip_id":40},"geometry":{"type":"Polygon","coordinates":[[[-98.987328987,43.576585409],[-98.98732459,43.577306647],[-98.987436056,43.577307006],[-98.987440452,43.576585768],[-98.987328987,43.576585409]]]}},
{"type":"Feature","properties":{"plot_id":8,"poly_line":"1_1","strip_id":40},"geometry":{"type":"Polygon","coordinates":[[[-98.98732459,43.577306647],[-98.987320193,43.578027886],[-98.987431661,43.578028245],[-98.987436056,43.577307006],[-98.98732459,43.577306647]]]}},
{"type":"Feature","properties":{"plot_id":1,"poly_line":"1_1","strip_id":41},"geometry":{"type":"Polygon","coordinates":[[[-98.987466821,43.572258529],[-98.987462426,43.572979833],[-98.987573884,43.572980192],[-98.987578278,43.572258888],[-98.987466821,43.572258529]]]}},
{"type":"Feature","properties":{"plot_id":2,"poly_line":"1_1","strip_id":41},"geometry":{"type":"Polygon","coordinates":[[[-98.987462426,43.572979833],[-98.987458031,43.573701137],[-98.98756949,43.573701496],[-98.987573884,43.572980192],[-98.987462426,43.572979833]]]}},
{"type":"Feature","properties":{"plot_id":3,"poly_line":"1_1","strip_id":41},"geometry":{"type":"Polygon","coordinates":[[[-98.987458031,43.573701137],[-98.987453635,43.574422441],[-98.987565096,43.5744228],[-98.98756949,43.573701496],[-98.987458031,43.573701137]]]}},
{"type":"Feature","properties":{"plot_id":4,"poly_line":"1_1","strip_id":41},"geometry":{"type":"Polygon","coordinates":[[[-98.987453635,43.574422441],[-98.98744924,43.575143745],[-98.987560702,43.575144104],[-98.987565096,43.5744228],[-98.987453635,43.574422441]]]}},
{"type":"Feature","properties":{"plot_id":5,"poly_line":"1_1","strip_id":41},"geometry":{"type":"Polygon","coordinates":[[[-98.98744924,43.575143745],[-98.987444844,43.575865048],[-98.987556308,43.575865407],[-98.987560702,43.575144104],[-98.98744924,43.575143745]]]}},
{"type":"Feature","properties":{"plot_id":6,"poly_line":"1_1","strip_id":41},"geometry":{"type":"Polygon","coordinates":[[[-98.987444844,43.575865048],[-98.987440448,43.576586352],[-98.987551913,43.576586711],[-98.987556308,43.575865407],[-98.987444844,43.575865048]]]}},
{"type":"Feature","properties":{"plot_id":7,"poly_line":"1_1","strip_id":41},"geometry":{"type":"Polygon","coordinates":[[[-98.987440448,43.576586352],[-98.987436052,43.577307656],[-98.987547519,43.577308015],[-98.987551913,43.576586711],[-98.987440448,43.576586352]]]}},
{"type":"Feature","properties":{"plot_id":8,"poly_line":"1_1","strip_id":41},"geometry":{"type":"Polygon","coordinates":[[[-98.987436052,43.577307656],[-98.987431656,43.578028959],[-98.987543124,43.578029318],[-98.987547519,43.577308015],[-98.987436052,43.577307656]]]}},
{"type":"Feature","properties":{"plot_id":1,"poly_line":"1_1","strip_id":42},"geometry":{"type":"Polygon","coordinates":[[[-98.987578277,43.572259081],[-98.987573883,43.572980451],[-98.987685341,43.57298081],[-98.987689734,43.57225944],[-98.987578277,43.572259081]]]}},
{"type":"Feature","properties":{"plot_id":2,"poly_line":"1_1","strip_id":42},"geometry":{"type":"Polygon","coordinates":[[[-98.987573883,43.572980451],[-98.987569488,43.57370182],[-98.987680948,43.573702179],[-98.987685341,43.57298081],[-98.987573883,43.572980451]]]}},
{"type":"Feature","properties":{"plot_id":3,"poly_line":"1_1","strip_id":42},"geometry":{"type":"Polygon","coordinates":[[[-98.987569488,43.57370182],[-98.987565094,43.574423189],[-98.987676555,43.574423548],[-98.987680948,43.573702179],[-98.987569488,43.57370182]]]}},
{"type":"Feature","properties":{"plot_id":4,"poly_line":"1_1","strip_id":42},"geometry":{"type":"Polygon","coordinates":[[[-98.987565094,43.574423189],[-98.987560699,43.575144558],[-98.987672162,43.575144917],[-98.987676555,43.574423548],[-98.987565094,43.574423189]]]}},
{"type":"Feature","properties":{"plot_id":5,"poly_line":"1_1","strip_id":42},"geometry":{"type":"Polygon","coordinates":[[[-98.987560699,43.575144558],[-98.987556305,43.575865927],[-98.987667768,43.575866286],[-98.987672162,43.575144917],[-98.987560699,43.575144558]]]}},
{"type":"Feature","properties":{"plot_id":6,"poly_line":"1_1","strip_id":42},"geometry":{"type":"Polygon","coordinates":[[[-98.987556305,43.575865927],[-98.98755191,43.576587295],[-98.987663375,43.576587654],[-98.987667768,43.575866286],[-98.987556305,43.575865927]]]}},
{"type":"Feature","properties":{"plot_id":7,"poly_line":"1_1","strip_id":42},"geometry":{"type":"Polygon","coordinates":[[[-98.98755191,43.576587295],[-98.987547515,43.577308664],[-98.987658981,43.577309023],[-98.987663375,43.576587654],[-98.98755191,43.576587295]]]}},
{"type":"Feature","properties":{"plot_id":8,"poly_line":"1_1","strip_id":42},"geometry":{"type":"Polygon","coordinates":[[[-98.987547515,43.577308664],[-98.98754312,43.578030033],[-98.987654587,43.578030392],[-98.987658981,43.577309023],[-98.987547515,43.577308664]]]}},
{"type":"Feature","properties":{"plot_id":1,"poly_line":"1_1","strip_id":43},"geometry":{"type":"Polygon","coordinates":[[[-98.987689733,43.572259634],[-98.98768534,43.572981069],[-98.987796798,43.572981427],[-98.98780119,43.572259993],[-98.987689733,43.572259634]]]}},
{"type":"Feature","properties":{"plot_id":2,"poly_line":"1_1","strip_id":43},"geometry":{"type":"Polygon","coordinates":[[[-98.98768534,43.572981069],[-98.987680946,43.573702503],[-98.987792406,43.573702861],[-98.987796798,43.572981427],[-98.98768534,43.572981069]]]}},
{"type":"Feature","properties":{"plot_id":3,"poly_line":"1_1","strip_id":43},"geometry":{"type":"Polygon","coordinates":[[[-98.987680946,43.573702503],[-98.987676553,43.574423937],[-98.987788013,43.574424296],[-98.987792406,43.573702861],[-98.987680946,43.573702503]]]}},
{"type":"Feature","properties":{"plot_id":4,"poly_line":"1_1","strip_id":43},"geometry":{"type":"Polygon","coordinates":[[[-98.987676553,43.574423937],[-98.987672159,43.575145371],[-98.987783621,43.57514573],[-98.987788013,43.574424296],[-98.987676553,43.574423937]]]}},
{"type":"Feature","properties":{"plot_id":5,"poly_line":"1_1","strip_id":43},"geometry":{"type":"Polygon","coordinates":[[[-98.987672159,43.575145371],[-98.987667765,43.575866805],[-98.987779229,43.575867164],[-98.987783621,43.57514573],[-98.987672159,43.575145371]]]}},
{"type":"Feature","properties":{"plot_id":6,"poly_line":"1_1","strip_id":43},"geometry":{"type":"Polygon","coordinates":[[[-98.987667765,43.575866805],[-98.987663371,43.576588239],[-98.987774836,43.576588597],[-98.987779229,43.575867164],[-98.987667765,43.575866805]]]}},
{"type":"Feature","properties":{"plot_id":7,"poly_line":"1_1","strip_id":43},"geometry":{"type":"Polygon","coordinates":[[[-98.987663371,43.576588239],[-98.987658977,43.577309672],[-98.987770443,43.577310031],[-98.987774836,43.576588597],[-98.987663371,43.576588239]]]}},
{"type":"Feature","properties":{"plot_id":8,"poly_line":"1_1","strip_id":43},"geometry":{"type":"Polygon","coordinates":[[[-98.987658977,43.577309672],[-98.987654583,43.578031106],[-98.987766051,43.578031465],[-98.987770443,43.577310031],[-98.987658977,43.577309672]]]}},
{"type":"Feature","properties":{"plot_id":1,"poly_line":"1_1","strip_id":44},"geometry":{"type":"Polygon","coordinates":[[[-98.987801189,43.572260187],[-98.987796796,43.572981686],[-98.987908255,43.572982045],[-98.987912646,43.572260546],[-98.987801189,43.572260187]]]}},
{"type":"Feature","properties":{"plot_id":2,"poly_line":"1_1","strip_id":44},"geometry":{"type":"Polygon","coordinates":[[[-98.987796796,43.572981686],[-98.987792404,43.573703185],[-98.987903863,43.573703544],[-98.987908255,43.572982045],[-98.987796796,43.572981686]]]}},
{"type":"Feature","properties":{"plot_id":3,"poly_line":"1_1","strip_id":44},"geometry":{"type":"Polygon","coordinates":[[[-98.987792404,43.573703185],[-98.987788011,43.574424685],[-98.987899472,43.574425043],[-98.987903863,43.573703544],[-98.987792404,43.573703185]]]}},
{"type":"Feature","properties":{"plot_id":4,"poly_line":"1_1","strip_id":44},"geometry":{"type":"Polygon","coordinates":[[[-98.987788011,43.574424685],[-98.987783618,43.575146184],[-98.987895081,43.575146542],[-98.987899472,43.574425043],[-98.987788011,43.574424685]]]}},
{"type":"Feature","properties":{"plot_id":5,"poly_line":"1_1","strip_id":44},"geometry":{"type":"Polygon","coordinates":[[[-98.987783618,43.575146184],[-98.987779225,43.575867683],[-98.987890689,43.575868041],[-98.987895081,43.575146542],[-98.987783618,43.575146184]]]}},
{"type":"Feature","properties":{"plot_id":6,"poly_line":"1_1","strip_id":44},"geometry":{"type":"Polygon","coordinates":[[[-98.987779225,43.575867683],[-98.987774832,43.576589182],[-98.987886297,43.57658954],[-98.987890689,43.575868041],[-98.987779225,43.575867683]]]}},
{"type":"Feature","properties":{"plot_id":7,"poly_line":"1_1","strip_id":44},"geometry":{"type":"Polygon","coordinates":[[[-98.987774832,43.576589182],[-98.987770439,43.57731068],[-98.987881906,43.577311039],[-98.987886297,43.57658954],[-98.987774832,43.576589182]]]}},
{"type":"Feature","properties":{"plot_id":8,"poly_line":"1_1","strip_id":44},"geometry":{"type":"Polygon","coordinates":[[[-98.987770439,43.57731068],[-98.987766046,43.578032179],[-98.987877514,43.578032538],[-98.987881906,43.577311039],[-98.987770439,43.57731068]]]}},
{"type":"Feature","properties":{"plot_id":1,"poly_line":"1_1","strip_id":45},"geometry":{"type":"Polygon","coordinates":[[[-98.987912645,43.572260739],[-98.987908253,43.572982304],[-98.988019711,43.572982662],[-98.988024102,43.572261098],[-98.987912645,43.572260739]]]}},
{"type":"Feature","properties":{"plot_id":2,"poly_line":"1_1","strip_id":45},"geometry":{"type":"Polygon","coordinates":[[[-98.987908253,43.572982304],[-98.987903861,43.573703868],[-98.988015321,43.573704227],[-98.988019711,43.572982662],[-98.987908253,43.572982304]]]}},
{"type":"Feature","properties":{"plot_id":3,"poly_line":"1_1","strip_id":45},"geometry":{"type":"Polygon","coordinates":[[[-98.987903861,43.573703868],[-98.98789947,43.574425432],[-98.988010931,43.574425791],[-98.988015321,43.573704227],[-98.987903861,43.573703868]]]}},
{"type":"Feature","properties":{"plot_id":4,"poly_line":"1_1","strip_id":45},"geometry":{"type":"Polygon","coordinates":[[[-98.98789947,43.574425432],[-98.987895078,43.575146997],[-98.98800654,43.575147355],[-98.988010931,43.574425791],[-98.98789947,43.574425432]]]}},
{"type":"Feature","properties":{"plot_id":5,"poly_line":"1_1","strip_id":45},"geometry":{"type":"Polygon","coordinates":[[[-98.987895078,43.575146997],[-98.987890686,43.575868561],[-98.98800215,43.575868919],[-98.98800654,43.575147355],[-98.987895078,43.575146997]]]}},
{"type":"Feature","properties":{"plot_id":6,"poly_line":"1_1","strip_id":45},"geometry":{"type":"Polygon","coordinates":[[[-98.987890686,43.575868561],[-98.987886294,43.576590125],[-98.987997759,43.576590483],[-98.98800215,43.575868919],[-98.987890686,43.575868561]]]}},
{"type":"Feature","properties":{"plot_id":7,"poly_line":"1_1","strip_id":45},"geometry":{"type":"Polygon","coordinates":[[[-98.987886294,43.576590125],[-98.987881902,43.577311688],[-98.987993368,43.577312047],[-98.987997759,43.576590483],[-98.987886294,43.576590125]]]}},
{"type":"Feature","properties":{"plot_id":8,"poly_line":"1_1","strip_id":45},"geometry":{"type":"Polygon","coordinates":[[[-98.987881902,43.577311688],[-98.987877509,43.578033252],[-98.987988977,43.578033611],[-98.987993368,43.577312047],[-98.987881902,43.577311688]]]}},
{"type":"Feature","properties":{"plot_id":1,"poly_line":"1_1","strip_id":46},"geometry":{"type":"Polygon","coordinates":[[[-98.9880241,43.572261292],[-98.98801971,43.572982921],[-98.988131168,43.57298328],[-98.988135557,43.57226165],[-98.9880241,43.572261292]]]}},
{"type":"Feature","properties":{"plot_id":2,"poly_line":"1_1","strip_id":46},"geometry":{"type":"Polygon","coordinates":[[[-98.98801971,43.572982921],[-98.988015319,43.573704551],[-98.988126779,43.573704909],[-98.988131168,43.57298328],[-98.98801971,43.572982921]]]}},
{"type":"Feature","properties":{"plot_id":3,"poly_line":"1_1","strip_id":46},"geometry":{"type":"Polygon","coordinates":[[[-98.988015319,43.573704551],[-98.988010928,43.57442618],[-98.988122389,43.574426539],[-98.988126779,43.573704909],[-98.988015319,43.573704551]]]}},
{"type":"Feature","properties":{"plot_id":4,"poly_line":"1_1","strip_id":46},"geometry":{"type":"Polygon","coordinates":[[[-98.988010928,43.57442618],[-98.988006537,43.575147809],[-98.988118,43.575148168],[-98.988122389,43.574426539],[-98.988010928,43.57442618]]]}},
{"type":"Feature","properties":{"plot_id":5,"poly_line":"1_1","strip_id":46},"geometry":{"type":"Polygon","coordinates":[[[-98.988006537,43.575147809],[-98.988002146,43.575869438],[-98.98811361,43.575869797],[-98.988118,43.575148168],[-98.988006537,43.575147809]]]}},
{"type":"Feature","properties":{"plot_id":6,"poly_line":"1_1","strip_id":46},"geometry":{"type":"Polygon","coordinates":[[[-98.988002146,43.575869438],[-98.987997755,43.576591067],[-98.98810922,43.576591426],[-98.98811361,43.575869797],[-98.988002146,43.575869438]]]}},
{"type":"Feature","properties":{"plot_id":7,"poly_line":"1_1","strip_id":46},"geometry":{"type":"Polygon","coordinates":[[[-98.987997755,43.576591067],[-98.987993364,43.577312696],[-98.98810483,43.577313055],[-98.98810922,43.576591426],[-98.987997755,43.576591067]]]}},
{"type":"Feature","properties":{"plot_id":8,"poly_line":"1_1","strip_id":46},"geometry":{"type":"Polygon","coordinates":[[[-98.987993364,43.577312696],[-98.987988973,43.578034325],[-98.98810044,43.578034684],[-98.98810483,43.577313055],[-98.987993364,43.577312696]]]}},
{"type":"Feature","properties":{"plot_id":1,"poly_line":"1_1","strip_id":47},"geometry":{"type":"Polygon","coordinates":[[[-98.988135556,43.572261844],[-98.988131167,43.572983539],[-98.988242625,43.572983897],[-98.988247013,43.572262203],[-98.988135556,43.572261844]]]}},
{"type":"Feature","properties":{"plot_id":2,"poly_line":"1_1","strip_id":47},"geometry":{"type":"Polygon","coordinates":[[[-98.988131167,43.572983539],[-98.988126777,43.573705233],[-98.988238236,43.573705592],[-98.988242625,43.572983897],[-98.988131167,43.572983539]]]}},
{"type":"Feature","properties":{"plot_id":3,"poly_line":"1_1","strip_id":47},"geometry":{"type":"Polygon","coordinates":[[[-98.988126777,43.573705233],[-98.988122387,43.574426928],[-98.988233848,43.574427286],[-98.988238236,43.573705592],[-98.988126777,43.573705233]]]}},
{"type":"Feature","properties":{"plot_id":4,"poly_line":"1_1","strip_id":47},"geometry":{"type":"Polygon","coordinates":[[[-98.988122387,43.574426928],[-98.988117997,43.575148622],[-98.988229459,43.57514898],[-98.988233848,43.574427286],[-98.988122387,43.574426928]]]}},
{"type":"Feature","properties":{"plot_id":5,"poly_line":"1_1","strip_id":47},"geometry":{"type":"Polygon","coordinates":[[[-98.988117997,43.575148622],[-98.988113607,43.575870316],[-98.988225071,43.575870674],[-98.988229459,43.57514898],[-98.988117997,43.575148622]]]}},
{"type":"Feature","properties":{"plot_id":6,"poly_line":"1_1","strip_id":47},"geometry":{"type":"Polygon","coordinates":[[[-98.988113607,43.575870316],[-98.988109217,43.57659201],[-98.988220682,43.576592368],[-98.988225071,43.575870674],[-98.988113607,43.575870316]]]}},
{"type":"Feature","properties":{"plot_id":7,"poly_line":"1_1","strip_id":47},"geometry":{"type":"Polygon","coordinates":[[[-98.988109217,43.57659201],[-98.988104826,43.577313704],[-98.988216293,43.577314063],[-98.988220682,43.576592368],[-98.988109217,43.57659201]]]}},
{"type":"Feature","properties":{"plot_id":8,"poly_line":"1_1","strip_id":47},"geometry":{"type":"Polygon","coordinates":[[[-98.988104826,43.577313704],[-98.988100436,43.578035398],[-98.988211904,43.578035756],[-98.988216293,43.577314063],[-98.988104826,43.577313704]]]}},
{"type":"Feature","properties":{"plot_id":1,"poly_line":"1_1","strip_id":48},"geometry":{"type":"Polygon","coordinates":[[[-98.988247012,43.572262387],[-98.988242623,43.572984148],[-98.988354082,43.572984506],[-98.988358469,43.572262746],[-98.988247012,43.572262387]]]}},
{"type":"Feature","properties":{"plot_id":2,"poly_line":"1_1","strip_id":48},"geometry":{"type":"Polygon","coordinates":[[[-98.988242623,43.572984148],[-98.988238235,43.573705909],[-98.988349694,43.573706267],[-98.988354082,43.572984506],[-98.988242623,43.572984148]]]}},
{"type":"Feature","properties":{"plot_id":3,"poly_line":"1_1","strip_id":48},"geometry":{"type":"Polygon","coordinates":[[[-98.988238235,43.573705909],[-98.988233846,43.574427669],[-98.988345307,43.574428028],[-98.988349694,43.573706267],[-98.988238235,43.573705909]]]}},
{"type":"Feature","properties":{"plot_id":4,"poly_line":"1_1","strip_id":48},"geometry":{"type":"Polygon","coordinates":[[[-98.988233846,43.574427669],[-98.988229457,43.57514943],[-98.988340919,43.575149788],[-98.988345307,43.574428028],[-98.988233846,43.574427669]]]}},
{"type":"Feature","properties":{"plot_id":5,"poly_line":"1_1","strip_id":48},"geometry":{"type":"Polygon","coordinates":[[[-98.988229457,43.57514943],[-98.988225067,43.57587119],[-98.988336531,43.575871548],[-98.988340919,43.575149788],[-98.988229457,43.57514943]]]}},
{"type":"Feature","properties":{"plot_id":6,"poly_line":"1_1","strip_id":48},"geometry":{"type":"Polygon","coordinates":[[[-98.988225067,43.57587119],[-98.988220678,43.576592951],[-98.988332143,43.576593309],[-98.988336531,43.575871548],[-98.988225067,43.57587119]]]}},
{"type":"Feature","properties":{"plot_id":7,"poly_line":"1_1","strip_id":48},"geometry":{"type":"Polygon","coordinates":[[[-98.988220678,43.576592951],[-98.988216289,43.577314711],[-98.988327755,43.577315069],[-98.988332143,43.576593309],[-98.988220678,43.576592951]]]}},
{"type":"Feature","properties":{"plot_id":8,"poly_line":"1_1","strip_id":48},"geometry":{"type":"Polygon","coordinates":[[[-98.988216289,43.577314711],[-98.988211899,43.578036471],[-98.988323367,43.578036829],[-98.988327755,43.577315069],[-98.988216289,43.577314711]]]}},
{"type":"Feature","properties":{"plot_id":1,"poly_line":"1_1","strip_id":49},"geometry":{"type":"Polygon","coordinates":[[[-98.988358467,43.57226304],[-98.98835408,43.572984853],[-98.988465538,43.572985211],[-98.988469924,43.572263398],[-98.988358467,43.57226304]]]}},
{"type":"Feature","properties":{"plot_id":2,"poly_line":"1_1","strip_id":49},"geometry":{"type":"Polygon","coordinates":[[[-98.98835408,43.572984853],[-98.988349692,43.573706666],[-98.988461151,43.573707024],[-98.988465538,43.572985211],[-98.98835408,43.572984853]]]}},
{"type":"Feature","properties":{"plot_id":3,"poly_line":"1_1","strip_id":49},"geometry":{"type":"Polygon","coordinates":[[[-98.988349692,43.573706666],[-98.988345304,43.574428479],[-98.988456765,43.574428838],[-98.988461151,43.573707024],[-98.988349692,43.573706666]]]}},
{"type":"Feature","properties":{"plot_id":4,"poly_line":"1_1","strip_id":49},"geometry":{"type":"Polygon","coordinates":[[[-98.988345304,43.574428479],[-98.988340916,43.575150292],[-98.988452378,43.575150651],[-98.988456765,43.574428838],[-98.988345304,43.574428479]]]}},
{"type":"Feature","properties":{"plot_id":5,"poly_line":"1_1","strip_id":49},"geometry":{"type":"Polygon","coordinates":[[[-98.988340916,43.575150292],[-98.988336528,43.575872105],[-98.988447991,43.575872463],[-98.988452378,43.575150651],[-98.988340916,43.575150292]]]}},
{"type":"Feature","properties":{"plot_id":6,"poly_line":"1_1","strip_id":49},"geometry":{"type":"Polygon","coordinates":[[[-98.988336528,43.575872105],[-98.988332139,43.576593918],[-98.988443604,43.576594276],[-98.988447991,43.575872463],[-98.988336528,43.575872105]]]}},
{"type":"Feature","properties":{"plot_id":7,"poly_line":"1_1","strip_id":49},"geometry":{"type":"Polygon","coordinates":[[[-98.988332139,43.576593918],[-98.988327751,43.577315731],[-98.988439217,43.577316089],[-98.988443604,43.576594276],[-98.988332139,43.576593918]]]}},
{"type":"Feature","properties":{"plot_id":8,"poly_line":"1_1","strip_id":49},"geometry":{"type":"Polygon","coordinates":[[[-98.988327751,43.577315731],[-98.988323363,43.578037543],[-98.98843483,43.578037902],[-98.988439217,43.577316089],[-98.988327751,43.577315731]]]}},
{"type":"Feature","properties":{"plot_id":1,"poly_line":"1_1","strip_id":50},"geometry":{"type":"Polygon","coordinates":[[[-98.988469922,43.572263808],[-98.988465535,43.572985659],[-98.988576994,43.572986017],[-98.988581379,43.572264166],[-98.988469922,43.572263808]]]}},
{"type":"Feature","properties":{"plot_id":2,"poly_line":"1_1","strip_id":50},"geometry":{"type":"Polygon","coordinates":[[[-98.988465535,43.572985659],[-98.988461148,43.57370751],[-98.988572608,43.573707868],[-98.988576994,43.572986017],[-98.988465535,43.572985659]]]}},
{"type":"Feature","properties":{"plot_id":3,"poly_line":"1_1","strip_id":50},"geometry":{"type":"Polygon","coordinates":[[[-98.988461148,43.57370751],[-98.988456762,43.574429362],[-98.988568223,43.57442972],[-98.988572608,43.573707868],[-98.988461148,43.57370751]]]}},
{"type":"Feature","properties":{"plot_id":4,"poly_line":"1_1","strip_id":50},"geometry":{"type":"Polygon","coordinates":[[[-98.988456762,43.574429362],[-98.988452375,43.575151213],[-98.988563837,43.575151571],[-98.988568223,43.57442972],[-98.988456762,43.574429362]]]}},
{"type":"Feature","properties":{"plot_id":5,"poly_line":"1_1","strip_id":50},"geometry":{"type":"Polygon","coordinates":[[[-98.988452375,43.575151213],[-98.988447988,43.575873064],[-98.988559451,43.575873422],[-98.988563837,43.575151571],[-98.988452375,43.575151213]]]}},
{"type":"Feature","properties":{"plot_id":6,"poly_line":"1_1","strip_id":50},"geometry":{"type":"Polygon","coordinates":[[[-98.988447988,43.575873064],[-98.988443601,43.576594915],[-98.988555066,43.576595273],[-98.988559451,43.575873422],[-98.988447988,43.575873064]]]}},
{"type":"Feature","properties":{"plot_id":7,"poly_line":"1_1","strip_id":50},"geometry":{"type":"Polygon","coordinates":[[[-98.988443601,43.576594915],[-98.988439213,43.577316765],[-98.98855068,43.577317123],[-98.988555066,43.576595273],[-98.988443601,43.576594915]]]}},
{"type":"Feature","properties":{"plot_id":8,"poly_line":"1_1","strip_id":50},"geometry":{"type":"Polygon","coordinates":[[[-98.988439213,43.577316765],[-98.988434826,43.578038616],[-98.988546294,43.578038974],[-98.98855068,43.577317123],[-98.988439213,43.577316765]]]}},
{"type":"Feature","properties":{"plot_id":1,"poly_line":"1_1","strip_id":51},"geometry":{"type":"Polygon","coordinates":[[[-98.988581376,43.572264576],[-98.988576991,43.572986465],[-98.988688449,43.572986823],[-98.988692833,43.572264934],[-98.988581376,43.572264576]]]}},
{"type":"Feature","properties":{"plot_id":2,"poly_line":"1_1","strip_id":51},"geometry":{"type":"Polygon","coordinates":[[[-98.988576991,43.572986465],[-98.988572605,43.573708354],[-98.988684065,43.573708712],[-98.988688449,43.572986823],[-98.988576991,43.572986465]]]}},
{"type":"Feature","properties":{"plot_id":3,"poly_line":"1_1","strip_id":51},"geometry":{"type":"Polygon","coordinates":[[[-98.988572605,43.573708354],[-98.988568219,43.574430244],[-98.98867968,43.574430602],[-98.988684065,43.573708712],[-98.988572605,43.573708354]]]}},
{"type":"Feature","properties":{"plot_id":4,"poly_line":"1_1","strip_id":51},"geometry":{"type":"Polygon","coordinates":[[[-98.988568219,43.574430244],[-98.988563834,43.575152133],[-98.988675296,43.575152491],[-98.98867968,43.574430602],[-98.988568219,43.574430244]]]}},
{"type":"Feature","properties":{"plot_id":5,"poly_line":"1_1","strip_id":51},"geometry":{"type":"Polygon","coordinates":[[[-98.988563834,43.575152133],[-98.988559448,43.575874022],[-98.988670911,43.57587438],[-98.988675296,43.575152491],[-98.988563834,43.575152133]]]}},
{"type":"Feature","properties":{"plot_id":6,"poly_line":"1_1","strip_id":51},"geometry":{"type":"Polygon","coordinates":[[[-98.988559448,43.575874022],[-98.988555062,43.576595911],[-98.988666527,43.576596269],[-98.988670911,43.57587438],[-98.988559448,43.575874022]]]}},
{"type":"Feature","properties":{"plot_id":7,"poly_line":"1_1","strip_id":51},"geometry":{"type":"Polygon","coordinates":[[[-98.988555062,43.576595911],[-98.988550675,43.5773178],[-98.988662142,43.577318158],[-98.988666527,43.576596269],[-98.988555062,43.576595911]]]}},
{"type":"Feature","properties":{"plot_id":8,"poly_line":"1_1","strip_id":51},"geometry":{"type":"Polygon","coordinates":[[[-98.988550675,43.5773178],[-98.988546289,43.578039688],[-98.988657757,43.578040046],[-98.988662142,43.577318158],[-98.988550675,43.5773178]]]}},
{"type":"Feature","properties":{"plot_id":1,"poly_line":"1_1","strip_id":52},"geometry":{"type":"Polygon","coordinates":[[[-98.988692831,43.572265344],[-98.988688446,43.572987272],[-98.988799905,43.572987629],[-98.988804288,43.572265702],[-98.988692831,43.572265344]]]}},
{"type":"Feature","properties":{"plot_id":2,"poly_line":"1_1","strip_id":52},"geometry":{"type":"Polygon","coordinates":[[[-98.988688446,43.572987272],[-98.988684062,43.573709199],[-98.988795522,43.573709557],[-98.988799905,43.572987629],[-98.988688446,43.572987272]]]}},
{"type":"Feature","properties":{"plot_id":3,"poly_line":"1_1","strip_id":52},"geometry":{"type":"Polygon","coordinates":[[[-98.988684062,43.573709199],[-98.988679677,43.574431126],[-98.988791138,43.574431484],[-98.988795522,43.573709557],[-98.988684062,43.573709199]]]}},
{"type":"Feature","properties":{"plot_id":4,"poly_line":"1_1","strip_id":52},"geometry":{"type":"Polygon","coordinates":[[[-98.988679677,43.574431126],[-98.988675293,43.575153053],[-98.988786755,43.575153411],[-98.988791138,43.574431484],[-98.988679677,43.574431126]]]}},
{"type":"Feature","properties":{"plot_id":5,"poly_line":"1_1","strip_id":52},"geometry":{"type":"Polygon","coordinates":[[[-98.988675293,43.575153053],[-98.988670908,43.57587498],[-98.988782371,43.575875338],[-98.988786755,43.575153411],[-98.988675293,43.575153053]]]}},
{"type":"Feature","properties":{"plot_id":6,"poly_line":"1_1","strip_id":52},"geometry":{"type":"Polygon","coordinates":[[[-98.988670908,43.57587498],[-98.988666523,43.576596907],[-98.988777988,43.576597265],[-98.988782371,43.575875338],[-98.988670908,43.57587498]]]}},
{"type":"Feature","properties":{"plot_id":7,"poly_line":"1_1","strip_id":52},"geometry":{"type":"Polygon","coordinates":[[[-98.988666523,43.576596907],[-98.988662138,43.577318834],[-98.988773604,43.577319192],[-98.988777988,43.576597265],[-98.988666523,43.576596907]]]}},
{"type":"Feature","properties":{"plot_id":8,"poly_line":"1_1","strip_id":52},"geometry":{"type":"Polygon","coordinates":[[[-98.988662138,43.577318834],[-98.988657753,43.578040761],[-98.98876922,43.578041119],[-98.988773604,43.577319192],[-98.988662138,43.577318834]]]}},
{"type":"Feature","properties":{"plot_id":1,"poly_line":"1_1","strip_id":53},"geometry":{"type":"Polygon","coordinates":[[[-98.988804285,43.572266119],[-98.988799902,43.572988083],[-98.98891136,43.572988441],[-98.988915742,43.572266476],[-98.988804285,43.572266119]]]}},
{"type":"Feature","properties":{"plot_id":2,"poly_line":"1_1","strip_id":53},"geometry":{"type":"Polygon","coordinates":[[[-98.988799902,43.572988083],[-98.988795519,43.573710048],[-98.988906978,43.573710405],[-98.98891136,43.572988441],[-98.988799902,43.572988083]]]}},
{"type":"Feature","properties":{"plot_id":3,"poly_line":"1_1","strip_id":53},"geometry":{"type":"Polygon","coordinates":[[[-98.988795519,43.573710048],[-98.988791135,43.574432012],[-98.988902596,43.57443237],[-98.988906978,43.573710405],[-98.988795519,43.573710048]]]}},
{"type":"Feature","properties":{"plot_id":4,"poly_line":"1_1","strip_id":53},"geometry":{"type":"Polygon","coordinates":[[[-98.988791135,43.574432012],[-98.988786751,43.575153977],[-98.988898214,43.575154334],[-98.988902596,43.57443237],[-98.988791135,43.574432012]]]}},
{"type":"Feature","properties":{"plot_id":5,"poly_line":"1_1","strip_id":53},"geometry":{"type":"Polygon","coordinates":[[[-98.988786751,43.575153977],[-98.988782368,43.575875941],[-98.988893831,43.575876298],[-98.988898214,43.575154334],[-98.988786751,43.575153977]]]}},
{"type":"Feature","properties":{"plot_id":6,"poly_line":"1_1","strip_id":53},"geometry":{"type":"Polygon","coordinates":[[[-98.988782368,43.575875941],[-98.988777984,43.576597905],[-98.988889449,43.576598263],[-98.988893831,43.575876298],[-98.988782368,43.575875941]]]}},
{"type":"Feature","properties":{"plot_id":7,"poly_line":"1_1","strip_id":53},"geometry":{"type":"Polygon","coordinates":[[[-98.988777984,43.576597905],[-98.9887736,43.577319869],[-98.988885066,43.577320227],[-98.988889449,43.576598263],[-98.988777984,43.576597905]]]}},
{"type":"Feature","properties":{"plot_id":8,"poly_line":"1_1","strip_id":53},"geometry":{"type":"Polygon","coordinates":[[[-98.9887736,43.577319869],[-98.988769216,43.578041833],[-98.988880684,43.578042191],[-98.988885066,43.577320227],[-98.9887736,43.577319869]]]}},
{"type":"Feature","properties":{"plot_id":1,"poly_line":"1_1","strip_id":54},"geometry":{"type":"Polygon","coordinates":[[[-98.98891574,43.572266893],[-98.988911358,43.572988895],[-98.989022816,43.572989252],[-98.989027197,43.572267251],[-98.98891574,43.572266893]]]}},
{"type":"Feature","properties":{"plot_id":2,"poly_line":"1_1","strip_id":54},"geometry":{"type":"Polygon","coordinates":[[[-98.988911358,43.572988895],[-98.988906975,43.573710897],[-98.989018435,43.573711254],[-98.989022816,43.572989252],[-98.988911358,43.572988895]]]}},
{"type":"Feature","properties":{"plot_id":3,"poly_line":"1_1","strip_id":54},"geometry":{"type":"Polygon","coordinates":[[[-98.988906975,43.573710897],[-98.988902593,43.574432898],[-98.989014054,43.574433256],[-98.989018435,43.573711254],[-98.988906975,43.573710897]]]}},
{"type":"Feature","properties":{"plot_id":4,"poly_line":"1_1","strip_id":54},"geometry":{"type":"Polygon","coordinates":[[[-98.988902593,43.574432898],[-98.98889821,43.5751549],[-98.989009673,43.575155257],[-98.989014054,43.574433256],[-98.988902593,43.574432898]]]}},
{"type":"Feature","properties":{"plot_id":5,"poly_line":"1_1","strip_id":54},"geometry":{"type":"Polygon","coordinates":[[[-98.98889821,43.5751549],[-98.988893828,43.575876901],[-98.989005291,43.575877259],[-98.989009673,43.575155257],[-98.98889821,43.5751549]]]}},
{"type":"Feature","properties":{"plot_id":6,"poly_line":"1_1","strip_id":54},"geometry":{"type":"Polygon","coordinates":[[[-98.988893828,43.575876901],[-98.988889445,43.576598903],[-98.98900091,43.57659926],[-98.989005291,43.575877259],[-98.988893828,43.575876901]]]}},
{"type":"Feature","properties":{"plot_id":7,"poly_line":"1_1","strip_id":54},"geometry":{"type":"Polygon","coordinates":[[[-98.988889445,43.576598903],[-98.988885062,43.577320904],[-98.988996528,43.577321261],[-98.98900091,43.57659926],[-98.988889445,43.576598903]]]}},
{"type":"Feature","properties":{"plot_id":8,"poly_line":"1_1","strip_id":54},"geometry":{"type":"Polygon","coordinates":[[[-98.988885062,43.577320904],[-98.988880679,43.578042905],[-98.988992147,43.578043263],[-98.988996528,43.577321261],[-98.988885062,43.577320904]]]}},
{"type":"Feature","properties":{"plot_id":1,"poly_line":"1_1","strip_id":55},"geometry":{"type":"Polygon","coordinates":[[[-98.989027194,43.572267667],[-98.989022813,43.572989664],[-98.989134272,43.572990022],[-98.989138651,43.572268025],[-98.989027194,43.572267667]]]}},
{"type":"Feature","properties":{"plot_id":2,"poly_line":"1_1","strip_id":55},"geometry":{"type":"Polygon","coordinates":[[[-98.989022813,43.572989664],[-98.989018432,43.573711662],[-98.989129892,43.573712019],[-98.989134272,43.572990022],[-98.989022813,43.572989664]]]}},
{"type":"Feature","properties":{"plot_id":3,"poly_line":"1_1","strip_id":55},"geometry":{"type":"Polygon","coordinates":[[[-98.989018432,43.573711662],[-98.989014051,43.574433659],[-98.989125512,43.574434016],[-98.989129892,43.573712019],[-98.989018432,43.573711662]]]}},
{"type":"Feature","properties":{"plot_id":4,"poly_line":"1_1","strip_id":55},"geometry":{"type":"Polygon","coordinates":[[[-98.989014051,43.574433659],[-98.98900967,43.575155655],[-98.989121133,43.575156013],[-98.989125512,43.574434016],[-98.989014051,43.574433659]]]}},
{"type":"Feature","properties":{"plot_id":5,"poly_line":"1_1","strip_id":55},"geometry":{"type":"Polygon","coordinates":[[[-98.98900967,43.575155655],[-98.989005289,43.575877652],[-98.989116753,43.57587801],[-98.989121133,43.575156013],[-98.98900967,43.575155655]]]}},
{"type":"Feature","properties":{"plot_id":6,"poly_line":"1_1","strip_id":55},"geometry":{"type":"Polygon","coordinates":[[[-98.989005289,43.575877652],[-98.989000908,43.576599649],[-98.989112373,43.576600006],[-98.989116753,43.57587801],[-98.989005289,43.575877652]]]}},
{"type":"Feature","properties":{"plot_id":7,"poly_line":"1_1","strip_id":55},"geometry":{"type":"Polygon","coordinates":[[[-98.989000908,43.576599649],[-98.988996526,43.577321646],[-98.989107992,43.577322003],[-98.989112373,43.576600006],[-98.989000908,43.576599649]]]}},
{"type":"Feature","properties":{"plot_id":8,"poly_line":"1_1","strip_id":55},"geometry":{"type":"Polygon","coordinates":[[[-98.988996526,43.577321646],[-98.988992145,43.578043642],[-98.989103612,43.578044],[-98.989107992,43.577322003],[-98.988996526,43.577321646]]]}},
{"type":"Feature","properties":{"plot_id":1,"poly_line":"1_1","strip_id":56},"geometry":{"type":"Polygon","coordinates":[[[-98.989138649,43.572268441],[-98.98913427,43.572990364],[-98.989245728,43.572990722],[-98.989250106,43.572268799],[-98.989138649,43.572268441]]]}},
{"type":"Feature","properties":{"plot_id":2,"poly_line":"1_1","strip_id":56},"geometry":{"type":"Polygon","coordinates":[[[-98.98913427,43.572990364],[-98.98912989,43.573712287],[-98.98924135,43.573712645],[-98.989245728,43.572990722],[-98.98913427,43.572990364]]]}},
{"type":"Feature","properties":{"plot_id":3,"poly_line":"1_1","strip_id":56},"geometry":{"type":"Polygon","coordinates":[[[-98.98912989,43.573712287],[-98.989125511,43.57443421],[-98.989236972,43.574434567],[-98.98924135,43.573712645],[-98.98912989,43.573712287]]]}},
{"type":"Feature","properties":{"plot_id":4,"poly_line":"1_1","strip_id":56},"geometry":{"type":"Polygon","coordinates":[[[-98.989125511,43.57443421],[-98.989121132,43.575156132],[-98.989232594,43.57515649],[-98.989236972,43.574434567],[-98.989125511,43.57443421]]]}},
{"type":"Feature","properties":{"plot_id":5,"poly_line":"1_1","strip_id":56},"geometry":{"type":"Polygon","coordinates":[[[-98.989121132,43.575156132],[-98.989116752,43.575878055],[-98.989228216,43.575878412],[-98.989232594,43.57515649],[-98.989121132,43.575156132]]]}},
{"type":"Feature","properties":{"plot_id":6,"poly_line":"1_1","strip_id":56},"geometry":{"type":"Polygon","coordinates":[[[-98.989116752,43.575878055],[-98.989112373,43.576599977],[-98.989223838,43.576600335],[-98.989228216,43.575878412],[-98.989116752,43.575878055]]]}},
{"type":"Feature","properties":{"plot_id":7,"poly_line":"1_1","strip_id":56},"geometry":{"type":"Polygon","coordinates":[[[-98.989112373,43.576599977],[-98.989107993,43.5773219],[-98.989219459,43.577322257],[-98.989223838,43.576600335],[-98.989112373,43.576599977]]]}},
{"type":"Feature","properties":{"plot_id":8,"poly_line":"1_1","strip_id":56},"geometry":{"type":"Polygon","coordinates":[[[-98.989107993,43.5773219],[-98.989103613,43.578043822],[-98.989215081,43.578044179],[-98.989219459,43.577322257],[-98.989107993,43.5773219]]]}},
{"type":"Feature","properties":{"plot_id":1,"poly_line":"1_1","strip_id":57},"geometry":{"type":"Polygon","coordinates":[[[-98.989250103,43.572269216],[-98.989245726,43.572991064],[-98.989357184,43.572991421],[-98.98936156,43.572269573],[-98.989250103,43.572269216]]]}},
{"type":"Feature","properties":{"plot_id":2,"poly_line":"1_1","strip_id":57},"geometry":{"type":"Polygon","coordinates":[[[-98.989245726,43.572991064],[-98.989241349,43.573712913],[-98.989352808,43.57371327],[-98.989357184,43.572991421],[-98.989245726,43.572991064]]]}},
{"type":"Feature","properties":{"plot_id":3,"poly_line":"1_1","strip_id":57},"geometry":{"type":"Polygon","coordinates":[[[-98.989241349,43.573712913],[-98.989236971,43.574434761],[-98.989348432,43.574435118],[-98.989352808,43.57371327],[-98.989241349,43.573712913]]]}},
{"type":"Feature","properties":{"plot_id":4,"poly_line":"1_1","strip_id":57},"geometry":{"type":"Polygon","coordinates":[[[-98.989236971,43.574434761],[-98.989232593,43.575156609],[-98.989344056,43.575156967],[-98.989348432,43.574435118],[-98.989236971,43.574434761]]]}},
{"type":"Feature","properties":{"plot_id":5,"poly_line":"1_1","strip_id":57},"geometry":{"type":"Polygon","coordinates":[[[-98.989232593,43.575156609],[-98.989228216,43.575878458],[-98.989339679,43.575878815],[-98.989344056,43.575156967],[-98.989232593,43.575156609]]]}},
{"type":"Feature","properties":{"plot_id":6,"poly_line":"1_1","strip_id":57},"geometry":{"type":"Polygon","coordinates":[[[-98.989228216,43.575878458],[-98.989223838,43.576600306],[-98.989335303,43.576600663],[-98.989339679,43.575878815],[-98.989228216,43.575878458]]]}},
{"type":"Feature","properties":{"plot_id":7,"poly_line":"1_1","strip_id":57},"geometry":{"type":"Polygon","coordinates":[[[-98.989223838,43.576600306],[-98.98921946,43.577322154],[-98.989330926,43.577322511],[-98.989335303,43.576600663],[-98.989223838,43.576600306]]]}},
{"type":"Feature","properties":{"plot_id":8,"poly_line":"1_1","strip_id":57},"geometry":{"type":"Polygon","coordinates":[[[-98.98921946,43.577322154],[-98.989215082,43.578044002],[-98.98932655,43.578044359],[-98.989330926,43.577322511],[-98.98921946,43.577322154]]]}},
{"type":"Feature","properties":{"plot_id":1,"poly_line":"1_1","strip_id":58},"geometry":{"type":"Polygon","coordinates":[[[-98.989361558,43.57226999],[-98.989357182,43.572991764],[-98.989468641,43.572992121],[-98.989473015,43.572270347],[-98.989361558,43.57226999]]]}},
{"type":"Feature","properties":{"plot_id":2,"poly_line":"1_1","strip_id":58},"geometry":{"type":"Polygon","coordinates":[[[-98.989357182,43.572991764],[-98.989352807,43.573713538],[-98.989464266,43.573713895],[-98.989468641,43.572992121],[-98.989357182,43.572991764]]]}},
{"type":"Feature","properties":{"plot_id":3,"poly_line":"1_1","strip_id":58},"geometry":{"type":"Polygon","coordinates":[[[-98.989352807,43.573713538],[-98.989348431,43.574435312],[-98.989459892,43.574435669],[-98.989464266,43.573713895],[-98.989352807,43.573713538]]]}},
{"type":"Feature","properties":{"plot_id":4,"poly_line":"1_1","strip_id":58},"geometry":{"type":"Polygon","coordinates":[[[-98.989348431,43.574435312],[-98.989344055,43.575157086],[-98.989455517,43.575157443],[-98.989459892,43.574435669],[-98.989348431,43.574435312]]]}},
{"type":"Feature","properties":{"plot_id":5,"poly_line":"1_1","strip_id":58},"geometry":{"type":"Polygon","coordinates":[[[-98.989344055,43.575157086],[-98.989339679,43.57587886],[-98.989451143,43.575879217],[-98.989455517,43.575157443],[-98.989344055,43.575157086]]]}},
{"type":"Feature","properties":{"plot_id":6,"poly_line":"1_1","strip_id":58},"geometry":{"type":"Polygon","coordinates":[[[-98.989339679,43.57587886],[-98.989335303,43.576600634],[-98.989446768,43.576600991],[-98.989451143,43.575879217],[-98.989339679,43.57587886]]]}},
{"type":"Feature","properties":{"plot_id":7,"poly_line":"1_1","strip_id":58},"geometry":{"type":"Polygon","coordinates":[[[-98.989335303,43.576600634],[-98.989330927,43.577322408],[-98.989442393,43.577322765],[-98.989446768,43.576600991],[-98.989335303,43.576600634]]]}},
{"type":"Feature","properties":{"plot_id":8,"poly_line":"1_1","strip_id":58},"geometry":{"type":"Polygon","coordinates":[[[-98.989330927,43.577322408],[-98.989326551,43.578044181],[-98.989438018,43.578044538],[-98.989442393,43.577322765],[-98.989330927,43.577322408]]]}},
{"type":"Feature","properties":{"plot_id":1,"poly_line":"1_1","strip_id":59},"geometry":{"type":"Polygon","coordinates":[[[-98.989473012,43.572270763],[-98.989468638,43.572992463],[-98.989580097,43.57299282],[-98.989584469,43.57227112],[-98.989473012,43.572270763]]]}},
{"type":"Feature","properties":{"plot_id":2,"poly_line":"1_1","strip_id":59},"geometry":{"type":"Polygon","coordinates":[[[-98.989468638,43.572992463],[-98.989464265,43.573714163],[-98.989575724,43.57371452],[-98.989580097,43.57299282],[-98.989468638,43.572992463]]]}},
{"type":"Feature","properties":{"plot_id":3,"poly_line":"1_1","strip_id":59},"geometry":{"type":"Polygon","coordinates":[[[-98.989464265,43.573714163],[-98.989459891,43.574435863],[-98.989571352,43.57443622],[-98.989575724,43.57371452],[-98.989464265,43.573714163]]]}},
{"type":"Feature","properties":{"plot_id":4,"poly_line":"1_1","strip_id":59},"geometry":{"type":"Polygon","coordinates":[[[-98.989459891,43.574435863],[-98.989455517,43.575157563],[-98.989566979,43.57515792],[-98.989571352,43.57443622],[-98.989459891,43.574435863]]]}},
{"type":"Feature","properties":{"plot_id":5,"poly_line":"1_1","strip_id":59},"geometry":{"type":"Polygon","coordinates":[[[-98.989455517,43.575157563],[-98.989451143,43.575879262],[-98.989562606,43.575879619],[-98.989566979,43.57515792],[-98.989455517,43.575157563]]]}},
{"type":"Feature","properties":{"plot_id":6,"poly_line":"1_1","strip_id":59},"geometry":{"type":"Polygon","coordinates":[[[-98.989451143,43.575879262],[-98.989446768,43.576600962],[-98.989558233,43.576601319],[-98.989562606,43.575879619],[-98.989451143,43.575879262]]]}},
{"type":"Feature","properties":{"plot_id":7,"poly_line":"1_1","strip_id":59},"geometry":{"type":"Polygon","coordinates":[[[-98.989446768,43.576600962],[-98.989442394,43.577322661],[-98.98955386,43.577323018],[-98.989558233,43.576601319],[-98.989446768,43.576600962]]]}},
{"type":"Feature","properties":{"plot_id":8,"poly_line":"1_1","strip_id":59},"geometry":{"type":"Polygon","coordinates":[[[-98.989442394,43.577322661],[-98.989438019,43.578044361],[-98.989549487,43.578044718],[-98.98955386,43.577323018],[-98.989442394,43.577322661]]]}},
{"type":"Feature","properties":{"plot_id":1,"poly_line":"1_1","strip_id":60},"geometry":{"type":"Polygon","coordinates":[[[-98.989584467,43.572271537],[-98.989580095,43.572993163],[-98.989691553,43.57299352],[-98.989695924,43.572271894],[-98.989584467,43.572271537]]]}},
{"type":"Feature","properties":{"plot_id":2,"poly_line":"1_1","strip_id":60},"geometry":{"type":"Polygon","coordinates":[[[-98.989580095,43.572993163],[-98.989575723,43.573714788],[-98.989687182,43.573715145],[-98.989691553,43.57299352],[-98.989580095,43.572993163]]]}},
{"type":"Feature","properties":{"plot_id":3,"poly_line":"1_1","strip_id":60},"geometry":{"type":"Polygon","coordinates":[[[-98.989575723,43.573714788],[-98.989571351,43.574436414],[-98.989682812,43.574436771],[-98.989687182,43.573715145],[-98.989575723,43.573714788]]]}},
{"type":"Feature","properties":{"plot_id":4,"poly_line":"1_1","strip_id":60},"geometry":{"type":"Polygon","coordinates":[[[-98.989571351,43.574436414],[-98.989566978,43.575158039],[-98.989678441,43.575158396],[-98.989682812,43.574436771],[-98.989571351,43.574436414]]]}},
{"type":"Feature","properties":{"plot_id":5,"poly_line":"1_1","strip_id":60},"geometry":{"type":"Polygon","coordinates":[[[-98.989566978,43.575158039],[-98.989562606,43.575879665],[-98.98967407,43.575880022],[-98.989678441,43.575158396],[-98.989566978,43.575158039]]]}},
{"type":"Feature","properties":{"plot_id":6,"poly_line":"1_1","strip_id":60},"geometry":{"type":"Polygon","coordinates":[[[-98.989562606,43.575879665],[-98.989558233,43.57660129],[-98.989669698,43.576601647],[-98.98967407,43.575880022],[-98.989562606,43.575879665]]]}},
{"type":"Feature","properties":{"plot_id":7,"poly_line":"1_1","strip_id":60},"geometry":{"type":"Polygon","coordinates":[[[-98.989558233,43.57660129],[-98.989553861,43.577322915],[-98.989665327,43.577323272],[-98.989669698,43.576601647],[-98.989558233,43.57660129]]]}},
{"type":"Feature","properties":{"plot_id":8,"poly_line":"1_1","strip_id":60},"geometry":{"type":"Polygon","coordinates":[[[-98.989553861,43.577322915],[-98.989549488,43.57804454],[-98.989660956,43.578044897],[-98.989665327,43.577323272],[-98.989553861,43.577322915]]]}},
{"type":"Feature","properties":{"plot_id":1,"poly_line":"1_1","strip_id":61},"geometry":{"type":"Polygon","coordinates":[[[-98.989695921,43.572272304],[-98.989691551,43.572993856],[-98.989803009,43.572994213],[-98.989807378,43.57227266],[-98.989695921,43.572272304]]]}},
{"type":"Feature","properties":{"plot_id":2,"poly_line":"1_1","strip_id":61},"geometry":{"type":"Polygon","coordinates":[[[-98.989691551,43.572993856],[-98.989687181,43.573715408],[-98.98979864,43.573715765],[-98.989803009,43.572994213],[-98.989691551,43.572993856]]]}},
{"type":"Feature","properties":{"plot_id":3,"poly_line":"1_1","strip_id":61},"geometry":{"type":"Polygon","coordinates":[[[-98.989687181,43.573715408],[-98.98968281,43.57443696],[-98.989794271,43.574437317],[-98.98979864,43.573715765],[-98.989687181,43.573715408]]]}},
{"type":"Feature","properties":{"plot_id":4,"poly_line":"1_1","strip_id":61},"geometry":{"type":"Polygon","coordinates":[[[-98.98968281,43.57443696],[-98.98967844,43.575158512],[-98.989789902,43.575158869],[-98.989794271,43.574437317],[-98.98968281,43.57443696]]]}},
{"type":"Feature","properties":{"plot_id":5,"poly_line":"1_1","strip_id":61},"geometry":{"type":"Polygon","coordinates":[[[-98.98967844,43.575158512],[-98.989674069,43.575880064],[-98.989785533,43.575880421],[-98.989789902,43.575158869],[-98.98967844,43.575158512]]]}},
{"type":"Feature","properties":{"plot_id":6,"poly_line":"1_1","strip_id":61},"geometry":{"type":"Polygon","coordinates":[[[-98.989674069,43.575880064],[-98.989669699,43.576601616],[-98.989781164,43.576601973],[-98.989785533,43.575880421],[-98.989674069,43.575880064]]]}},
{"type":"Feature","properties":{"plot_id":7,"poly_line":"1_1","strip_id":61},"geometry":{"type":"Polygon","coordinates":[[[-98.989669699,43.576601616],[-98.989665328,43.577323168],[-98.989776794,43.577323525],[-98.989781164,43.576601973],[-98.989669699,43.576601616]]]}},
{"type":"Feature","properties":{"plot_id":8,"poly_line":"1_1","strip_id":61},"geometry":{"type":"Polygon","coordinates":[[[-98.989665328,43.577323168],[-98.989660957,43.578044719],[-98.989772425,43.578045076],[-98.989776794,43.577323525],[-98.989665328,43.577323168]]]}},
{"type":"Feature","properties":{"plot_id":1,"poly_line":"1_1","strip_id":62},"geometry":{"type":"Polygon","coordinates":[[[-98.989807376,43.57227307],[-98.989803007,43.572994549],[-98.989914466,43.572994906],[-98.989918833,43.572273427],[-98.989807376,43.57227307]]]}},
{"type":"Feature","properties":{"plot_id":2,"poly_line":"1_1","strip_id":62},"geometry":{"type":"Polygon","coordinates":[[[-98.989803007,43.572994549],[-98.989798639,43.573716028],[-98.989910099,43.573716385],[-98.989914466,43.572994906],[-98.989803007,43.572994549]]]}},
{"type":"Feature","properties":{"plot_id":3,"poly_line":"1_1","strip_id":62},"geometry":{"type":"Polygon","coordinates":[[[-98.989798639,43.573716028],[-98.98979427,43.574437507],[-98.989905731,43.574437863],[-98.989910099,43.573716385],[-98.989798639,43.573716028]]]}},
{"type":"Feature","properties":{"plot_id":4,"poly_line":"1_1","strip_id":62},"geometry":{"type":"Polygon","coordinates":[[[-98.98979427,43.574437507],[-98.989789902,43.575158985],[-98.989901364,43.575159342],[-98.989905731,43.574437863],[-98.98979427,43.574437507]]]}},
{"type":"Feature","properties":{"plot_id":5,"poly_line":"1_1","strip_id":62},"geometry":{"type":"Polygon","coordinates":[[[-98.989789902,43.575158985],[-98.989785533,43.575880464],[-98.989896996,43.57588082],[-98.989901364,43.575159342],[-98.989789902,43.575158985]]]}},
{"type":"Feature","properties":{"plot_id":6,"poly_line":"1_1","strip_id":62},"geometry":{"type":"Polygon","coordinates":[[[-98.989785533,43.575880464],[-98.989781164,43.576601942],[-98.989892629,43.576602299],[-98.989896996,43.57588082],[-98.989785533,43.575880464]]]}},
{"type":"Feature","properties":{"plot_id":7,"poly_line":"1_1","strip_id":62},"geometry":{"type":"Polygon","coordinates":[[[-98.989781164,43.576601942],[-98.989776795,43.57732342],[-98.989888261,43.577323777],[-98.989892629,43.576602299],[-98.989781164,43.576601942]]]}},
{"type":"Feature","properties":{"plot_id":8,"poly_line":"1_1","strip_id":62},"geometry":{"type":"Polygon","coordinates":[[[-98.989776795,43.57732342],[-98.989772426,43.578044898],[-98.989883893,43.578045255],[-98.989888261,43.577323777],[-98.989776795,43.57732342]]]}},
{"type":"Feature","properties":{"plot_id":1,"poly_line":"1_1","strip_id":63},"geometry":{"type":"Polygon","coordinates":[[[-98.98991883,43.572273839],[-98.989914464,43.572995244],[-98.990025922,43.5729956],[-98.990030287,43.572274195],[-98.98991883,43.572273839]]]}},
{"type":"Feature","properties":{"plot_id":2,"poly_line":"1_1","strip_id":63},"geometry":{"type":"Polygon","coordinates":[[[-98.989914464,43.572995244],[-98.989910097,43.573716649],[-98.990021557,43.573717006],[-98.990025922,43.5729956],[-98.989914464,43.572995244]]]}},
{"type":"Feature","properties":{"plot_id":3,"poly_line":"1_1","strip_id":63},"geometry":{"type":"Polygon","coordinates":[[[-98.989910097,43.573716649],[-98.98990573,43.574438054],[-98.990017191,43.574438411],[-98.990021557,43.573717006],[-98.989910097,43.573716649]]]}},
{"type":"Feature","properties":{"plot_id":4,"poly_line":"1_1","strip_id":63},"geometry":{"type":"Polygon","coordinates":[[[-98.98990573,43.574438054],[-98.989901363,43.575159459],[-98.990012826,43.575159815],[-98.990017191,43.574438411],[-98.98990573,43.574438054]]]}},
{"type":"Feature","properties":{"plot_id":5,"poly_line":"1_1","strip_id":63},"geometry":{"type":"Polygon","coordinates":[[[-98.989901363,43.575159459],[-98.989896996,43.575880864],[-98.99000846,43.57588122],[-98.990012826,43.575159815],[-98.989901363,43.575159459]]]}},
{"type":"Feature","properties":{"plot_id":6,"poly_line":"1_1","strip_id":63},"geometry":{"type":"Polygon","coordinates":[[[-98.989896996,43.575880864],[-98.989892629,43.576602268],[-98.990004094,43.576602625],[-98.99000846,43.57588122],[-98.989896996,43.575880864]]]}},
{"type":"Feature","properties":{"plot_id":7,"poly_line":"1_1","strip_id":63},"geometry":{"type":"Polygon","coordinates":[[[-98.989892629,43.576602268],[-98.989888262,43.577323673],[-98.989999728,43.57732403],[-98.990004094,43.576602625],[-98.989892629,43.576602268]]]}},
{"type":"Feature","properties":{"plot_id":8,"poly_line":"1_1","strip_id":63},"geometry":{"type":"Polygon","coordinates":[[[-98.989888262,43.577323673],[-98.989883894,43.578045078],[-98.989995362,43.578045434],[-98.989999728,43.57732403],[-98.989888262,43.577323673]]]}},
{"type":"Feature","properties":{"plot_id":1,"poly_line":"1_1","strip_id":64},"geometry":{"type":"Polygon","coordinates":[[[-98.990030285,43.572274607],[-98.99002592,43.572995938],[-98.990137378,43.572996295],[-98.990141742,43.572274963],[-98.990030285,43.572274607]]]}},
{"type":"Feature","properties":{"plot_id":2,"poly_line":"1_1","strip_id":64},"geometry":{"type":"Polygon","coordinates":[[[-98.99002592,43.572995938],[-98.990021555,43.57371727],[-98.990133015,43.573717626],[-98.990137378,43.572996295],[-98.99002592,43.572995938]]]}},
{"type":"Feature","properties":{"plot_id":3,"poly_line":"1_1","strip_id":64},"geometry":{"type":"Polygon","coordinates":[[[-98.990021555,43.57371727],[-98.99001719,43.574438601],[-98.990128651,43.574438958],[-98.990133015,43.573717626],[-98.990021555,43.57371727]]]}},
{"type":"Feature","properties":{"plot_id":4,"poly_line":"1_1","strip_id":64},"geometry":{"type":"Polygon","coordinates":[[[-98.99001719,43.574438601],[-98.990012825,43.575159932],[-98.990124287,43.575160289],[-98.990128651,43.574438958],[-98.99001719,43.574438601]]]}},
{"type":"Feature","properties":{"plot_id":5,"poly_line":"1_1","strip_id":64},"geometry":{"type":"Polygon","coordinates":[[[-98.990012825,43.575159932],[-98.99000846,43.575881264],[-98.990119923,43.57588162],[-98.990124287,43.575160289],[-98.990012825,43.575159932]]]}},
{"type":"Feature","properties":{"plot_id":6,"poly_line":"1_1","strip_id":64},"geometry":{"type":"Polygon","coordinates":[[[-98.99000846,43.575881264],[-98.990004094,43.576602595],[-98.990115559,43.576602951],[-98.990119923,43.57588162],[-98.99000846,43.575881264]]]}},
{"type":"Feature","properties":{"plot_id":7,"poly_line":"1_1","strip_id":64},"geometry":{"type":"Polygon","coordinates":[[[-98.990004094,43.576602595],[-98.989999729,43.577323926],[-98.990111195,43.577324282],[-98.990115559,43.576602951],[-98.990004094,43.576602595]]]}},
{"type":"Feature","properties":{"plot_id":8,"poly_line":"1_1","strip_id":64},"geometry":{"type":"Polygon","coordinates":[[[-98.989999729,43.577323926],[-98.989995363,43.578045256],[-98.990106831,43.578045613],[-98.990111195,43.577324282],[-98.989999729,43.577323926]]]}},
{"type":"Feature","properties":{"plot_id":1,"poly_line":"1_1","strip_id":65},"geometry":{"type":"Polygon","coordinates":[[[-98.990141739,43.572275375],[-98.990137376,43.572996633],[-98.990248835,43.572996989],[-98.990253196,43.572275731],[-98.990141739,43.572275375]]]}},
{"type":"Feature","properties":{"plot_id":2,"poly_line":"1_1","strip_id":65},"geometry":{"type":"Polygon","coordinates":[[[-98.990137376,43.572996633],[-98.990133013,43.57371789],[-98.990244473,43.573718247],[-98.990248835,43.572996989],[-98.990137376,43.572996633]]]}},
{"type":"Feature","properties":{"plot_id":3,"poly_line":"1_1","strip_id":65},"geometry":{"type":"Polygon","coordinates":[[[-98.990133013,43.57371789],[-98.99012865,43.574439148],[-98.990240111,43.574439505],[-98.990244473,43.573718247],[-98.990133013,43.57371789]]]}},
{"type":"Feature","properties":{"plot_id":4,"poly_line":"1_1","strip_id":65},"geometry":{"type":"Polygon","coordinates":[[[-98.99012865,43.574439148],[-98.990124286,43.575160406],[-98.990235749,43.575160762],[-98.990240111,43.574439505],[-98.99012865,43.574439148]]]}},
{"type":"Feature","properties":{"plot_id":5,"poly_line":"1_1","strip_id":65},"geometry":{"type":"Polygon","coordinates":[[[-98.990124286,43.575160406],[-98.990119923,43.575881663],[-98.990231387,43.57588202],[-98.990235749,43.575160762],[-98.990124286,43.575160406]]]}},
{"type":"Feature","properties":{"plot_id":6,"poly_line":"1_1","strip_id":65},"geometry":{"type":"Polygon","coordinates":[[[-98.990119923,43.575881663],[-98.990115559,43.576602921],[-98.990227024,43.576603277],[-98.990231387,43.57588202],[-98.990119923,43.575881663]]]}},
{"type":"Feature","properties":{"plot_id":7,"poly_line":"1_1","strip_id":65},"geometry":{"type":"Polygon","coordinates":[[[-98.990115559,43.576602921],[-98.990111196,43.577324178],[-98.990222662,43.577324534],[-98.990227024,43.576603277],[-98.990115559,43.576602921]]]}},
{"type":"Feature","properties":{"plot_id":8,"poly_line":"1_1","strip_id":65},"geometry":{"type":"Polygon","coordinates":[[[-98.990111196,43.577324178],[-98.990106832,43.578045435],[-98.9902183,43.578045792],[-98.990222662,43.577324534],[-98.990111196,43.577324178]]]}},
{"type":"Feature","properties":{"plot_id":1,"poly_line":"1_1","strip_id":66},"geometry":{"type":"Polygon","coordinates":[[[-98.990253194,43.572276143],[-98.990248833,43.572997327],[-98.990360291,43.572997683],[-98.990364651,43.572276499],[-98.990253194,43.572276143]]]}},
{"type":"Feature","properties":{"plot_id":2,"poly_line":"1_1","strip_id":66},"geometry":{"type":"Polygon","coordinates":[[[-98.990248833,43.572997327],[-98.990244471,43.573718511],[-98.990355931,43.573718867],[-98.990360291,43.572997683],[-98.990248833,43.572997327]]]}},
{"type":"Feature","properties":{"plot_id":3,"poly_line":"1_1","strip_id":66},"geometry":{"type":"Polygon","coordinates":[[[-98.990244471,43.573718511],[-98.99024011,43.574439695],[-98.990351571,43.574440051],[-98.990355931,43.573718867],[-98.990244471,43.573718511]]]}},
{"type":"Feature","properties":{"plot_id":4,"poly_line":"1_1","strip_id":66},"geometry":{"type":"Polygon","coordinates":[[[-98.99024011,43.574439695],[-98.990235748,43.575160879],[-98.99034721,43.575161235],[-98.990351571,43.574440051],[-98.99024011,43.574439695]]]}},
{"type":"Feature","properties":{"plot_id":5,"poly_line":"1_1","strip_id":66},"geometry":{"type":"Polygon","coordinates":[[[-98.990235748,43.575160879],[-98.990231386,43.575882063],[-98.99034285,43.575882419],[-98.99034721,43.575161235],[-98.990235748,43.575160879]]]}},
{"type":"Feature","properties":{"plot_id":6,"poly_line":"1_1","strip_id":66},"geometry":{"type":"Polygon","coordinates":[[[-98.990231386,43.575882063],[-98.990227025,43.576603247],[-98.99033849,43.576603603],[-98.99034285,43.575882419],[-98.990231386,43.575882063]]]}},
{"type":"Feature","properties":{"plot_id":7,"poly_line":"1_1","strip_id":66},"geometry":{"type":"Polygon","coordinates":[[[-98.990227025,43.576603247],[-98.990222663,43.57732443],[-98.990334129,43.577324787],[-98.99033849,43.576603603],[-98.990227025,43.576603247]]]}},
{"type":"Feature","properties":{"plot_id":8,"poly_line":"1_1","strip_id":66},"geometry":{"type":"Polygon","coordinates":[[[-98.990222663,43.57732443],[-98.990218301,43.578045614],[-98.990329768,43.57804597],[-98.990334129,43.577324787],[-98.990222663,43.57732443]]]}},
{"type":"Feature","properties":{"plot_id":1,"poly_line":"1_1","strip_id":67},"geometry":{"type":"Polygon","coordinates":[[[-98.990364648,43.57227691],[-98.990360289,43.572998021],[-98.990471747,43.572998377],[-98.990476105,43.572277267],[-98.990364648,43.57227691]]]}},
{"type":"Feature","properties":{"plot_id":2,"poly_line":"1_1","strip_id":67},"geometry":{"type":"Polygon","coordinates":[[[-98.990360289,43.572998021],[-98.990355929,43.573719131],[-98.990467389,43.573719488],[-98.990471747,43.572998377],[-98.990360289,43.572998021]]]}},
{"type":"Feature","properties":{"plot_id":3,"poly_line":"1_1","strip_id":67},"geometry":{"type":"Polygon","coordinates":[[[-98.990355929,43.573719131],[-98.99035157,43.574440242],[-98.990463031,43.574440598],[-98.990467389,43.573719488],[-98.990355929,43.573719131]]]}},
{"type":"Feature","properties":{"plot_id":4,"poly_line":"1_1","strip_id":67},"geometry":{"type":"Polygon","coordinates":[[[-98.99035157,43.574440242],[-98.99034721,43.575161352],[-98.990458672,43.575161708],[-98.990463031,43.574440598],[-98.99035157,43.574440242]]]}},
{"type":"Feature","properties":{"plot_id":5,"poly_line":"1_1","strip_id":67},"geometry":{"type":"Polygon","coordinates":[[[-98.99034721,43.575161352],[-98.99034285,43.575882462],[-98.990454314,43.575882819],[-98.990458672,43.575161708],[-98.99034721,43.575161352]]]}},
{"type":"Feature","properties":{"plot_id":6,"poly_line":"1_1","strip_id":67},"geometry":{"type":"Polygon","coordinates":[[[-98.99034285,43.575882462],[-98.99033849,43.576603573],[-98.990449955,43.576603929],[-98.990454314,43.575882819],[-98.99034285,43.575882462]]]}},
{"type":"Feature","properties":{"plot_id":7,"poly_line":"1_1","strip_id":67},"geometry":{"type":"Polygon","coordinates":[[[-98.99033849,43.576603573],[-98.99033413,43.577324683],[-98.990445596,43.577325039],[-98.990449955,43.576603929],[-98.99033849,43.576603573]]]}},
{"type":"Feature","properties":{"plot_id":8,"poly_line":"1_1","strip_id":67},"geometry":{"type":"Polygon","coordinates":[[[-98.99033413,43.577324683],[-98.990329769,43.578045793],[-98.990441237,43.578046149],[-98.990445596,43.577325039],[-98.99033413,43.577324683]]]}},
{"type":"Feature","properties":{"plot_id":1,"poly_line":"1_1","strip_id":68},"geometry":{"type":"Polygon","coordinates":[[[-98.990476103,43.572277678],[-98.990471745,43.572998715],[-98.990583204,43.572999071],[-98.99058756,43.572278034],[-98.990476103,43.572277678]]]}},
{"type":"Feature","properties":{"plot_id":2,"poly_line":"1_1","strip_id":68},"geometry":{"type":"Polygon","coordinates":[[[-98.990471745,43.572998715],[-98.990467387,43.573719752],[-98.990578847,43.573720108],[-98.990583204,43.572999071],[-98.990471745,43.572998715]]]}},
{"type":"Feature","properties":{"plot_id":3,"poly_line":"1_1","strip_id":68},"geometry":{"type":"Polygon","coordinates":[[[-98.990467387,43.573719752],[-98.990463029,43.574440789],[-98.99057449,43.574441145],[-98.990578847,43.573720108],[-98.990467387,43.573719752]]]}},
{"type":"Feature","properties":{"plot_id":4,"poly_line":"1_1","strip_id":68},"geometry":{"type":"Polygon","coordinates":[[[-98.990463029,43.574440789],[-98.990458671,43.575161825],[-98.990570134,43.575162182],[-98.99057449,43.574441145],[-98.990463029,43.574440789]]]}},
{"type":"Feature","properties":{"plot_id":5,"poly_line":"1_1","strip_id":68},"geometry":{"type":"Polygon","coordinates":[[[-98.990458671,43.575161825],[-98.990454313,43.575882862],[-98.990565777,43.575883218],[-98.990570134,43.575162182],[-98.990458671,43.575161825]]]}},
{"type":"Feature","properties":{"plot_id":6,"poly_line":"1_1","strip_id":68},"geometry":{"type":"Polygon","coordinates":[[[-98.990454313,43.575882862],[-98.990449955,43.576603899],[-98.99056142,43.576604255],[-98.990565777,43.575883218],[-98.990454313,43.575882862]]]}},
{"type":"Feature","properties":{"plot_id":7,"poly_line":"1_1","strip_id":68},"geometry":{"type":"Polygon","coordinates":[[[-98.990449955,43.576603899],[-98.990445597,43.577324935],[-98.990557063,43.577325291],[-98.99056142,43.576604255],[-98.990449955,43.576603899]]]}},
{"type":"Feature","properties":{"plot_id":8,"poly_line":"1_1","strip_id":68},"geometry":{"type":"Polygon","coordinates":[[[-98.990445597,43.577324935],[-98.990441238,43.578045971],[-98.990552706,43.578046328],[-98.990557063,43.577325291],[-98.990445597,43.577324935]]]}},
{"type":"Feature","properties":{"plot_id":1,"poly_line":"1_1","strip_id":69},"geometry":{"type":"Polygon","coordinates":[[[-98.990587557,43.572278446],[-98.990583202,43.572999409],[-98.99069466,43.572999765],[-98.990699015,43.572278802],[-98.990587557,43.572278446]]]}},
{"type":"Feature","properties":{"plot_id":2,"poly_line":"1_1","strip_id":69},"geometry":{"type":"Polygon","coordinates":[[[-98.990583202,43.572999409],[-98.990578845,43.573720372],[-98.990690305,43.573720728],[-98.99069466,43.572999765],[-98.990583202,43.572999409]]]}},
{"type":"Feature","properties":{"plot_id":3,"poly_line":"1_1","strip_id":69},"geometry":{"type":"Polygon","coordinates":[[[-98.990578845,43.573720372],[-98.990574489,43.574441336],[-98.99068595,43.574441692],[-98.990690305,43.573720728],[-98.990578845,43.573720372]]]}},
{"type":"Feature","properties":{"plot_id":4,"poly_line":"1_1","strip_id":69},"geometry":{"type":"Polygon","coordinates":[[[-98.990574489,43.574441336],[-98.990570133,43.575162299],[-98.990681595,43.575162655],[-98.99068595,43.574441692],[-98.990574489,43.574441336]]]}},
{"type":"Feature","properties":{"plot_id":5,"poly_line":"1_1","strip_id":69},"geometry":{"type":"Polygon","coordinates":[[[-98.990570133,43.575162299],[-98.990565777,43.575883262],[-98.99067724,43.575883618],[-98.990681595,43.575162655],[-98.990570133,43.575162299]]]}},
{"type":"Feature","properties":{"plot_id":6,"poly_line":"1_1","strip_id":69},"geometry":{"type":"Polygon","coordinates":[[[-98.990565777,43.575883262],[-98.99056142,43.576604225],[-98.990672885,43.576604581],[-98.99067724,43.575883618],[-98.990565777,43.575883262]]]}},
{"type":"Feature","properties":{"plot_id":7,"poly_line":"1_1","strip_id":69},"geometry":{"type":"Polygon","coordinates":[[[-98.99056142,43.576604225],[-98.990557064,43.577325188],[-98.99066853,43.577325544],[-98.990672885,43.576604581],[-98.99056142,43.576604225]]]}},
{"type":"Feature","properties":{"plot_id":8,"poly_line":"1_1","strip_id":69},"geometry":{"type":"Polygon","coordinates":[[[-98.990557064,43.577325188],[-98.990552707,43.578046151],[-98.990664175,43.578046507],[-98.99066853,43.577325544],[-98.990557064,43.577325188]]]}},
{"type":"Feature","properties":{"plot_id":1,"poly_line":"1_1","strip_id":70},"geometry":{"type":"Polygon","coordinates":[[[-98.990699012,43.572279213],[-98.990694658,43.573000103],[-98.990806116,43.573000459],[-98.990810469,43.572279569],[-98.990699012,43.572279213]]]}},
{"type":"Feature","properties":{"plot_id":2,"poly_line":"1_1","strip_id":70},"geometry":{"type":"Polygon","coordinates":[[[-98.990694658,43.573000103],[-98.990690304,43.573720993],[-98.990801763,43.573721349],[-98.990806116,43.573000459],[-98.990694658,43.573000103]]]}},
{"type":"Feature","properties":{"plot_id":3,"poly_line":"1_1","strip_id":70},"geometry":{"type":"Polygon","coordinates":[[[-98.990690304,43.573720993],[-98.990685949,43.574441882],[-98.99079741,43.574442238],[-98.990801763,43.573721349],[-98.990690304,43.573720993]]]}},
{"type":"Feature","properties":{"plot_id":4,"poly_line":"1_1","strip_id":70},"geometry":{"type":"Polygon","coordinates":[[[-98.990685949,43.574441882],[-98.990681595,43.575162772],[-98.990793057,43.575163128],[-98.99079741,43.574442238],[-98.990685949,43.574441882]]]}},
{"type":"Feature","properties":{"plot_id":5,"poly_line":"1_1","strip_id":70},"geometry":{"type":"Polygon","coordinates":[[[-98.990681595,43.575162772],[-98.99067724,43.575883662],[-98.990788704,43.575884017],[-98.990793057,43.575163128],[-98.990681595,43.575162772]]]}},
{"type":"Feature","properties":{"plot_id":6,"poly_line":"1_1","strip_id":70},"geometry":{"type":"Polygon","coordinates":[[[-98.99067724,43.575883662],[-98.990672885,43.576604551],[-98.99078435,43.576604907],[-98.990788704,43.575884017],[-98.99067724,43.575883662]]]}},
{"type":"Feature","properties":{"plot_id":7,"poly_line":"1_1","strip_id":70},"geometry":{"type":"Polygon","coordinates":[[[-98.990672885,43.576604551],[-98.990668531,43.57732544],[-98.990779997,43.577325796],[-98.99078435,43.576604907],[-98.990672885,43.576604551]]]}},
{"type":"Feature","properties":{"plot_id":8,"poly_line":"1_1","strip_id":70},"geometry":{"type":"Polygon","coordinates":[[[-98.990668531,43.57732544],[-98.990664176,43.57804633],[-98.990775643,43.578046685],[-98.990779997,43.577325796],[-98.990668531,43.57732544]]]}},
{"type":"Feature","properties":{"plot_id":1,"poly_line":"1_1","strip_id":71},"geometry":{"type":"Polygon","coordinates":[[[-98.990810467,43.57227998],[-98.990806114,43.573000797],[-98.990917573,43.573001152],[-98.990921924,43.572280336],[-98.990810467,43.57227998]]]}},
{"type":"Feature","properties":{"plot_id":2,"poly_line":"1_1","strip_id":71},"geometry":{"type":"Polygon","coordinates":[[[-98.990806114,43.573000797],[-98.990801762,43.573721613],[-98.990913221,43.573721969],[-98.990917573,43.573001152],[-98.990806114,43.573000797]]]}},
{"type":"Feature","properties":{"plot_id":3,"poly_line":"1_1","strip_id":71},"geometry":{"type":"Polygon","coordinates":[[[-98.990801762,43.573721613],[-98.990797409,43.574442429],[-98.99090887,43.574442785],[-98.990913221,43.573721969],[-98.990801762,43.573721613]]]}},
{"type":"Feature","properties":{"plot_id":4,"poly_line":"1_1","strip_id":71},"geometry":{"type":"Polygon","coordinates":[[[-98.990797409,43.574442429],[-98.990793056,43.575163245],[-98.990904519,43.575163601],[-98.99090887,43.574442785],[-98.990797409,43.574442429]]]}},
{"type":"Feature","properties":{"plot_id":5,"poly_line":"1_1","strip_id":71},"geometry":{"type":"Polygon","coordinates":[[[-98.990793056,43.575163245],[-98.990788703,43.575884061],[-98.990900167,43.575884417],[-98.990904519,43.575163601],[-98.990793056,43.575163245]]]}},
{"type":"Feature","properties":{"plot_id":6,"poly_line":"1_1","strip_id":71},"geometry":{"type":"Polygon","coordinates":[[[-98.990788703,43.575884061],[-98.990784351,43.576604877],[-98.990895816,43.576605233],[-98.990900167,43.575884417],[-98.990788703,43.575884061]]]}},
{"type":"Feature","properties":{"plot_id":7,"poly_line":"1_1","strip_id":71},"geometry":{"type":"Polygon","coordinates":[[[-98.990784351,43.576604877],[-98.990779998,43.577325693],[-98.990891464,43.577326048],[-98.990895816,43.576605233],[-98.990784351,43.576604877]]]}},
{"type":"Feature","properties":{"plot_id":8,"poly_line":"1_1","strip_id":71},"geometry":{"type":"Polygon","coordinates":[[[-98.990779998,43.577325693],[-98.990775644,43.578046508],[-98.990887112,43.578046864],[-98.990891464,43.577326048],[-98.990779998,43.577325693]]]}},
{"type":"Feature","properties":{"plot_id":1,"poly_line":"1_1","strip_id":72},"geometry":{"type":"Polygon","coordinates":[[[-98.990921921,43.572280748],[-98.990917571,43.57300149],[-98.991029029,43.573001846],[-98.991033378,43.572281103],[-98.990921921,43.572280748]]]}},
{"type":"Feature","properties":{"plot_id":2,"poly_line":"1_1","strip_id":72},"geometry":{"type":"Polygon","coordinates":[[[-98.990917571,43.57300149],[-98.99091322,43.573722233],[-98.991024679,43.573722589],[-98.991029029,43.573001846],[-98.990917571,43.57300149]]]}},
{"type":"Feature","properties":{"plot_id":3,"poly_line":"1_1","strip_id":72},"geometry":{"type":"Polygon","coordinates":[[[-98.99091322,43.573722233],[-98.990908869,43.574442976],[-98.99102033,43.574443331],[-98.991024679,43.573722589],[-98.99091322,43.573722233]]]}},
{"type":"Feature","properties":{"plot_id":4,"poly_line":"1_1","strip_id":72},"geometry":{"type":"Polygon","coordinates":[[[-98.990908869,43.574442976],[-98.990904518,43.575163718],[-98.99101598,43.575164074],[-98.99102033,43.574443331],[-98.990908869,43.574442976]]]}},
{"type":"Feature","properties":{"plot_id":5,"poly_line":"1_1","strip_id":72},"geometry":{"type":"Polygon","coordinates":[[[-98.990904518,43.575163718],[-98.990900167,43.57588446],[-98.991011631,43.575884816],[-98.99101598,43.575164074],[-98.990904518,43.575163718]]]}},
{"type":"Feature","properties":{"plot_id":6,"poly_line":"1_1","strip_id":72},"geometry":{"type":"Polygon","coordinates":[[[-98.990900167,43.57588446],[-98.990895816,43.576605203],[-98.991007281,43.576605558],[-98.991011631,43.575884816],[-98.990900167,43.57588446]]]}},
{"type":"Feature","properties":{"plot_id":7,"poly_line":"1_1","strip_id":72},"geometry":{"type":"Polygon","coordinates":[[[-98.990895816,43.576605203],[-98.990891464,43.577325945],[-98.991002931,43.577326301],[-98.991007281,43.576605558],[-98.990895816,43.576605203]]]}},
{"type":"Feature","properties":{"plot_id":8,"poly_line":"1_1","strip_id":72},"geometry":{"type":"Polygon","coordinates":[[[-98.990891464,43.577325945],[-98.990887113,43.578046687],[-98.990998581,43.578047043],[-98.991002931,43.577326301],[-98.990891464,43.577325945]]]}},
{"type":"Feature","properties":{"plot_id":1,"poly_line":"1_1","strip_id":73},"geometry":{"type":"Polygon","coordinates":[[[-98.991033376,43.572281515],[-98.991029027,43.573002184],[-98.991140485,43.573002539],[-98.991144833,43.57228187],[-98.991033376,43.572281515]]]}},
{"type":"Feature","properties":{"plot_id":2,"poly_line":"1_1","strip_id":73},"geometry":{"type":"Polygon","coordinates":[[[-98.991029027,43.573002184],[-98.991024678,43.573722853],[-98.991136138,43.573723209],[-98.991140485,43.573002539],[-98.991029027,43.573002184]]]}},
{"type":"Feature","properties":{"plot_id":3,"poly_line":"1_1","strip_id":73},"geometry":{"type":"Polygon","coordinates":[[[-98.991024678,43.573722853],[-98.991020329,43.574443522],[-98.99113179,43.574443878],[-98.991136138,43.573723209],[-98.991024678,43.573722853]]]}},
{"type":"Feature","properties":{"plot_id":4,"poly_line":"1_1","strip_id":73},"geometry":{"type":"Polygon","coordinates":[[[-98.991020329,43.574443522],[-98.99101598,43.575164191],[-98.991127442,43.575164546],[-98.99113179,43.574443878],[-98.991020329,43.574443522]]]}},
{"type":"Feature","properties":{"plot_id":5,"poly_line":"1_1","strip_id":73},"geometry":{"type":"Polygon","coordinates":[[[-98.99101598,43.575164191],[-98.99101163,43.57588486],[-98.991123094,43.575885215],[-98.991127442,43.575164546],[-98.99101598,43.575164191]]]}},
{"type":"Feature","properties":{"plot_id":6,"poly_line":"1_1","strip_id":73},"geometry":{"type":"Polygon","coordinates":[[[-98.99101163,43.57588486],[-98.991007281,43.576605529],[-98.991118746,43.576605884],[-98.991123094,43.575885215],[-98.99101163,43.57588486]]]}},
{"type":"Feature","properties":{"plot_id":7,"poly_line":"1_1","strip_id":73},"geometry":{"type":"Polygon","coordinates":[[[-98.991007281,43.576605529],[-98.991002931,43.577326197],[-98.991114398,43.577326553],[-98.991118746,43.576605884],[-98.991007281,43.576605529]]]}},
{"type":"Feature","properties":{"plot_id":8,"poly_line":"1_1","strip_id":73},"geometry":{"type":"Polygon","coordinates":[[[-98.991002931,43.577326197],[-98.990998582,43.578046866],[-98.99111005,43.578047221],[-98.991114398,43.577326553],[-98.991002931,43.577326197]]]}},
{"type":"Feature","properties":{"plot_id":1,"poly_line":"1_1","strip_id":74},"geometry":{"type":"Polygon","coordinates":[[[-98.991144835,43.57228149],[-98.991140487,43.573002185],[-98.991251946,43.57300254],[-98.991256292,43.572281846],[-98.991144835,43.57228149]]]}},
{"type":"Feature","properties":{"plot_id":2,"poly_line":"1_1","strip_id":74},"geometry":{"type":"Polygon","coordinates":[[[-98.991140487,43.573002185],[-98.99113614,43.573722879],[-98.991247599,43.573723235],[-98.991251946,43.57300254],[-98.991140487,43.573002185]]]}},
{"type":"Feature","properties":{"plot_id":3,"poly_line":"1_1","strip_id":74},"geometry":{"type":"Polygon","coordinates":[[[-98.99113614,43.573722879],[-98.991131792,43.574443574],[-98.991243253,43.574443929],[-98.991247599,43.573723235],[-98.99113614,43.573722879]]]}},
{"type":"Feature","properties":{"plot_id":4,"poly_line":"1_1","strip_id":74},"geometry":{"type":"Polygon","coordinates":[[[-98.991131792,43.574443574],[-98.991127444,43.575164268],[-98.991238906,43.575164623],[-98.991243253,43.574443929],[-98.991131792,43.574443574]]]}},
{"type":"Feature","properties":{"plot_id":5,"poly_line":"1_1","strip_id":74},"geometry":{"type":"Polygon","coordinates":[[[-98.991127444,43.575164268],[-98.991123096,43.575884962],[-98.991234559,43.575885318],[-98.991238906,43.575164623],[-98.991127444,43.575164268]]]}},
{"type":"Feature","properties":{"plot_id":6,"poly_line":"1_1","strip_id":74},"geometry":{"type":"Polygon","coordinates":[[[-98.991123096,43.575884962],[-98.991118747,43.576605656],[-98.991230212,43.576606012],[-98.991234559,43.575885318],[-98.991123096,43.575884962]]]}},
{"type":"Feature","properties":{"plot_id":7,"poly_line":"1_1","strip_id":74},"geometry":{"type":"Polygon","coordinates":[[[-98.991118747,43.576605656],[-98.991114399,43.57732635],[-98.991225865,43.577326706],[-98.991230212,43.576606012],[-98.991118747,43.576605656]]]}},
{"type":"Feature","properties":{"plot_id":8,"poly_line":"1_1","strip_id":74},"geometry":{"type":"Polygon","coordinates":[[[-98.991114399,43.57732635],[-98.991110051,43.578047044],[-98.991221518,43.5780474],[-98.991225865,43.577326706],[-98.991114399,43.57732635]]]}},
{"type":"Feature","properties":{"plot_id":1,"poly_line":"1_1","strip_id":75},"geometry":{"type":"Polygon","coordinates":[[[-98.991256298,43.572280818],[-98.991251951,43.573001619],[-98.99136341,43.573001974],[-98.991367755,43.572281173],[-98.991256298,43.572280818]]]}},
{"type":"Feature","properties":{"plot_id":2,"poly_line":"1_1","strip_id":75},"geometry":{"type":"Polygon","coordinates":[[[-98.991251951,43.573001619],[-98.991247604,43.57372242],[-98.991359064,43.573722775],[-98.99136341,43.573001974],[-98.991251951,43.573001619]]]}},
{"type":"Feature","properties":{"plot_id":3,"poly_line":"1_1","strip_id":75},"geometry":{"type":"Polygon","coordinates":[[[-98.991247604,43.57372242],[-98.991243257,43.57444322],[-98.991354718,43.574443576],[-98.991359064,43.573722775],[-98.991247604,43.57372242]]]}},
{"type":"Feature","properties":{"plot_id":4,"poly_line":"1_1","strip_id":75},"geometry":{"type":"Polygon","coordinates":[[[-98.991243257,43.57444322],[-98.99123891,43.575164021],[-98.991350372,43.575164376],[-98.991354718,43.574443576],[-98.991243257,43.57444322]]]}},
{"type":"Feature","properties":{"plot_id":5,"poly_line":"1_1","strip_id":75},"geometry":{"type":"Polygon","coordinates":[[[-98.99123891,43.575164021],[-98.991234562,43.575884822],[-98.991346026,43.575885177],[-98.991350372,43.575164376],[-98.99123891,43.575164021]]]}},
{"type":"Feature","properties":{"plot_id":6,"poly_line":"1_1","strip_id":75},"geometry":{"type":"Polygon","coordinates":[[[-98.991234562,43.575884822],[-98.991230215,43.576605622],[-98.99134168,43.576605977],[-98.991346026,43.575885177],[-98.991234562,43.575884822]]]}},
{"type":"Feature","properties":{"plot_id":7,"poly_line":"1_1","strip_id":75},"geometry":{"type":"Polygon","coordinates":[[[-98.991230215,43.576605622],[-98.991225867,43.577326422],[-98.991337333,43.577326778],[-98.99134168,43.576605977],[-98.991230215,43.576605622]]]}},
{"type":"Feature","properties":{"plot_id":8,"poly_line":"1_1","strip_id":75},"geometry":{"type":"Polygon","coordinates":[[[-98.991225867,43.577326422],[-98.991221519,43.578047223],[-98.991332987,43.578047578],[-98.991337333,43.577326778],[-98.991225867,43.577326422]]]}},
{"type":"Feature","properties":{"plot_id":1,"poly_line":"1_1","strip_id":76},"geometry":{"type":"Polygon","coordinates":[[[-98.991367762,43.572280145],[-98.991363415,43.573001052],[-98.991474874,43.573001408],[-98.991479219,43.5722805],[-98.991367762,43.572280145]]]}},
{"type":"Feature","properties":{"plot_id":2,"poly_line":"1_1","strip_id":76},"geometry":{"type":"Polygon","coordinates":[[[-98.991363415,43.573001052],[-98.991359069,43.57372196],[-98.991470528,43.573722315],[-98.991474874,43.573001408],[-98.991363415,43.573001052]]]}},
{"type":"Feature","properties":{"plot_id":3,"poly_line":"1_1","strip_id":76},"geometry":{"type":"Polygon","coordinates":[[[-98.991359069,43.57372196],[-98.991354722,43.574442867],[-98.991466183,43.574443222],[-98.991470528,43.573722315],[-98.991359069,43.57372196]]]}},
{"type":"Feature","properties":{"plot_id":4,"poly_line":"1_1","strip_id":76},"geometry":{"type":"Polygon","coordinates":[[[-98.991354722,43.574442867],[-98.991350376,43.575163774],[-98.991461838,43.575164129],[-98.991466183,43.574443222],[-98.991354722,43.574442867]]]}},
{"type":"Feature","properties":{"plot_id":5,"poly_line":"1_1","strip_id":76},"geometry":{"type":"Polygon","coordinates":[[[-98.991350376,43.575163774],[-98.991346029,43.575884681],[-98.991457493,43.575885036],[-98.991461838,43.575164129],[-98.991350376,43.575163774]]]}},
{"type":"Feature","properties":{"plot_id":6,"poly_line":"1_1","strip_id":76},"geometry":{"type":"Polygon","coordinates":[[[-98.991346029,43.575884681],[-98.991341682,43.576605588],[-98.991453147,43.576605943],[-98.991457493,43.575885036],[-98.991346029,43.575884681]]]}},
{"type":"Feature","properties":{"plot_id":7,"poly_line":"1_1","strip_id":76},"geometry":{"type":"Polygon","coordinates":[[[-98.991341682,43.576605588],[-98.991337335,43.577326494],[-98.991448802,43.577326849],[-98.991453147,43.576605943],[-98.991341682,43.576605588]]]}},
{"type":"Feature","properties":{"plot_id":8,"poly_line":"1_1","strip_id":76},"geometry":{"type":"Polygon","coordinates":[[[-98.991337335,43.577326494],[-98.991332988,43.578047401],[-98.991444456,43.578047756],[-98.991448802,43.577326849],[-98.991337335,43.577326494]]]}},
{"type":"Feature","properties":{"plot_id":1,"poly_line":"1_1","strip_id":77},"geometry":{"type":"Polygon","coordinates":[[[-98.991479225,43.572279472],[-98.991474879,43.573000486],[-98.991586338,43.573000841],[-98.991590682,43.572279827],[-98.991479225,43.572279472]]]}},
{"type":"Feature","properties":{"plot_id":2,"poly_line":"1_1","strip_id":77},"geometry":{"type":"Polygon","coordinates":[[[-98.991474879,43.573000486],[-98.991470533,43.5737215],[-98.991581993,43.573721855],[-98.991586338,43.573000841],[-98.991474879,43.573000486]]]}},
{"type":"Feature","properties":{"plot_id":3,"poly_line":"1_1","strip_id":77},"geometry":{"type":"Polygon","coordinates":[[[-98.991470533,43.5737215],[-98.991466188,43.574442513],[-98.991577649,43.574442868],[-98.991581993,43.573721855],[-98.991470533,43.5737215]]]}},
{"type":"Feature","properties":{"plot_id":4,"poly_line":"1_1","strip_id":77},"geometry":{"type":"Polygon","coordinates":[[[-98.991466188,43.574442513],[-98.991461842,43.575163526],[-98.991573304,43.575163882],[-98.991577649,43.574442868],[-98.991466188,43.574442513]]]}},
{"type":"Feature","properties":{"plot_id":5,"poly_line":"1_1","strip_id":77},"geometry":{"type":"Polygon","coordinates":[[[-98.991461842,43.575163526],[-98.991457496,43.57588454],[-98.991568959,43.575884895],[-98.991573304,43.575163882],[-98.991461842,43.575163526]]]}},
{"type":"Feature","properties":{"plot_id":6,"poly_line":"1_1","strip_id":77},"geometry":{"type":"Polygon","coordinates":[[[-98.991457496,43.57588454],[-98.991453149,43.576605553],[-98.991564614,43.576605908],[-98.991568959,43.575884895],[-98.991457496,43.57588454]]]}},
{"type":"Feature","properties":{"plot_id":7,"poly_line":"1_1","strip_id":77},"geometry":{"type":"Polygon","coordinates":[[[-98.991453149,43.576605553],[-98.991448803,43.577326566],[-98.99156027,43.577326921],[-98.991564614,43.576605908],[-98.991453149,43.576605553]]]}},
{"type":"Feature","properties":{"plot_id":8,"poly_line":"1_1","strip_id":77},"geometry":{"type":"Polygon","coordinates":[[[-98.991448803,43.577326566],[-98.991444457,43.578047579],[-98.991555925,43.578047934],[-98.99156027,43.577326921],[-98.991448803,43.577326566]]]}},
{"type":"Feature","properties":{"plot_id":1,"poly_line":"1_1","strip_id":78},"geometry":{"type":"Polygon","coordinates":[[[-98.991590688,43.572278799],[-98.991586343,43.572999919],[-98.991697801,43.573000274],[-98.991702145,43.572279154],[-98.991590688,43.572278799]]]}},
{"type":"Feature","properties":{"plot_id":2,"poly_line":"1_1","strip_id":78},"geometry":{"type":"Polygon","coordinates":[[[-98.991586343,43.572999919],[-98.991581998,43.573721039],[-98.991693458,43.573721394],[-98.991697801,43.573000274],[-98.991586343,43.572999919]]]}},
{"type":"Feature","properties":{"plot_id":3,"poly_line":"1_1","strip_id":78},"geometry":{"type":"Polygon","coordinates":[[[-98.991581998,43.573721039],[-98.991577653,43.574442159],[-98.991689114,43.574442514],[-98.991693458,43.573721394],[-98.991581998,43.573721039]]]}},
{"type":"Feature","properties":{"plot_id":4,"poly_line":"1_1","strip_id":78},"geometry":{"type":"Polygon","coordinates":[[[-98.991577653,43.574442159],[-98.991573308,43.575163279],[-98.99168477,43.575163634],[-98.991689114,43.574442514],[-98.991577653,43.574442159]]]}},
{"type":"Feature","properties":{"plot_id":5,"poly_line":"1_1","strip_id":78},"geometry":{"type":"Polygon","coordinates":[[[-98.991573308,43.575163279],[-98.991568962,43.575884399],[-98.991680426,43.575884754],[-98.99168477,43.575163634],[-98.991573308,43.575163279]]]}},
{"type":"Feature","properties":{"plot_id":6,"poly_line":"1_1","strip_id":78},"geometry":{"type":"Polygon","coordinates":[[[-98.991568962,43.575884399],[-98.991564617,43.576605518],[-98.991676082,43.576605873],[-98.991680426,43.575884754],[-98.991568962,43.575884399]]]}},
{"type":"Feature","properties":{"plot_id":7,"poly_line":"1_1","strip_id":78},"geometry":{"type":"Polygon","coordinates":[[[-98.991564617,43.576605518],[-98.991560271,43.577326638],[-98.991671738,43.577326993],[-98.991676082,43.576605873],[-98.991564617,43.576605518]]]}},
{"type":"Feature","properties":{"plot_id":8,"poly_line":"1_1","strip_id":78},"geometry":{"type":"Polygon","coordinates":[[[-98.991560271,43.577326638],[-98.991555926,43.578047757],[-98.991667393,43.578048112],[-98.991671738,43.577326993],[-98.991560271,43.577326638]]]}},
{"type":"Feature","properties":{"plot_id":1,"poly_line":"1_1","strip_id":79},"geometry":{"type":"Polygon","coordinates":[[[-98.991702151,43.572278128],[-98.991697807,43.572999354],[-98.991809265,43.572999709],[-98.991813608,43.572278483],[-98.991702151,43.572278128]]]}},
{"type":"Feature","properties":{"plot_id":2,"poly_line":"1_1","strip_id":79},"geometry":{"type":"Polygon","coordinates":[[[-98.991697807,43.572999354],[-98.991693463,43.57372058],[-98.991804922,43.573720935],[-98.991809265,43.572999709],[-98.991697807,43.572999354]]]}},
{"type":"Feature","properties":{"plot_id":3,"poly_line":"1_1","strip_id":79},"geometry":{"type":"Polygon","coordinates":[[[-98.991693463,43.57372058],[-98.991689118,43.574441806],[-98.991800579,43.574442161],[-98.991804922,43.573720935],[-98.991693463,43.57372058]]]}},
{"type":"Feature","properties":{"plot_id":4,"poly_line":"1_1","strip_id":79},"geometry":{"type":"Polygon","coordinates":[[[-98.991689118,43.574441806],[-98.991684774,43.575163032],[-98.991796236,43.575163387],[-98.991800579,43.574442161],[-98.991689118,43.574441806]]]}},
{"type":"Feature","properties":{"plot_id":5,"poly_line":"1_1","strip_id":79},"geometry":{"type":"Polygon","coordinates":[[[-98.991684774,43.575163032],[-98.991680429,43.575884258],[-98.991791893,43.575884613],[-98.991796236,43.575163387],[-98.991684774,43.575163032]]]}},
{"type":"Feature","properties":{"plot_id":6,"poly_line":"1_1","strip_id":79},"geometry":{"type":"Polygon","coordinates":[[[-98.991680429,43.575884258],[-98.991676084,43.576605484],[-98.991787549,43.576605839],[-98.991791893,43.575884613],[-98.991680429,43.575884258]]]}},
{"type":"Feature","properties":{"plot_id":7,"poly_line":"1_1","strip_id":79},"geometry":{"type":"Polygon","coordinates":[[[-98.991676084,43.576605484],[-98.991671739,43.57732671],[-98.991783206,43.577327065],[-98.991787549,43.576605839],[-98.991676084,43.576605484]]]}},
{"type":"Feature","properties":{"plot_id":8,"poly_line":"1_1","strip_id":79},"geometry":{"type":"Polygon","coordinates":[[[-98.991671739,43.57732671],[-98.991667394,43.578047935],[-98.991778862,43.57804829],[-98.991783206,43.577327065],[-98.991671739,43.57732671]]]}},
{"type":"Feature","properties":{"plot_id":1,"poly_line":"1_1","strip_id":80},"geometry":{"type":"Polygon","coordinates":[[[-98.991813614,43.572277458],[-98.991809271,43.57299879],[-98.991920729,43.572999145],[-98.991925071,43.572277812],[-98.991813614,43.572277458]]]}},
{"type":"Feature","properties":{"plot_id":2,"poly_line":"1_1","strip_id":80},"geometry":{"type":"Polygon","coordinates":[[[-98.991809271,43.57299879],[-98.991804927,43.573720122],[-98.991916387,43.573720477],[-98.991920729,43.572999145],[-98.991809271,43.57299879]]]}},
{"type":"Feature","properties":{"plot_id":3,"poly_line":"1_1","strip_id":80},"geometry":{"type":"Polygon","coordinates":[[[-98.991804927,43.573720122],[-98.991800583,43.574441454],[-98.991912044,43.574441809],[-98.991916387,43.573720477],[-98.991804927,43.573720122]]]}},
{"type":"Feature","properties":{"plot_id":4,"poly_line":"1_1","strip_id":80},"geometry":{"type":"Polygon","coordinates":[[[-98.991800583,43.574441454],[-98.99179624,43.575162786],[-98.991907702,43.575163141],[-98.991912044,43.574441809],[-98.991800583,43.574441454]]]}},
{"type":"Feature","properties":{"plot_id":5,"poly_line":"1_1","strip_id":80},"geometry":{"type":"Polygon","coordinates":[[[-98.99179624,43.575162786],[-98.991791896,43.575884118],[-98.991903359,43.575884473],[-98.991907702,43.575163141],[-98.99179624,43.575162786]]]}},
{"type":"Feature","properties":{"plot_id":6,"poly_line":"1_1","strip_id":80},"geometry":{"type":"Polygon","coordinates":[[[-98.991791896,43.575884118],[-98.991787552,43.57660545],[-98.991899017,43.576605805],[-98.991903359,43.575884473],[-98.991791896,43.575884118]]]}},
{"type":"Feature","properties":{"plot_id":7,"poly_line":"1_1","strip_id":80},"geometry":{"type":"Polygon","coordinates":[[[-98.991787552,43.57660545],[-98.991783207,43.577326781],[-98.991894674,43.577327136],[-98.991899017,43.576605805],[-98.991787552,43.57660545]]]}},
{"type":"Feature","properties":{"plot_id":8,"poly_line":"1_1","strip_id":80},"geometry":{"type":"Polygon","coordinates":[[[-98.991783207,43.577326781],[-98.991778863,43.578048113],[-98.991890331,43.578048468],[-98.991894674,43.577327136],[-98.991783207,43.577326781]]]}},
{"type":"Feature","properties":{"plot_id":1,"poly_line":"1_1","strip_id":81},"geometry":{"type":"Polygon","coordinates":[[[-98.991925078,43.572276787],[-98.991920735,43.572998225],[-98.992032193,43.57299858],[-98.992036535,43.572277142],[-98.991925078,43.572276787]]]}},
{"type":"Feature","properties":{"plot_id":2,"poly_line":"1_1","strip_id":81},"geometry":{"type":"Polygon","coordinates":[[[-98.991920735,43.572998225],[-98.991916392,43.573719664],[-98.992027852,43.573720018],[-98.992032193,43.57299858],[-98.991920735,43.572998225]]]}},
{"type":"Feature","properties":{"plot_id":3,"poly_line":"1_1","strip_id":81},"geometry":{"type":"Polygon","coordinates":[[[-98.991916392,43.573719664],[-98.991912049,43.574441102],[-98.99202351,43.574441456],[-98.992027852,43.573720018],[-98.991916392,43.573719664]]]}},
{"type":"Feature","properties":{"plot_id":4,"poly_line":"1_1","strip_id":81},"geometry":{"type":"Polygon","coordinates":[[[-98.991912049,43.574441102],[-98.991907706,43.57516254],[-98.992019168,43.575162894],[-98.99202351,43.574441456],[-98.991912049,43.574441102]]]}},
{"type":"Feature","properties":{"plot_id":5,"poly_line":"1_1","strip_id":81},"geometry":{"type":"Polygon","coordinates":[[[-98.991907706,43.57516254],[-98.991903362,43.575883978],[-98.992014826,43.575884332],[-98.992019168,43.575162894],[-98.991907706,43.57516254]]]}},
{"type":"Feature","properties":{"plot_id":6,"poly_line":"1_1","strip_id":81},"geometry":{"type":"Polygon","coordinates":[[[-98.991903362,43.575883978],[-98.991899019,43.576605415],[-98.992010484,43.57660577],[-98.992014826,43.575884332],[-98.991903362,43.575883978]]]}},
{"type":"Feature","properties":{"plot_id":7,"poly_line":"1_1","strip_id":81},"geometry":{"type":"Polygon","coordinates":[[[-98.991899019,43.576605415],[-98.991894675,43.577326853],[-98.992006142,43.577327208],[-98.992010484,43.57660577],[-98.991899019,43.576605415]]]}},
{"type":"Feature","properties":{"plot_id":8,"poly_line":"1_1","strip_id":81},"geometry":{"type":"Polygon","coordinates":[[[-98.991894675,43.577326853],[-98.991890332,43.578048291],[-98.9920018,43.578048645],[-98.992006142,43.577327208],[-98.991894675,43.577326853]]]}},
{"type":"Feature","properties":{"plot_id":1,"poly_line":"1_1","strip_id":82},"geometry":{"type":"Polygon","coordinates":[[[-98.992036541,43.572276117],[-98.992032197,43.572997892],[-98.992143656,43.572998246],[-98.992147998,43.572276471],[-98.992036541,43.572276117]]]}},
{"type":"Feature","properties":{"plot_id":2,"poly_line":"1_1","strip_id":82},"geometry":{"type":"Polygon","coordinates":[[[-98.992032197,43.572997892],[-98.992027854,43.573719667],[-98.992139313,43.573720021],[-98.992143656,43.572998246],[-98.992032197,43.572997892]]]}},
{"type":"Feature","properties":{"plot_id":3,"poly_line":"1_1","strip_id":82},"geometry":{"type":"Polygon","coordinates":[[[-98.992027854,43.573719667],[-98.99202351,43.574441442],[-98.992134971,43.574441796],[-98.992139313,43.573720021],[-98.992027854,43.573719667]]]}},
{"type":"Feature","properties":{"plot_id":4,"poly_line":"1_1","strip_id":82},"geometry":{"type":"Polygon","coordinates":[[[-98.99202351,43.574441442],[-98.992019166,43.575163217],[-98.992130628,43.575163571],[-98.992134971,43.574441796],[-98.99202351,43.574441442]]]}},
{"type":"Feature","properties":{"plot_id":5,"poly_line":"1_1","strip_id":82},"geometry":{"type":"Polygon","coordinates":[[[-98.992019166,43.575163217],[-98.992014822,43.575884991],[-98.992126286,43.575885346],[-98.992130628,43.575163571],[-98.992019166,43.575163217]]]}},
{"type":"Feature","properties":{"plot_id":6,"poly_line":"1_1","strip_id":82},"geometry":{"type":"Polygon","coordinates":[[[-98.992014822,43.575884991],[-98.992010478,43.576606766],[-98.992121943,43.576607121],[-98.992126286,43.575885346],[-98.992014822,43.575884991]]]}},
{"type":"Feature","properties":{"plot_id":7,"poly_line":"1_1","strip_id":82},"geometry":{"type":"Polygon","coordinates":[[[-98.992010478,43.576606766],[-98.992006134,43.577328541],[-98.9921176,43.577328895],[-98.992121943,43.576607121],[-98.992010478,43.576606766]]]}},
{"type":"Feature","properties":{"plot_id":8,"poly_line":"1_1","strip_id":82},"geometry":{"type":"Polygon","coordinates":[[[-98.992006134,43.577328541],[-98.992001789,43.578050315],[-98.992113257,43.57805067],[-98.9921176,43.577328895],[-98.992006134,43.577328541]]]}},
{"type":"Feature","properties":{"plot_id":1,"poly_line":"1_1","strip_id":83},"geometry":{"type":"Polygon","coordinates":[[[-98.992148004,43.572275446],[-98.992143658,43.572997794],[-98.992255117,43.572998149],[-98.992259461,43.5722758],[-98.992148004,43.572275446]]]}},
{"type":"Feature","properties":{"plot_id":2,"poly_line":"1_1","strip_id":83},"geometry":{"type":"Polygon","coordinates":[[[-98.992143658,43.572997794],[-98.992139313,43.573720143],[-98.992250772,43.573720497],[-98.992255117,43.572998149],[-98.992143658,43.572997794]]]}},
{"type":"Feature","properties":{"plot_id":3,"poly_line":"1_1","strip_id":83},"geometry":{"type":"Polygon","coordinates":[[[-98.992139313,43.573720143],[-98.992134967,43.574442491],[-98.992246428,43.574442846],[-98.992250772,43.573720497],[-98.992139313,43.573720143]]]}},
{"type":"Feature","properties":{"plot_id":4,"poly_line":"1_1","strip_id":83},"geometry":{"type":"Polygon","coordinates":[[[-98.992134967,43.574442491],[-98.992130621,43.575164839],[-98.992242083,43.575165194],[-98.992246428,43.574442846],[-98.992134967,43.574442491]]]}},
{"type":"Feature","properties":{"plot_id":5,"poly_line":"1_1","strip_id":83},"geometry":{"type":"Polygon","coordinates":[[[-98.992130621,43.575164839],[-98.992126275,43.575887187],[-98.992237738,43.575887542],[-98.992242083,43.575165194],[-98.992130621,43.575164839]]]}},
{"type":"Feature","properties":{"plot_id":6,"poly_line":"1_1","strip_id":83},"geometry":{"type":"Polygon","coordinates":[[[-98.992126275,43.575887187],[-98.992121928,43.576609536],[-98.992233393,43.57660989],[-98.992237738,43.575887542],[-98.992126275,43.575887187]]]}},
{"type":"Feature","properties":{"plot_id":7,"poly_line":"1_1","strip_id":83},"geometry":{"type":"Polygon","coordinates":[[[-98.992121928,43.576609536],[-98.992117582,43.577331884],[-98.992229049,43.577332238],[-98.992233393,43.57660989],[-98.992121928,43.576609536]]]}},
{"type":"Feature","properties":{"plot_id":8,"poly_line":"1_1","strip_id":83},"geometry":{"type":"Polygon","coordinates":[[[-98.992117582,43.577331884],[-98.992113236,43.578054231],[-98.992224703,43.578054586],[-98.992229049,43.577332238],[-98.992117582,43.577331884]]]}},
{"type":"Feature","properties":{"plot_id":1,"poly_line":"1_1","strip_id":84},"geometry":{"type":"Polygon","coordinates":[[[-98.992259467,43.572274775],[-98.992255119,43.572997697],[-98.992366578,43.572998051],[-98.992370924,43.572275129],[-98.992259467,43.572274775]]]}},
{"type":"Feature","properties":{"plot_id":2,"poly_line":"1_1","strip_id":84},"geometry":{"type":"Polygon","coordinates":[[[-98.992255119,43.572997697],[-98.992250772,43.573720619],[-98.992362231,43.573720973],[-98.992366578,43.572998051],[-98.992255119,43.572997697]]]}},
{"type":"Feature","properties":{"plot_id":3,"poly_line":"1_1","strip_id":84},"geometry":{"type":"Polygon","coordinates":[[[-98.992250772,43.573720619],[-98.992246424,43.57444354],[-98.992357885,43.574443895],[-98.992362231,43.573720973],[-98.992250772,43.573720619]]]}},
{"type":"Feature","properties":{"plot_id":4,"poly_line":"1_1","strip_id":84},"geometry":{"type":"Polygon","coordinates":[[[-98.992246424,43.57444354],[-98.992242075,43.575166462],[-98.992353538,43.575166816],[-98.992357885,43.574443895],[-98.992246424,43.57444354]]]}},
{"type":"Feature","properties":{"plot_id":5,"poly_line":"1_1","strip_id":84},"geometry":{"type":"Polygon","coordinates":[[[-98.992242075,43.575166462],[-98.992237727,43.575889384],[-98.992349191,43.575889738],[-98.992353538,43.575166816],[-98.992242075,43.575166462]]]}},
{"type":"Feature","properties":{"plot_id":6,"poly_line":"1_1","strip_id":84},"geometry":{"type":"Polygon","coordinates":[[[-98.992237727,43.575889384],[-98.992233379,43.576612305],[-98.992344844,43.576612659],[-98.992349191,43.575889738],[-98.992237727,43.575889384]]]}},
{"type":"Feature","properties":{"plot_id":7,"poly_line":"1_1","strip_id":84},"geometry":{"type":"Polygon","coordinates":[[[-98.992233379,43.576612305],[-98.992229031,43.577335226],[-98.992340497,43.577335581],[-98.992344844,43.576612659],[-98.992233379,43.576612305]]]}},
{"type":"Feature","properties":{"plot_id":8,"poly_line":"1_1","strip_id":84},"geometry":{"type":"Polygon","coordinates":[[[-98.992229031,43.577335226],[-98.992224682,43.578058148],[-98.99233615,43.578058502],[-98.992340497,43.577335581],[-98.992229031,43.577335226]]]}},
{"type":"Feature","properties":{"plot_id":1,"poly_line":"1_1","strip_id":85},"geometry":{"type":"Polygon","coordinates":[[[-98.992359607,43.574157467],[-98.992354911,43.574938387],[-98.992466373,43.574938741],[-98.992471067,43.574157822],[-98.992359607,43.574157467]]]}},
{"type":"Feature","properties":{"plot_id":2,"poly_line":"1_1","strip_id":85},"geometry":{"type":"Polygon","coordinates":[[[-98.992354911,43.574938387],[-98.992350216,43.575719306],[-98.992461679,43.57571966],[-98.992466373,43.574938741],[-98.992354911,43.574938387]]]}},
{"type":"Feature","properties":{"plot_id":3,"poly_line":"1_1","strip_id":85},"geometry":{"type":"Polygon","coordinates":[[[-98.992350216,43.575719306],[-98.99234552,43.576500225],[-98.992456985,43.57650058],[-98.992461679,43.57571966],[-98.992350216,43.575719306]]]}},
{"type":"Feature","properties":{"plot_id":4,"poly_line":"1_1","strip_id":85},"geometry":{"type":"Polygon","coordinates":[[[-98.99234552,43.576500225],[-98.992340824,43.577281145],[-98.992452291,43.577281499],[-98.992456985,43.57650058],[-98.99234552,43.576500225]]]}},
{"type":"Feature","properties":{"plot_id":5,"poly_line":"1_1","strip_id":85},"geometry":{"type":"Polygon","coordinates":[[[-98.992340824,43.577281145],[-98.992336128,43.578062064],[-98.992447596,43.578062418],[-98.992452291,43.577281499],[-98.992340824,43.577281145]]]}}
]
}
