{
"type": "FeatureCollection",
"name": "plots",
"xy_coordinate_resolution": 1e-09,
"features": [
{"type":"Feature","properties":{"plot_id":1,"poly_line":"1_1","strip_id":1},"geometry":{"type":"Polygon","coordinates":[[[-16.69624175,39.12001528],[-16.696242447,39.120675817],[-16.696348197,39.120675749],[-16.696347499,39.120015213],[-16.69624175,39.12001528]]]}},
{"type":"Feature","properties":{"plot_id":2,"poly_line":"1_1","strip_id":1},"geometry":{"type":"Polygon","coordinates":[[[-16.696242447,39.120675817],[-16.696243144,39.121336354],[-16.696348896,39.121336286],[-16.696348197,39.120675749],[-16.696242447,39.120675817]]]}},
{"type":"Feature","properties":{"plot_id":3,"poly_line":"1_1","strip_id":1},"geometry":{"type":"Polygon","coordinates":[[[-16.696243144,39.121336354],[-16.696243841,39.12199689],[-16.696349594,39.121996822],[-16.696348896,39.121336286],[-16.696243144,39.121336354]]]}},
{"type":"Feature","properties":{"plot_id":4,"poly_line":"1_1","strip_id":1},"geometry":{"type":"Polygon","coordinates":[[[-16.696243841,39.12199689],[-16.696244539,39.122657426],[-16.696350293,39.122657359],[-16.696349594,39.121996822],[-16.696243841,39.12199689]]]}},
{"type":"Feature","properties":{"plot_id":5,"poly_line":"1_1","strip_id":1},"geometry":{"type":"Polygon","coordinates":[[[-16.696244539,39.122657426],[-16.696245237,39.123317963],[-16.696350992,39.123317895],[-16.696350293,39.122657359],[-16.696244539,39.122657426]]]}},
{"type":"Feature","properties":{"plot_id":6,"poly_line":"1_1","strip_id":1},"geometry":{"type":"Polygon","coordinates":[[[-16.696245237,39.123317963],[-16.696245935,39.123978499],[-16.696351691,39.123978431],[-16.696350992,39.123317895],[-16.696245237,39.123317963]]]}},
{"type":"Feature","properties":{"plot_id":7,"poly_line":"1_1","strip_id":1},"geometry":{"type":"Polygon","coordinates":[[[-16.696245935,39.123978499],[-16.696246633,39.124639035],[-16.69635239,39.124638967],[-16.696351691,39.123978431],[-16.696245935,39.123978499]]]}},
{"type":"Feature","properties":{"plot_id":8,"poly_line":"1_1","strip_id":1},"geometry":{"type":"Polygon","coordinates":[[[-16.696246633,39.124639035],[-16.696247332,39.125299571],[-16.69635309,39.125299503],[-16.69635239,39.124638967],[-16.696246633,39.124639035]]]}},
{"type":"Feature","properties":{"plot_id":9,"poly_line":"1_1","strip_id":1},"geometry":{"type":"Polygon","coordinates":[[[-16.696247332,39.125299571],[-16.696248031,39.125960107],[-16.696353789,39.125960039],[-16.69635309,39.125299503],[-16.696247332,39.125299571]]]}},
{"type":"Feature","properties":{"plot_id":10,"poly_line":"1_1","strip_id":1},"geometry":{"type":"Polygon","coordinates":[[[-16.696248031,39.125960107],[-16.69624873,39.126620643],[-16.696354489,39.126620575],[-16.696353789,39.125960039],[-16.696248031,39.125960107]]]}},
{"type":"Feature","properties":{"plot_id":1,"poly_line":"1_1","strip_id":2},"geometry":{"type":"Polygon","coordinates":[[[-16.696347496,39.120012088],[-16.696348194,39.1206725],[-16.696453945,39.120672432],[-16.696453246,39.120012021],[-16.696347496,39.120012088]]]}},
{"type":"Feature","properties":{"plot_id":2,"poly_line":"1_1","strip_id":2},"geometry":{"type":"Polygon","coordinates":[[[-16.696348194,39.1206725],[-16.696348892,39.121332912],[-16.696454644,39.121332844],[-16.696453945,39.120672432],[-16.696348194,39.1206725]]]}},
{"type":"Feature","properties":{"plot_id":3,"poly_line":"1_1","strip_id":2},"geometry":{"type":"Polygon","coordinates":[[[-16.696348892,39.121332912],[-16.69634959,39.121993323],[-16.696455343,39.121993255],[-16.696454644,39.121332844],[-16.696348892,39.121332912]]]}},
{"type":"Feature","properties":{"plot_id":4,"poly_line":"1_1","strip_id":2},"geometry":{"type":"Polygon","coordinates":[[[-16.69634959,39.121993323],[-16.696350289,39.122653735],[-16.696456043,39.122653667],[-16.696455343,39.121993255],[-16.69634959,39.121993323]]]}},
{"type":"Feature","properties":{"plot_id":5,"poly_line":"1_1","strip_id":2},"geometry":{"type":"Polygon","coordinates":[[[-16.696350289,39.122653735],[-16.696350988,39.123314146],[-16.696456742,39.123314078],[-16.696456043,39.122653667],[-16.696350289,39.122653735]]]}},
{"type":"Feature","properties":{"plot_id":6,"poly_line":"1_1","strip_id":2},"geometry":{"type":"Polygon","coordinates":[[[-16.696350988,39.123314146],[-16.696351687,39.123974558],[-16.696457442,39.12397449],[-16.696456742,39.123314078],[-16.696350988,39.123314146]]]}},
{"type":"Feature","properties":{"plot_id":7,"poly_line":"1_1","strip_id":2},"geometry":{"type":"Polygon","coordinates":[[[-16.696351687,39.123974558],[-16.696352386,39.124634969],[-16.696458143,39.124634901],[-16.696457442,39.12397449],[-16.696351687,39.123974558]]]}},
{"type":"Feature","properties":{"plot_id":8,"poly_line":"1_1","strip_id":2},"geometry":{"type":"Polygon","coordinates":[[[-16.696352386,39.124634969],[-16.696353085,39.12529538],[-16.696458843,39.125295312],[-16.696458143,39.124634901],[-16.696352386,39.124634969]]]}},
{"type":"Feature","properties":{"plot_id":9,"poly_line":"1_1","strip_id":2},"geometry":{"type":"Polygon","coordinates":[[[-16.696353085,39.12529538],[-16.696353785,39.125955791],[-16.696459544,39.125955723],[-16.696458843,39.125295312],[-16.696353085,39.12529538]]]}},
{"type":"Feature","properties":{"plot_id":10,"poly_line":"1_1","strip_id":2},"geometry":{"type":"Polygon","coordinates":[[[-16.696353785,39.125955791],[-16.696354485,39.126616202],[-16.696460245,39.126616134],[-16.696459544,39.125955723],[-16.696353785,39.125955791]]]}},
{"type":"Feature","properties":{"plot_id":1,"poly_line":"1_1","strip_id":3},"geometry":{"type":"Polygon","coordinates":[[[-16.696453243,39.120008896],[-16.696453941,39.120669183],[-16.696559692,39.120669115],[-16.696558993,39.120008828],[-16.696453243,39.120008896]]]}},
{"type":"Feature","properties":{"plot_id":2,"poly_line":"1_1","strip_id":3},"geometry":{"type":"Polygon","coordinates":[[[-16.696453941,39.120669183],[-16.69645464,39.12132947],[-16.696560392,39.121329402],[-16.696559692,39.120669115],[-16.696453941,39.120669183]]]}},
{"type":"Feature","properties":{"plot_id":3,"poly_line":"1_1","strip_id":3},"geometry":{"type":"Polygon","coordinates":[[[-16.69645464,39.12132947],[-16.696455339,39.121989756],[-16.696561092,39.121989688],[-16.696560392,39.121329402],[-16.69645464,39.12132947]]]}},
{"type":"Feature","properties":{"plot_id":4,"poly_line":"1_1","strip_id":3},"geometry":{"type":"Polygon","coordinates":[[[-16.696455339,39.121989756],[-16.696456039,39.122650043],[-16.696561793,39.122649975],[-16.696561092,39.121989688],[-16.696455339,39.121989756]]]}},
{"type":"Feature","properties":{"plot_id":5,"poly_line":"1_1","strip_id":3},"geometry":{"type":"Polygon","coordinates":[[[-16.696456039,39.122650043],[-16.696456738,39.12331033],[-16.696562493,39.123310262],[-16.696561793,39.122649975],[-16.696456039,39.122650043]]]}},
{"type":"Feature","properties":{"plot_id":6,"poly_line":"1_1","strip_id":3},"geometry":{"type":"Polygon","coordinates":[[[-16.696456738,39.12331033],[-16.696457438,39.123970616],[-16.696563194,39.123970548],[-16.696562493,39.123310262],[-16.696456738,39.12331033]]]}},
{"type":"Feature","properties":{"plot_id":7,"poly_line":"1_1","strip_id":3},"geometry":{"type":"Polygon","coordinates":[[[-16.696457438,39.123970616],[-16.696458138,39.124630902],[-16.696563895,39.124630834],[-16.696563194,39.123970548],[-16.696457438,39.123970616]]]}},
{"type":"Feature","properties":{"plot_id":8,"poly_line":"1_1","strip_id":3},"geometry":{"type":"Polygon","coordinates":[[[-16.696458138,39.124630902],[-16.696458839,39.125291189],[-16.696564596,39.125291121],[-16.696563895,39.124630834],[-16.696458138,39.124630902]]]}},
{"type":"Feature","properties":{"plot_id":9,"poly_line":"1_1","strip_id":3},"geometry":{"type":"Polygon","coordinates":[[[-16.696458839,39.125291189],[-16.696459539,39.125951475],[-16.696565298,39.125951407],[-16.696564596,39.125291121],[-16.696458839,39.125291189]]]}},
{"type":"Feature","properties":{"plot_id":10,"poly_line":"1_1","strip_id":3},"geometry":{"type":"Polygon","coordinates":[[[-16.696459539,39.125951475],[-16.69646024,39.126611761],[-16.696566,39.126611693],[-16.696565298,39.125951407],[-16.696459539,39.125951475]]]}},
{"type":"Feature","properties":{"plot_id":1,"poly_line":"1_1","strip_id":4},"geometry":{"type":"Polygon","coordinates":[[[-16.696558989,39.120005704],[-16.696559689,39.120665866],[-16.69666544,39.120665798],[-16.696664739,39.120005636],[-16.696558989,39.120005704]]]}},
{"type":"Feature","properties":{"plot_id":2,"poly_line":"1_1","strip_id":4},"geometry":{"type":"Polygon","coordinates":[[[-16.696559689,39.120665866],[-16.696560388,39.121326028],[-16.69666614,39.12132596],[-16.69666544,39.120665798],[-16.696559689,39.120665866]]]}},
{"type":"Feature","properties":{"plot_id":3,"poly_line":"1_1","strip_id":4},"geometry":{"type":"Polygon","coordinates":[[[-16.696560388,39.121326028],[-16.696561088,39.12198619],[-16.696666841,39.121986121],[-16.69666614,39.12132596],[-16.696560388,39.121326028]]]}},
{"type":"Feature","properties":{"plot_id":4,"poly_line":"1_1","strip_id":4},"geometry":{"type":"Polygon","coordinates":[[[-16.696561088,39.12198619],[-16.696561789,39.122646351],[-16.696667542,39.122646283],[-16.696666841,39.121986121],[-16.696561088,39.12198619]]]}},
{"type":"Feature","properties":{"plot_id":5,"poly_line":"1_1","strip_id":4},"geometry":{"type":"Polygon","coordinates":[[[-16.696561789,39.122646351],[-16.696562489,39.123306513],[-16.696668244,39.123306445],[-16.696667542,39.122646283],[-16.696561789,39.122646351]]]}},
{"type":"Feature","properties":{"plot_id":6,"poly_line":"1_1","strip_id":4},"geometry":{"type":"Polygon","coordinates":[[[-16.696562489,39.123306513],[-16.69656319,39.123966674],[-16.696668946,39.123966606],[-16.696668244,39.123306445],[-16.696562489,39.123306513]]]}},
{"type":"Feature","properties":{"plot_id":7,"poly_line":"1_1","strip_id":4},"geometry":{"type":"Polygon","coordinates":[[[-16.69656319,39.123966674],[-16.696563891,39.124626836],[-16.696669648,39.124626768],[-16.696668946,39.123966606],[-16.69656319,39.123966674]]]}},
{"type":"Feature","properties":{"plot_id":8,"poly_line":"1_1","strip_id":4},"geometry":{"type":"Polygon","coordinates":[[[-16.696563891,39.124626836],[-16.696564592,39.125286997],[-16.69667035,39.125286929],[-16.696669648,39.124626768],[-16.696563891,39.124626836]]]}},
{"type":"Feature","properties":{"plot_id":9,"poly_line":"1_1","strip_id":4},"geometry":{"type":"Polygon","coordinates":[[[-16.696564592,39.125286997],[-16.696565293,39.125947159],[-16.696671052,39.125947091],[-16.69667035,39.125286929],[-16.696564592,39.125286997]]]}},
{"type":"Feature","properties":{"plot_id":10,"poly_line":"1_1","strip_id":4},"geometry":{"type":"Polygon","coordinates":[[[-16.696565293,39.125947159],[-16.696565995,39.12660732],[-16.696671755,39.126607252],[-16.696671052,39.125947091],[-16.696565293,39.125947159]]]}},
{"type":"Feature","properties":{"plot_id":1,"poly_line":"1_1","strip_id":5},"geometry":{"type":"Polygon","coordinates":[[[-16.696664736,39.120002512],[-16.696665436,39.120662549],[-16.696771187,39.12066248],[-16.696770486,39.120002443],[-16.696664736,39.120002512]]]}},
{"type":"Feature","properties":{"plot_id":2,"poly_line":"1_1","strip_id":5},"geometry":{"type":"Polygon","coordinates":[[[-16.696665436,39.120662549],[-16.696666137,39.121322586],[-16.696771889,39.121322517],[-16.696771187,39.12066248],[-16.696665436,39.120662549]]]}},
{"type":"Feature","properties":{"plot_id":3,"poly_line":"1_1","strip_id":5},"geometry":{"type":"Polygon","coordinates":[[[-16.696666137,39.121322586],[-16.696666838,39.121982622],[-16.69677259,39.121982554],[-16.696771889,39.121322517],[-16.696666137,39.121322586]]]}},
{"type":"Feature","properties":{"plot_id":4,"poly_line":"1_1","strip_id":5},"geometry":{"type":"Polygon","coordinates":[[[-16.696666838,39.121982622],[-16.696667539,39.122642659],[-16.696773292,39.122642591],[-16.69677259,39.121982554],[-16.696666838,39.121982622]]]}},
{"type":"Feature","properties":{"plot_id":5,"poly_line":"1_1","strip_id":5},"geometry":{"type":"Polygon","coordinates":[[[-16.696667539,39.122642659],[-16.69666824,39.123302696],[-16.696773995,39.123302628],[-16.696773292,39.122642591],[-16.696667539,39.122642659]]]}},
{"type":"Feature","properties":{"plot_id":6,"poly_line":"1_1","strip_id":5},"geometry":{"type":"Polygon","coordinates":[[[-16.69666824,39.123302696],[-16.696668941,39.123962733],[-16.696774697,39.123962665],[-16.696773995,39.123302628],[-16.69666824,39.123302696]]]}},
{"type":"Feature","properties":{"plot_id":7,"poly_line":"1_1","strip_id":5},"geometry":{"type":"Polygon","coordinates":[[[-16.696668941,39.123962733],[-16.696669643,39.124622769],[-16.6967754,39.124622701],[-16.696774697,39.123962665],[-16.696668941,39.123962733]]]}},
{"type":"Feature","properties":{"plot_id":8,"poly_line":"1_1","strip_id":5},"geometry":{"type":"Polygon","coordinates":[[[-16.696669643,39.124622769],[-16.696670345,39.125282806],[-16.696776103,39.125282738],[-16.6967754,39.124622701],[-16.696669643,39.124622769]]]}},
{"type":"Feature","properties":{"plot_id":9,"poly_line":"1_1","strip_id":5},"geometry":{"type":"Polygon","coordinates":[[[-16.696670345,39.125282806],[-16.696671048,39.125942842],[-16.696776806,39.125942774],[-16.696776103,39.125282738],[-16.696670345,39.125282806]]]}},
{"type":"Feature","properties":{"plot_id":10,"poly_line":"1_1","strip_id":5},"geometry":{"type":"Polygon","coordinates":[[[-16.696671048,39.125942842],[-16.69667175,39.126602879],[-16.69677751,39.12660281],[-16.696776806,39.125942774],[-16.696671048,39.125942842]]]}},
{"type":"Feature","properties":{"plot_id":1,"poly_line":"1_1","strip_id":6},"geometry":{"type":"Polygon","coordinates":[[[-16.696770482,39.119999319],[-16.696771183,39.120659231],[-16.696876934,39.120659163],[-16.696876232,39.119999251],[-16.696770482,39.119999319]]]}},
{"type":"Feature","properties":{"plot_id":2,"poly_line":"1_1","strip_id":6},"geometry":{"type":"Polygon","coordinates":[[[-16.696771183,39.120659231],[-16.696771885,39.121319143],[-16.696877637,39.121319075],[-16.696876934,39.120659163],[-16.696771183,39.120659231]]]}},
{"type":"Feature","properties":{"plot_id":3,"poly_line":"1_1","strip_id":6},"geometry":{"type":"Polygon","coordinates":[[[-16.696771885,39.121319143],[-16.696772587,39.121979055],[-16.696878339,39.121978987],[-16.696877637,39.121319075],[-16.696771885,39.121319143]]]}},
{"type":"Feature","properties":{"plot_id":4,"poly_line":"1_1","strip_id":6},"geometry":{"type":"Polygon","coordinates":[[[-16.696772587,39.121979055],[-16.696773289,39.122638967],[-16.696879042,39.122638899],[-16.696878339,39.121978987],[-16.696772587,39.121979055]]]}},
{"type":"Feature","properties":{"plot_id":5,"poly_line":"1_1","strip_id":6},"geometry":{"type":"Polygon","coordinates":[[[-16.696773289,39.122638967],[-16.696773991,39.123298879],[-16.696879745,39.123298811],[-16.696879042,39.122638899],[-16.696773289,39.122638967]]]}},
{"type":"Feature","properties":{"plot_id":6,"poly_line":"1_1","strip_id":6},"geometry":{"type":"Polygon","coordinates":[[[-16.696773991,39.123298879],[-16.696774693,39.123958791],[-16.696880449,39.123958723],[-16.696879745,39.123298811],[-16.696773991,39.123298879]]]}},
{"type":"Feature","properties":{"plot_id":7,"poly_line":"1_1","strip_id":6},"geometry":{"type":"Polygon","coordinates":[[[-16.696774693,39.123958791],[-16.696775396,39.124618703],[-16.696881152,39.124618634],[-16.696880449,39.123958723],[-16.696774693,39.123958791]]]}},
{"type":"Feature","properties":{"plot_id":8,"poly_line":"1_1","strip_id":6},"geometry":{"type":"Polygon","coordinates":[[[-16.696775396,39.124618703],[-16.696776099,39.125278614],[-16.696881856,39.125278546],[-16.696881152,39.124618634],[-16.696775396,39.124618703]]]}},
{"type":"Feature","properties":{"plot_id":9,"poly_line":"1_1","strip_id":6},"geometry":{"type":"Polygon","coordinates":[[[-16.696776099,39.125278614],[-16.696776802,39.125938526],[-16.69688256,39.125938458],[-16.696881856,39.125278546],[-16.696776099,39.125278614]]]}},
{"type":"Feature","properties":{"plot_id":10,"poly_line":"1_1","strip_id":6},"geometry":{"type":"Polygon","coordinates":[[[-16.696776802,39.125938526],[-16.696777505,39.126598437],[-16.696883265,39.126598369],[-16.69688256,39.125938458],[-16.696776802,39.125938526]]]}},
{"type":"Feature","properties":{"plot_id":1,"poly_line":"1_1","strip_id":7},"geometry":{"type":"Polygon","coordinates":[[[-16.696876229,39.119996127],[-16.696876931,39.120655914],[-16.696982682,39.120655845],[-16.696981979,39.119996058],[-16.696876229,39.119996127]]]}},
{"type":"Feature","properties":{"plot_id":2,"poly_line":"1_1","strip_id":7},"geometry":{"type":"Polygon","coordinates":[[[-16.696876931,39.120655914],[-16.696877633,39.121315701],[-16.696983385,39.121315633],[-16.696982682,39.120655845],[-16.696876931,39.120655914]]]}},
{"type":"Feature","properties":{"plot_id":3,"poly_line":"1_1","strip_id":7},"geometry":{"type":"Polygon","coordinates":[[[-16.696877633,39.121315701],[-16.696878336,39.121975488],[-16.696984088,39.12197542],[-16.696983385,39.121315633],[-16.696877633,39.121315701]]]}},
{"type":"Feature","properties":{"plot_id":4,"poly_line":"1_1","strip_id":7},"geometry":{"type":"Polygon","coordinates":[[[-16.696878336,39.121975488],[-16.696879038,39.122635275],[-16.696984792,39.122635207],[-16.696984088,39.12197542],[-16.696878336,39.121975488]]]}},
{"type":"Feature","properties":{"plot_id":5,"poly_line":"1_1","strip_id":7},"geometry":{"type":"Polygon","coordinates":[[[-16.696879038,39.122635275],[-16.696879741,39.123295062],[-16.696985496,39.123294994],[-16.696984792,39.122635207],[-16.696879038,39.122635275]]]}},
{"type":"Feature","properties":{"plot_id":6,"poly_line":"1_1","strip_id":7},"geometry":{"type":"Polygon","coordinates":[[[-16.696879741,39.123295062],[-16.696880445,39.123954849],[-16.6969862,39.123954781],[-16.696985496,39.123294994],[-16.696879741,39.123295062]]]}},
{"type":"Feature","properties":{"plot_id":7,"poly_line":"1_1","strip_id":7},"geometry":{"type":"Polygon","coordinates":[[[-16.696880445,39.123954849],[-16.696881148,39.124614636],[-16.696986905,39.124614567],[-16.6969862,39.123954781],[-16.696880445,39.123954849]]]}},
{"type":"Feature","properties":{"plot_id":8,"poly_line":"1_1","strip_id":7},"geometry":{"type":"Polygon","coordinates":[[[-16.696881148,39.124614636],[-16.696881852,39.125274423],[-16.69698761,39.125274354],[-16.696986905,39.124614567],[-16.696881148,39.124614636]]]}},
{"type":"Feature","properties":{"plot_id":9,"poly_line":"1_1","strip_id":7},"geometry":{"type":"Polygon","coordinates":[[[-16.696881852,39.125274423],[-16.696882556,39.125934209],[-16.696988315,39.125934141],[-16.69698761,39.125274354],[-16.696881852,39.125274423]]]}},
{"type":"Feature","properties":{"plot_id":10,"poly_line":"1_1","strip_id":7},"geometry":{"type":"Polygon","coordinates":[[[-16.696882556,39.125934209],[-16.69688326,39.126593996],[-16.69698902,39.126593927],[-16.696988315,39.125934141],[-16.696882556,39.125934209]]]}},
{"type":"Feature","properties":{"plot_id":1,"poly_line":"1_1","strip_id":8},"geometry":{"type":"Polygon","coordinates":[[[-16.696981975,39.119992934],[-16.696982678,39.120652596],[-16.697088429,39.120652528],[-16.697087725,39.119992865],[-16.696981975,39.119992934]]]}},
{"type":"Feature","properties":{"plot_id":2,"poly_line":"1_1","strip_id":8},"geometry":{"type":"Polygon","coordinates":[[[-16.696982678,39.120652596],[-16.696983381,39.121312259],[-16.697089133,39.12131219],[-16.697088429,39.120652528],[-16.696982678,39.120652596]]]}},
{"type":"Feature","properties":{"plot_id":3,"poly_line":"1_1","strip_id":8},"geometry":{"type":"Polygon","coordinates":[[[-16.696983381,39.121312259],[-16.696984085,39.121971921],[-16.697089837,39.121971852],[-16.697089133,39.12131219],[-16.696983381,39.121312259]]]}},
{"type":"Feature","properties":{"plot_id":4,"poly_line":"1_1","strip_id":8},"geometry":{"type":"Polygon","coordinates":[[[-16.696984085,39.121971921],[-16.696984788,39.122631583],[-16.697090542,39.122631514],[-16.697089837,39.121971852],[-16.696984085,39.121971921]]]}},
{"type":"Feature","properties":{"plot_id":5,"poly_line":"1_1","strip_id":8},"geometry":{"type":"Polygon","coordinates":[[[-16.696984788,39.122631583],[-16.696985492,39.123291245],[-16.697091247,39.123291177],[-16.697090542,39.122631514],[-16.696984788,39.122631583]]]}},
{"type":"Feature","properties":{"plot_id":6,"poly_line":"1_1","strip_id":8},"geometry":{"type":"Polygon","coordinates":[[[-16.696985492,39.123291245],[-16.696986196,39.123950907],[-16.697091952,39.123950839],[-16.697091247,39.123291177],[-16.696985492,39.123291245]]]}},
{"type":"Feature","properties":{"plot_id":7,"poly_line":"1_1","strip_id":8},"geometry":{"type":"Polygon","coordinates":[[[-16.696986196,39.123950907],[-16.696986901,39.124610569],[-16.697092657,39.1246105],[-16.697091952,39.123950839],[-16.696986196,39.123950907]]]}},
{"type":"Feature","properties":{"plot_id":8,"poly_line":"1_1","strip_id":8},"geometry":{"type":"Polygon","coordinates":[[[-16.696986901,39.124610569],[-16.696987605,39.125270231],[-16.697093363,39.125270162],[-16.697092657,39.1246105],[-16.696986901,39.124610569]]]}},
{"type":"Feature","properties":{"plot_id":9,"poly_line":"1_1","strip_id":8},"geometry":{"type":"Polygon","coordinates":[[[-16.696987605,39.125270231],[-16.69698831,39.125929893],[-16.697094069,39.125929824],[-16.697093363,39.125270162],[-16.696987605,39.125270231]]]}},
{"type":"Feature","properties":{"plot_id":10,"poly_line":"1_1","strip_id":8},"geometry":{"type":"Polygon","coordinates":[[[-16.69698831,39.125929893],[-16.696989015,39.126589554],[-16.697094775,39.126589486],[-16.697094069,39.125929824],[-16.69698831,39.125929893]]]}},
{"type":"Feature","properties":{"plot_id":1,"poly_line":"1_1","strip_id":9},"geometry":{"type":"Polygon","coordinates":[[[-16.697087722,39.119989741],[-16.697088425,39.120649279],[-16.697194176,39.12064921],[-16.697193471,39.119989673],[-16.697087722,39.119989741]]]}},
{"type":"Feature","properties":{"plot_id":2,"poly_line":"1_1","strip_id":9},"geometry":{"type":"Polygon","coordinates":[[[-16.697088425,39.120649279],[-16.697089129,39.121308816],[-16.697194881,39.121308748],[-16.697194176,39.12064921],[-16.697088425,39.120649279]]]}},
{"type":"Feature","properties":{"plot_id":3,"poly_line":"1_1","strip_id":9},"geometry":{"type":"Polygon","coordinates":[[[-16.697089129,39.121308816],[-16.697089834,39.121968353],[-16.697195586,39.121968285],[-16.697194881,39.121308748],[-16.697089129,39.121308816]]]}},
{"type":"Feature","properties":{"plot_id":4,"poly_line":"1_1","strip_id":9},"geometry":{"type":"Polygon","coordinates":[[[-16.697089834,39.121968353],[-16.697090538,39.122627891],[-16.697196292,39.122627822],[-16.697195586,39.121968285],[-16.697089834,39.121968353]]]}},
{"type":"Feature","properties":{"plot_id":5,"poly_line":"1_1","strip_id":9},"geometry":{"type":"Polygon","coordinates":[[[-16.697090538,39.122627891],[-16.697091243,39.123287428],[-16.697196998,39.123287359],[-16.697196292,39.122627822],[-16.697090538,39.122627891]]]}},
{"type":"Feature","properties":{"plot_id":6,"poly_line":"1_1","strip_id":9},"geometry":{"type":"Polygon","coordinates":[[[-16.697091243,39.123287428],[-16.697091948,39.123946965],[-16.697197704,39.123946896],[-16.697196998,39.123287359],[-16.697091243,39.123287428]]]}},
{"type":"Feature","properties":{"plot_id":7,"poly_line":"1_1","strip_id":9},"geometry":{"type":"Polygon","coordinates":[[[-16.697091948,39.123946965],[-16.697092653,39.124606502],[-16.69719841,39.124606433],[-16.697197704,39.123946896],[-16.697091948,39.123946965]]]}},
{"type":"Feature","properties":{"plot_id":8,"poly_line":"1_1","strip_id":9},"geometry":{"type":"Polygon","coordinates":[[[-16.697092653,39.124606502],[-16.697093358,39.125266039],[-16.697199116,39.12526597],[-16.69719841,39.124606433],[-16.697092653,39.124606502]]]}},
{"type":"Feature","properties":{"plot_id":9,"poly_line":"1_1","strip_id":9},"geometry":{"type":"Polygon","coordinates":[[[-16.697093358,39.125266039],[-16.697094064,39.125925576],[-16.697199823,39.125925507],[-16.697199116,39.12526597],[-16.697093358,39.125266039]]]}},
{"type":"Feature","properties":{"plot_id":10,"poly_line":"1_1","strip_id":9},"geometry":{"type":"Polygon","coordinates":[[[-16.697094064,39.125925576],[-16.69709477,39.126585113],[-16.69720053,39.126585044],[-16.697199823,39.125925507],[-16.697094064,39.125925576]]]}},
{"type":"Feature","properties":{"plot_id":1,"poly_line":"1_1","strip_id":10},"geometry":{"type":"Polygon","coordinates":[[[-16.697193468,39.119986548],[-16.697194173,39.120645961],[-16.697299924,39.120645892],[-16.697299218,39.11998648],[-16.697193468,39.119986548]]]}},
{"type":"Feature","properties":{"plot_id":2,"poly_line":"1_1","strip_id":10},"geometry":{"type":"Polygon","coordinates":[[[-16.697194173,39.120645961],[-16.697194878,39.121305373],[-16.697300629,39.121305305],[-16.697299924,39.120645892],[-16.697194173,39.120645961]]]}},
{"type":"Feature","properties":{"plot_id":3,"poly_line":"1_1","strip_id":10},"geometry":{"type":"Polygon","coordinates":[[[-16.697194878,39.121305373],[-16.697195583,39.121964786],[-16.697301335,39.121964717],[-16.697300629,39.121305305],[-16.697194878,39.121305373]]]}},
{"type":"Feature","properties":{"plot_id":4,"poly_line":"1_1","strip_id":10},"geometry":{"type":"Polygon","coordinates":[[[-16.697195583,39.121964786],[-16.697196288,39.122624198],[-16.697302042,39.12262413],[-16.697301335,39.121964717],[-16.697195583,39.121964786]]]}},
{"type":"Feature","properties":{"plot_id":5,"poly_line":"1_1","strip_id":10},"geometry":{"type":"Polygon","coordinates":[[[-16.697196288,39.122624198],[-16.697196994,39.123283611],[-16.697302748,39.123283542],[-16.697302042,39.12262413],[-16.697196288,39.122624198]]]}},
{"type":"Feature","properties":{"plot_id":6,"poly_line":"1_1","strip_id":10},"geometry":{"type":"Polygon","coordinates":[[[-16.697196994,39.123283611],[-16.697197699,39.123943023],[-16.697303455,39.123942954],[-16.697302748,39.123283542],[-16.697196994,39.123283611]]]}},
{"type":"Feature","properties":{"plot_id":7,"poly_line":"1_1","strip_id":10},"geometry":{"type":"Polygon","coordinates":[[[-16.697197699,39.123943023],[-16.697198405,39.124602435],[-16.697304162,39.124602366],[-16.697303455,39.123942954],[-16.697197699,39.123943023]]]}},
{"type":"Feature","properties":{"plot_id":8,"poly_line":"1_1","strip_id":10},"geometry":{"type":"Polygon","coordinates":[[[-16.697198405,39.124602435],[-16.697199112,39.125261847],[-16.697304869,39.125261778],[-16.697304162,39.124602366],[-16.697198405,39.124602435]]]}},
{"type":"Feature","properties":{"plot_id":9,"poly_line":"1_1","strip_id":10},"geometry":{"type":"Polygon","coordinates":[[[-16.697199112,39.125261847],[-16.697199818,39.125921259],[-16.697305577,39.12592119],[-16.697304869,39.125261778],[-16.697199112,39.125261847]]]}},
{"type":"Feature","properties":{"plot_id":10,"poly_line":"1_1","strip_id":10},"geometry":{"type":"Polygon","coordinates":[[[-16.697199818,39.125921259],[-16.697200525,39.126580671],[-16.697306285,39.126580602],[-16.697305577,39.12592119],[-16.697199818,39.125921259]]]}},
{"type":"Feature","properties":{"plot_id":1,"poly_line":"1_1","strip_id":11},"geometry":{"type":"Polygon","coordinates":[[[-16.697299215,39.119983355],[-16.69729992,39.120642643],[-16.697405671,39.120642574],[-16.697404964,39.119983287],[-16.697299215,39.119983355]]]}},
{"type":"Feature","properties":{"plot_id":2,"poly_line":"1_1","strip_id":11},"geometry":{"type":"Polygon","coordinates":[[[-16.69729992,39.120642643],[-16.697300626,39.121301931],[-16.697406377,39.121301862],[-16.697405671,39.120642574],[-16.69729992,39.120642643]]]}},
{"type":"Feature","properties":{"plot_id":3,"poly_line":"1_1","strip_id":11},"geometry":{"type":"Polygon","coordinates":[[[-16.697300626,39.121301931],[-16.697301332,39.121961218],[-16.697407084,39.12196115],[-16.697406377,39.121301862],[-16.697300626,39.121301931]]]}},
{"type":"Feature","properties":{"plot_id":4,"poly_line":"1_1","strip_id":11},"geometry":{"type":"Polygon","coordinates":[[[-16.697301332,39.121961218],[-16.697302038,39.122620506],[-16.697407792,39.122620437],[-16.697407084,39.12196115],[-16.697301332,39.121961218]]]}},
{"type":"Feature","properties":{"plot_id":5,"poly_line":"1_1","strip_id":11},"geometry":{"type":"Polygon","coordinates":[[[-16.697302038,39.122620506],[-16.697302744,39.123279793],[-16.697408499,39.123279724],[-16.697407792,39.122620437],[-16.697302038,39.122620506]]]}},
{"type":"Feature","properties":{"plot_id":6,"poly_line":"1_1","strip_id":11},"geometry":{"type":"Polygon","coordinates":[[[-16.697302744,39.123279793],[-16.697303451,39.123939081],[-16.697409207,39.123939012],[-16.697408499,39.123279724],[-16.697302744,39.123279793]]]}},
{"type":"Feature","properties":{"plot_id":7,"poly_line":"1_1","strip_id":11},"geometry":{"type":"Polygon","coordinates":[[[-16.697303451,39.123939081],[-16.697304158,39.124598368],[-16.697409915,39.124598299],[-16.697409207,39.123939012],[-16.697303451,39.123939081]]]}},
{"type":"Feature","properties":{"plot_id":8,"poly_line":"1_1","strip_id":11},"geometry":{"type":"Polygon","coordinates":[[[-16.697304158,39.124598368],[-16.697304865,39.125257655],[-16.697410623,39.125257586],[-16.697409915,39.124598299],[-16.697304158,39.124598368]]]}},
{"type":"Feature","properties":{"plot_id":9,"poly_line":"1_1","strip_id":11},"geometry":{"type":"Polygon","coordinates":[[[-16.697304865,39.125257655],[-16.697305572,39.125916942],[-16.697411331,39.125916873],[-16.697410623,39.125257586],[-16.697304865,39.125257655]]]}},
{"type":"Feature","properties":{"plot_id":10,"poly_line":"1_1","strip_id":11},"geometry":{"type":"Polygon","coordinates":[[[-16.697305572,39.125916942],[-16.69730628,39.126576229],[-16.69741204,39.12657616],[-16.697411331,39.125916873],[-16.697305572,39.125916942]]]}},
{"type":"Feature","properties":{"plot_id":1,"poly_line":"1_1","strip_id":12},"geometry":{"type":"Polygon","coordinates":[[[-16.697404961,39.119980162],[-16.697405667,39.120639325],[-16.697511418,39.120639256],[-16.697510711,39.119980094],[-16.697404961,39.119980162]]]}},
{"type":"Feature","properties":{"plot_id":2,"poly_line":"1_1","strip_id":12},"geometry":{"type":"Polygon","coordinates":[[[-16.697405667,39.120639325],[-16.697406374,39.121298488],[-16.697512126,39.121298419],[-16.697511418,39.120639256],[-16.697405667,39.120639325]]]}},
{"type":"Feature","properties":{"plot_id":3,"poly_line":"1_1","strip_id":12},"geometry":{"type":"Polygon","coordinates":[[[-16.697406374,39.121298488],[-16.697407081,39.121957651],[-16.697512833,39.121957582],[-16.697512126,39.121298419],[-16.697406374,39.121298488]]]}},
{"type":"Feature","properties":{"plot_id":4,"poly_line":"1_1","strip_id":12},"geometry":{"type":"Polygon","coordinates":[[[-16.697407081,39.121957651],[-16.697407788,39.122616813],[-16.697513541,39.122616744],[-16.697512833,39.121957582],[-16.697407081,39.121957651]]]}},
{"type":"Feature","properties":{"plot_id":5,"poly_line":"1_1","strip_id":12},"geometry":{"type":"Polygon","coordinates":[[[-16.697407788,39.122616813],[-16.697408495,39.123275976],[-16.69751425,39.123275907],[-16.697513541,39.122616744],[-16.697407788,39.122616813]]]}},
{"type":"Feature","properties":{"plot_id":6,"poly_line":"1_1","strip_id":12},"geometry":{"type":"Polygon","coordinates":[[[-16.697408495,39.123275976],[-16.697409202,39.123935138],[-16.697514958,39.123935069],[-16.69751425,39.123275907],[-16.697408495,39.123275976]]]}},
{"type":"Feature","properties":{"plot_id":7,"poly_line":"1_1","strip_id":12},"geometry":{"type":"Polygon","coordinates":[[[-16.697409202,39.123935138],[-16.69740991,39.124594301],[-16.697515667,39.124594232],[-16.697514958,39.123935069],[-16.697409202,39.123935138]]]}},
{"type":"Feature","properties":{"plot_id":8,"poly_line":"1_1","strip_id":12},"geometry":{"type":"Polygon","coordinates":[[[-16.69740991,39.124594301],[-16.697410618,39.125253463],[-16.697516376,39.125253394],[-16.697515667,39.124594232],[-16.69740991,39.124594301]]]}},
{"type":"Feature","properties":{"plot_id":9,"poly_line":"1_1","strip_id":12},"geometry":{"type":"Polygon","coordinates":[[[-16.697410618,39.125253463],[-16.697411326,39.125912625],[-16.697517085,39.125912556],[-16.697516376,39.125253394],[-16.697410618,39.125253463]]]}},
{"type":"Feature","properties":{"plot_id":10,"poly_line":"1_1","strip_id":12},"geometry":{"type":"Polygon","coordinates":[[[-16.697411326,39.125912625],[-16.697412035,39.126571787],[-16.697517795,39.126571718],[-16.697517085,39.125912556],[-16.697411326,39.125912625]]]}},
{"type":"Feature","properties":{"plot_id":1,"poly_line":"1_1","strip_id":13},"geometry":{"type":"Polygon","coordinates":[[[-16.697510707,39.119976969],[-16.697511415,39.120636007],[-16.697617165,39.120635938],[-16.697616457,39.1199769],[-16.697510707,39.119976969]]]}},
{"type":"Feature","properties":{"plot_id":2,"poly_line":"1_1","strip_id":13},"geometry":{"type":"Polygon","coordinates":[[[-16.697511415,39.120636007],[-16.697512122,39.121295045],[-16.697617874,39.121294976],[-16.697617165,39.120635938],[-16.697511415,39.120636007]]]}},
{"type":"Feature","properties":{"plot_id":3,"poly_line":"1_1","strip_id":13},"geometry":{"type":"Polygon","coordinates":[[[-16.697512122,39.121295045],[-16.69751283,39.121954083],[-16.697618582,39.121954014],[-16.697617874,39.121294976],[-16.697512122,39.121295045]]]}},
{"type":"Feature","properties":{"plot_id":4,"poly_line":"1_1","strip_id":13},"geometry":{"type":"Polygon","coordinates":[[[-16.69751283,39.121954083],[-16.697513538,39.122613121],[-16.697619291,39.122613052],[-16.697618582,39.121954014],[-16.69751283,39.121954083]]]}},
{"type":"Feature","properties":{"plot_id":5,"poly_line":"1_1","strip_id":13},"geometry":{"type":"Polygon","coordinates":[[[-16.697513538,39.122613121],[-16.697514246,39.123272158],[-16.69762,39.123272089],[-16.697619291,39.122613052],[-16.697513538,39.122613121]]]}},
{"type":"Feature","properties":{"plot_id":6,"poly_line":"1_1","strip_id":13},"geometry":{"type":"Polygon","coordinates":[[[-16.697514246,39.123272158],[-16.697514954,39.123931196],[-16.69762071,39.123931127],[-16.69762,39.123272089],[-16.697514246,39.123272158]]]}},
{"type":"Feature","properties":{"plot_id":7,"poly_line":"1_1","strip_id":13},"geometry":{"type":"Polygon","coordinates":[[[-16.697514954,39.123931196],[-16.697515663,39.124590233],[-16.697621419,39.124590164],[-16.69762071,39.123931127],[-16.697514954,39.123931196]]]}},
{"type":"Feature","properties":{"plot_id":8,"poly_line":"1_1","strip_id":13},"geometry":{"type":"Polygon","coordinates":[[[-16.697515663,39.124590233],[-16.697516371,39.125249271],[-16.697622129,39.125249202],[-16.697621419,39.124590164],[-16.697515663,39.124590233]]]}},
{"type":"Feature","properties":{"plot_id":9,"poly_line":"1_1","strip_id":13},"geometry":{"type":"Polygon","coordinates":[[[-16.697516371,39.125249271],[-16.69751708,39.125908308],[-16.697622839,39.125908239],[-16.697622129,39.125249202],[-16.697516371,39.125249271]]]}},
{"type":"Feature","properties":{"plot_id":10,"poly_line":"1_1","strip_id":13},"geometry":{"type":"Polygon","coordinates":[[[-16.69751708,39.125908308],[-16.69751779,39.126567345],[-16.697623549,39.126567276],[-16.697622839,39.125908239],[-16.69751708,39.125908308]]]}},
{"type":"Feature","properties":{"plot_id":1,"poly_line":"1_1","strip_id":14},"geometry":{"type":"Polygon","coordinates":[[[-16.697616454,39.119973776],[-16.69761724,39.120705902],[-16.697722991,39.120705833],[-16.697722204,39.119973707],[-16.697616454,39.119973776]]]}},
{"type":"Feature","properties":{"plot_id":2,"poly_line":"1_1","strip_id":14},"geometry":{"type":"Polygon","coordinates":[[[-16.69761724,39.120705902],[-16.697618027,39.121438027],[-16.697723779,39.121437958],[-16.697722991,39.120705833],[-16.69761724,39.120705902]]]}},
{"type":"Feature","properties":{"plot_id":3,"poly_line":"1_1","strip_id":14},"geometry":{"type":"Polygon","coordinates":[[[-16.697618027,39.121438027],[-16.697618815,39.122170153],[-16.697724568,39.122170083],[-16.697723779,39.121437958],[-16.697618027,39.121438027]]]}},
{"type":"Feature","properties":{"plot_id":4,"poly_line":"1_1","strip_id":14},"geometry":{"type":"Polygon","coordinates":[[[-16.697618815,39.122170153],[-16.697619602,39.122902278],[-16.697725356,39.122902209],[-16.697724568,39.122170083],[-16.697618815,39.122170153]]]}},
{"type":"Feature","properties":{"plot_id":5,"poly_line":"1_1","strip_id":14},"geometry":{"type":"Polygon","coordinates":[[[-16.697619602,39.122902278],[-16.69762039,39.123634403],[-16.697726145,39.123634334],[-16.697725356,39.122902209],[-16.697619602,39.122902278]]]}},
{"type":"Feature","properties":{"plot_id":6,"poly_line":"1_1","strip_id":14},"geometry":{"type":"Polygon","coordinates":[[[-16.69762039,39.123634403],[-16.697621178,39.124366528],[-16.697726935,39.124366459],[-16.697726145,39.123634334],[-16.69762039,39.123634403]]]}},
{"type":"Feature","properties":{"plot_id":7,"poly_line":"1_1","strip_id":14},"geometry":{"type":"Polygon","coordinates":[[[-16.697621178,39.124366528],[-16.697621967,39.125098653],[-16.697727724,39.125098584],[-16.697726935,39.124366459],[-16.697621178,39.124366528]]]}},
{"type":"Feature","properties":{"plot_id":8,"poly_line":"1_1","strip_id":14},"geometry":{"type":"Polygon","coordinates":[[[-16.697621967,39.125098653],[-16.697622756,39.125830778],[-16.697728514,39.125830709],[-16.697727724,39.125098584],[-16.697621967,39.125098653]]]}},
{"type":"Feature","properties":{"plot_id":9,"poly_line":"1_1","strip_id":14},"geometry":{"type":"Polygon","coordinates":[[[-16.697622756,39.125830778],[-16.697623545,39.126562903],[-16.697729304,39.126562834],[-16.697728514,39.125830709],[-16.697622756,39.125830778]]]}},
{"type":"Feature","properties":{"plot_id":1,"poly_line":"1_1","strip_id":15},"geometry":{"type":"Polygon","coordinates":[[[-16.6977222,39.119970583],[-16.697722988,39.12070257],[-16.697828739,39.1207025],[-16.69782795,39.119970514],[-16.6977222,39.119970583]]]}},
{"type":"Feature","properties":{"plot_id":2,"poly_line":"1_1","strip_id":15},"geometry":{"type":"Polygon","coordinates":[[[-16.697722988,39.12070257],[-16.697723776,39.121434556],[-16.697829528,39.121434487],[-16.697828739,39.1207025],[-16.697722988,39.12070257]]]}},
{"type":"Feature","properties":{"plot_id":3,"poly_line":"1_1","strip_id":15},"geometry":{"type":"Polygon","coordinates":[[[-16.697723776,39.121434556],[-16.697724564,39.122166543],[-16.697830317,39.122166474],[-16.697829528,39.121434487],[-16.697723776,39.121434556]]]}},
{"type":"Feature","properties":{"plot_id":4,"poly_line":"1_1","strip_id":15},"geometry":{"type":"Polygon","coordinates":[[[-16.697724564,39.122166543],[-16.697725353,39.12289853],[-16.697831107,39.12289846],[-16.697830317,39.122166474],[-16.697724564,39.122166543]]]}},
{"type":"Feature","properties":{"plot_id":5,"poly_line":"1_1","strip_id":15},"geometry":{"type":"Polygon","coordinates":[[[-16.697725353,39.12289853],[-16.697726141,39.123630516],[-16.697831897,39.123630447],[-16.697831107,39.12289846],[-16.697725353,39.12289853]]]}},
{"type":"Feature","properties":{"plot_id":6,"poly_line":"1_1","strip_id":15},"geometry":{"type":"Polygon","coordinates":[[[-16.697726141,39.123630516],[-16.69772693,39.124362502],[-16.697832687,39.124362433],[-16.697831897,39.123630447],[-16.697726141,39.123630516]]]}},
{"type":"Feature","properties":{"plot_id":7,"poly_line":"1_1","strip_id":15},"geometry":{"type":"Polygon","coordinates":[[[-16.69772693,39.124362502],[-16.69772772,39.125094489],[-16.697833477,39.125094419],[-16.697832687,39.124362433],[-16.69772693,39.124362502]]]}},
{"type":"Feature","properties":{"plot_id":8,"poly_line":"1_1","strip_id":15},"geometry":{"type":"Polygon","coordinates":[[[-16.69772772,39.125094489],[-16.69772851,39.125826475],[-16.697834268,39.125826406],[-16.697833477,39.125094419],[-16.69772772,39.125094489]]]}},
{"type":"Feature","properties":{"plot_id":9,"poly_line":"1_1","strip_id":15},"geometry":{"type":"Polygon","coordinates":[[[-16.69772851,39.125826475],[-16.6977293,39.126558461],[-16.697835059,39.126558392],[-16.697834268,39.125826406],[-16.69772851,39.125826475]]]}},
{"type":"Feature","properties":{"plot_id":1,"poly_line":"1_1","strip_id":16},"geometry":{"type":"Polygon","coordinates":[[[-16.697827947,39.119967389],[-16.697828735,39.120699237],[-16.697934486,39.120699168],[-16.697933696,39.11996732],[-16.697827947,39.119967389]]]}},
{"type":"Feature","properties":{"plot_id":2,"poly_line":"1_1","strip_id":16},"geometry":{"type":"Polygon","coordinates":[[[-16.697828735,39.120699237],[-16.697829524,39.121431085],[-16.697935276,39.121431016],[-16.697934486,39.120699168],[-16.697828735,39.120699237]]]}},
{"type":"Feature","properties":{"plot_id":3,"poly_line":"1_1","strip_id":16},"geometry":{"type":"Polygon","coordinates":[[[-16.697829524,39.121431085],[-16.697830313,39.122162933],[-16.697936066,39.122162864],[-16.697935276,39.121431016],[-16.697829524,39.121431085]]]}},
{"type":"Feature","properties":{"plot_id":4,"poly_line":"1_1","strip_id":16},"geometry":{"type":"Polygon","coordinates":[[[-16.697830313,39.122162933],[-16.697831103,39.122894781],[-16.697936857,39.122894712],[-16.697936066,39.122162864],[-16.697830313,39.122162933]]]}},
{"type":"Feature","properties":{"plot_id":5,"poly_line":"1_1","strip_id":16},"geometry":{"type":"Polygon","coordinates":[[[-16.697831103,39.122894781],[-16.697831892,39.123626629],[-16.697937648,39.123626559],[-16.697936857,39.122894712],[-16.697831103,39.122894781]]]}},
{"type":"Feature","properties":{"plot_id":6,"poly_line":"1_1","strip_id":16},"geometry":{"type":"Polygon","coordinates":[[[-16.697831892,39.123626629],[-16.697832683,39.124358476],[-16.697938439,39.124358407],[-16.697937648,39.123626559],[-16.697831892,39.123626629]]]}},
{"type":"Feature","properties":{"plot_id":7,"poly_line":"1_1","strip_id":16},"geometry":{"type":"Polygon","coordinates":[[[-16.697832683,39.124358476],[-16.697833473,39.125090324],[-16.69793923,39.125090255],[-16.697938439,39.124358407],[-16.697832683,39.124358476]]]}},
{"type":"Feature","properties":{"plot_id":8,"poly_line":"1_1","strip_id":16},"geometry":{"type":"Polygon","coordinates":[[[-16.697833473,39.125090324],[-16.697834264,39.125822171],[-16.697940022,39.125822102],[-16.69793923,39.125090255],[-16.697833473,39.125090324]]]}},
{"type":"Feature","properties":{"plot_id":9,"poly_line":"1_1","strip_id":16},"geometry":{"type":"Polygon","coordinates":[[[-16.697834264,39.125822171],[-16.697835054,39.126554019],[-16.697940814,39.126553949],[-16.697940022,39.125822102],[-16.697834264,39.125822171]]]}},
{"type":"Feature","properties":{"plot_id":1,"poly_line":"1_1","strip_id":17},"geometry":{"type":"Polygon","coordinates":[[[-16.697933693,39.119964196],[-16.697934482,39.120695905],[-16.698040233,39.120695836],[-16.698039443,39.119964127],[-16.697933693,39.119964196]]]}},
{"type":"Feature","properties":{"plot_id":2,"poly_line":"1_1","strip_id":17},"geometry":{"type":"Polygon","coordinates":[[[-16.697934482,39.120695905],[-16.697935272,39.121427614],[-16.698041024,39.121427545],[-16.698040233,39.120695836],[-16.697934482,39.120695905]]]}},
{"type":"Feature","properties":{"plot_id":3,"poly_line":"1_1","strip_id":17},"geometry":{"type":"Polygon","coordinates":[[[-16.697935272,39.121427614],[-16.697936062,39.122159323],[-16.698041815,39.122159254],[-16.698041024,39.121427545],[-16.697935272,39.121427614]]]}},
{"type":"Feature","properties":{"plot_id":4,"poly_line":"1_1","strip_id":17},"geometry":{"type":"Polygon","coordinates":[[[-16.697936062,39.122159323],[-16.697936853,39.122891032],[-16.698042607,39.122890963],[-16.698041815,39.122159254],[-16.697936062,39.122159323]]]}},
{"type":"Feature","properties":{"plot_id":5,"poly_line":"1_1","strip_id":17},"geometry":{"type":"Polygon","coordinates":[[[-16.697936853,39.122891032],[-16.697937644,39.123622741],[-16.698043399,39.123622672],[-16.698042607,39.122890963],[-16.697936853,39.122891032]]]}},
{"type":"Feature","properties":{"plot_id":6,"poly_line":"1_1","strip_id":17},"geometry":{"type":"Polygon","coordinates":[[[-16.697937644,39.123622741],[-16.697938435,39.12435445],[-16.698044191,39.124354381],[-16.698043399,39.123622672],[-16.697937644,39.123622741]]]}},
{"type":"Feature","properties":{"plot_id":7,"poly_line":"1_1","strip_id":17},"geometry":{"type":"Polygon","coordinates":[[[-16.697938435,39.12435445],[-16.697939226,39.125086159],[-16.698044983,39.12508609],[-16.698044191,39.124354381],[-16.697938435,39.12435445]]]}},
{"type":"Feature","properties":{"plot_id":8,"poly_line":"1_1","strip_id":17},"geometry":{"type":"Polygon","coordinates":[[[-16.697939226,39.125086159],[-16.697940017,39.125817868],[-16.698045776,39.125817798],[-16.698044983,39.12508609],[-16.697939226,39.125086159]]]}},
{"type":"Feature","properties":{"plot_id":9,"poly_line":"1_1","strip_id":17},"geometry":{"type":"Polygon","coordinates":[[[-16.697940017,39.125817868],[-16.697940809,39.126549576],[-16.698046569,39.126549507],[-16.698045776,39.125817798],[-16.697940017,39.125817868]]]}},
{"type":"Feature","properties":{"plot_id":1,"poly_line":"1_1","strip_id":18},"geometry":{"type":"Polygon","coordinates":[[[-16.698039439,39.119961002],[-16.69804023,39.120692573],[-16.698145981,39.120692503],[-16.698145189,39.119960933],[-16.698039439,39.119961002]]]}},
{"type":"Feature","properties":{"plot_id":2,"poly_line":"1_1","strip_id":18},"geometry":{"type":"Polygon","coordinates":[[[-16.69804023,39.120692573],[-16.69804102,39.121424143],[-16.698146772,39.121424074],[-16.698145981,39.120692503],[-16.69804023,39.120692573]]]}},
{"type":"Feature","properties":{"plot_id":3,"poly_line":"1_1","strip_id":18},"geometry":{"type":"Polygon","coordinates":[[[-16.69804102,39.121424143],[-16.698041812,39.122155714],[-16.698147565,39.122155644],[-16.698146772,39.121424074],[-16.69804102,39.121424143]]]}},
{"type":"Feature","properties":{"plot_id":4,"poly_line":"1_1","strip_id":18},"geometry":{"type":"Polygon","coordinates":[[[-16.698041812,39.122155714],[-16.698042603,39.122887284],[-16.698148357,39.122887214],[-16.698147565,39.122155644],[-16.698041812,39.122155714]]]}},
{"type":"Feature","properties":{"plot_id":5,"poly_line":"1_1","strip_id":18},"geometry":{"type":"Polygon","coordinates":[[[-16.698042603,39.122887284],[-16.698043395,39.123618854],[-16.69814915,39.123618784],[-16.698148357,39.122887214],[-16.698042603,39.122887284]]]}},
{"type":"Feature","properties":{"plot_id":6,"poly_line":"1_1","strip_id":18},"geometry":{"type":"Polygon","coordinates":[[[-16.698043395,39.123618854],[-16.698044187,39.124350424],[-16.698149943,39.124350355],[-16.69814915,39.123618784],[-16.698043395,39.123618854]]]}},
{"type":"Feature","properties":{"plot_id":7,"poly_line":"1_1","strip_id":18},"geometry":{"type":"Polygon","coordinates":[[[-16.698044187,39.124350424],[-16.698044979,39.125081994],[-16.698150736,39.125081925],[-16.698149943,39.124350355],[-16.698044187,39.124350424]]]}},
{"type":"Feature","properties":{"plot_id":8,"poly_line":"1_1","strip_id":18},"geometry":{"type":"Polygon","coordinates":[[[-16.698044979,39.125081994],[-16.698045771,39.125813564],[-16.69815153,39.125813494],[-16.698150736,39.125081925],[-16.698044979,39.125081994]]]}},
{"type":"Feature","properties":{"plot_id":9,"poly_line":"1_1","strip_id":18},"geometry":{"type":"Polygon","coordinates":[[[-16.698045771,39.125813564],[-16.698046564,39.126545134],[-16.698152324,39.126545064],[-16.69815153,39.125813494],[-16.698045771,39.125813564]]]}},
{"type":"Feature","properties":{"plot_id":1,"poly_line":"1_1","strip_id":19},"geometry":{"type":"Polygon","coordinates":[[[-16.698145186,39.119957809],[-16.698145977,39.12068924],[-16.698251728,39.120689171],[-16.698250935,39.119957739],[-16.698145186,39.119957809]]]}},
{"type":"Feature","properties":{"plot_id":2,"poly_line":"1_1","strip_id":19},"geometry":{"type":"Polygon","coordinates":[[[-16.698145977,39.12068924],[-16.698146769,39.121420672],[-16.698252521,39.121420602],[-16.698251728,39.120689171],[-16.698145977,39.12068924]]]}},
{"type":"Feature","properties":{"plot_id":3,"poly_line":"1_1","strip_id":19},"geometry":{"type":"Polygon","coordinates":[[[-16.698146769,39.121420672],[-16.698147561,39.122152104],[-16.698253314,39.122152034],[-16.698252521,39.121420602],[-16.698146769,39.121420672]]]}},
{"type":"Feature","properties":{"plot_id":4,"poly_line":"1_1","strip_id":19},"geometry":{"type":"Polygon","coordinates":[[[-16.698147561,39.122152104],[-16.698148353,39.122883535],[-16.698254107,39.122883465],[-16.698253314,39.122152034],[-16.698147561,39.122152104]]]}},
{"type":"Feature","properties":{"plot_id":5,"poly_line":"1_1","strip_id":19},"geometry":{"type":"Polygon","coordinates":[[[-16.698148353,39.122883535],[-16.698149146,39.123614966],[-16.698254901,39.123614897],[-16.698254107,39.122883465],[-16.698148353,39.122883535]]]}},
{"type":"Feature","properties":{"plot_id":6,"poly_line":"1_1","strip_id":19},"geometry":{"type":"Polygon","coordinates":[[[-16.698149146,39.123614966],[-16.698149939,39.124346398],[-16.698255695,39.124346328],[-16.698254901,39.123614897],[-16.698149146,39.123614966]]]}},
{"type":"Feature","properties":{"plot_id":7,"poly_line":"1_1","strip_id":19},"geometry":{"type":"Polygon","coordinates":[[[-16.698149939,39.124346398],[-16.698150732,39.125077829],[-16.698256489,39.125077759],[-16.698255695,39.124346328],[-16.698149939,39.124346398]]]}},
{"type":"Feature","properties":{"plot_id":8,"poly_line":"1_1","strip_id":19},"geometry":{"type":"Polygon","coordinates":[[[-16.698150732,39.125077829],[-16.698151525,39.12580926],[-16.698257284,39.12580919],[-16.698256489,39.125077759],[-16.698150732,39.125077829]]]}},
{"type":"Feature","properties":{"plot_id":9,"poly_line":"1_1","strip_id":19},"geometry":{"type":"Polygon","coordinates":[[[-16.698151525,39.12580926],[-16.698152319,39.126540691],[-16.698258078,39.126540622],[-16.698257284,39.12580919],[-16.698151525,39.12580926]]]}},
{"type":"Feature","properties":{"plot_id":1,"poly_line":"1_1","strip_id":20},"geometry":{"type":"Polygon","coordinates":[[[-16.698250932,39.119954732],[-16.698251724,39.120686012],[-16.698357475,39.120685942],[-16.698356682,39.119954663],[-16.698250932,39.119954732]]]}},
{"type":"Feature","properties":{"plot_id":2,"poly_line":"1_1","strip_id":20},"geometry":{"type":"Polygon","coordinates":[[[-16.698251724,39.120686012],[-16.698252517,39.121417292],[-16.698358269,39.121417222],[-16.698357475,39.120685942],[-16.698251724,39.120686012]]]}},
{"type":"Feature","properties":{"plot_id":3,"poly_line":"1_1","strip_id":20},"geometry":{"type":"Polygon","coordinates":[[[-16.698252517,39.121417292],[-16.69825331,39.122148572],[-16.698359063,39.122148502],[-16.698358269,39.121417222],[-16.698252517,39.121417292]]]}},
{"type":"Feature","properties":{"plot_id":4,"poly_line":"1_1","strip_id":20},"geometry":{"type":"Polygon","coordinates":[[[-16.69825331,39.122148572],[-16.698254103,39.122879851],[-16.698359857,39.122879782],[-16.698359063,39.122148502],[-16.69825331,39.122148572]]]}},
{"type":"Feature","properties":{"plot_id":5,"poly_line":"1_1","strip_id":20},"geometry":{"type":"Polygon","coordinates":[[[-16.698254103,39.122879851],[-16.698254897,39.123611131],[-16.698360652,39.123611061],[-16.698359857,39.122879782],[-16.698254103,39.122879851]]]}},
{"type":"Feature","properties":{"plot_id":6,"poly_line":"1_1","strip_id":20},"geometry":{"type":"Polygon","coordinates":[[[-16.698254897,39.123611131],[-16.698255691,39.124342411],[-16.698361447,39.124342341],[-16.698360652,39.123611061],[-16.698254897,39.123611131]]]}},
{"type":"Feature","properties":{"plot_id":7,"poly_line":"1_1","strip_id":20},"geometry":{"type":"Polygon","coordinates":[[[-16.698255691,39.124342411],[-16.698256485,39.12507369],[-16.698362242,39.12507362],[-16.698361447,39.124342341],[-16.698255691,39.124342411]]]}},
{"type":"Feature","properties":{"plot_id":8,"poly_line":"1_1","strip_id":20},"geometry":{"type":"Polygon","coordinates":[[[-16.698256485,39.12507369],[-16.698257279,39.125804969],[-16.698363037,39.1258049],[-16.698362242,39.12507362],[-16.698256485,39.12507369]]]}},
{"type":"Feature","properties":{"plot_id":9,"poly_line":"1_1","strip_id":20},"geometry":{"type":"Polygon","coordinates":[[[-16.698257279,39.125804969],[-16.698258074,39.126536249],[-16.698363833,39.126536179],[-16.698363037,39.1258049],[-16.698257279,39.125804969]]]}},
{"type":"Feature","properties":{"plot_id":1,"poly_line":"1_1","strip_id":21},"geometry":{"type":"Polygon","coordinates":[[[-16.69835669,39.119961991],[-16.698357482,39.120691971],[-16.698463232,39.120691901],[-16.698462439,39.119961922],[-16.69835669,39.119961991]]]}},
{"type":"Feature","properties":{"plot_id":2,"poly_line":"1_1","strip_id":21},"geometry":{"type":"Polygon","coordinates":[[[-16.698357482,39.120691971],[-16.698358274,39.121421951],[-16.698464026,39.121421881],[-16.698463232,39.120691901],[-16.698357482,39.120691971]]]}},
{"type":"Feature","properties":{"plot_id":3,"poly_line":"1_1","strip_id":21},"geometry":{"type":"Polygon","coordinates":[[[-16.698358274,39.121421951],[-16.698359067,39.12215193],[-16.69846482,39.12215186],[-16.698464026,39.121421881],[-16.698358274,39.121421951]]]}},
{"type":"Feature","properties":{"plot_id":4,"poly_line":"1_1","strip_id":21},"geometry":{"type":"Polygon","coordinates":[[[-16.698359067,39.12215193],[-16.69835986,39.12288191],[-16.698465614,39.12288184],[-16.69846482,39.12215186],[-16.698359067,39.12215193]]]}},
{"type":"Feature","properties":{"plot_id":5,"poly_line":"1_1","strip_id":21},"geometry":{"type":"Polygon","coordinates":[[[-16.69835986,39.12288191],[-16.698360653,39.123611889],[-16.698466408,39.123611819],[-16.698465614,39.12288184],[-16.69835986,39.12288191]]]}},
{"type":"Feature","properties":{"plot_id":6,"poly_line":"1_1","strip_id":21},"geometry":{"type":"Polygon","coordinates":[[[-16.698360653,39.123611889],[-16.698361446,39.124341868],[-16.698467203,39.124341799],[-16.698466408,39.123611819],[-16.698360653,39.123611889]]]}},
{"type":"Feature","properties":{"plot_id":7,"poly_line":"1_1","strip_id":21},"geometry":{"type":"Polygon","coordinates":[[[-16.698361446,39.124341868],[-16.69836224,39.125071848],[-16.698467997,39.125071778],[-16.698467203,39.124341799],[-16.698361446,39.124341868]]]}},
{"type":"Feature","properties":{"plot_id":8,"poly_line":"1_1","strip_id":21},"geometry":{"type":"Polygon","coordinates":[[[-16.69836224,39.125071848],[-16.698363034,39.125801827],[-16.698468793,39.125801757],[-16.698467997,39.125071778],[-16.69836224,39.125071848]]]}},
{"type":"Feature","properties":{"plot_id":9,"poly_line":"1_1","strip_id":21},"geometry":{"type":"Polygon","coordinates":[[[-16.698363034,39.125801827],[-16.698363828,39.126531806],[-16.698469588,39.126531736],[-16.698468793,39.125801757],[-16.698363034,39.125801827]]]}},
{"type":"Feature","properties":{"plot_id":1,"poly_line":"1_1","strip_id":22},"geometry":{"type":"Polygon","coordinates":[[[-16.698462447,39.11996925],[-16.698463239,39.12069793],[-16.69856899,39.12069786],[-16.698568197,39.119969181],[-16.698462447,39.11996925]]]}},
{"type":"Feature","properties":{"plot_id":2,"poly_line":"1_1","strip_id":22},"geometry":{"type":"Polygon","coordinates":[[[-16.698463239,39.12069793],[-16.698464031,39.121426609],[-16.698569783,39.121426539],[-16.69856899,39.12069786],[-16.698463239,39.12069793]]]}},
{"type":"Feature","properties":{"plot_id":3,"poly_line":"1_1","strip_id":22},"geometry":{"type":"Polygon","coordinates":[[[-16.698464031,39.121426609],[-16.698464823,39.122155289],[-16.698570576,39.122155219],[-16.698569783,39.121426539],[-16.698464031,39.121426609]]]}},
{"type":"Feature","properties":{"plot_id":4,"poly_line":"1_1","strip_id":22},"geometry":{"type":"Polygon","coordinates":[[[-16.698464823,39.122155289],[-16.698465616,39.122883968],[-16.69857137,39.122883898],[-16.698570576,39.122155219],[-16.698464823,39.122155289]]]}},
{"type":"Feature","properties":{"plot_id":5,"poly_line":"1_1","strip_id":22},"geometry":{"type":"Polygon","coordinates":[[[-16.698465616,39.122883968],[-16.698466409,39.123612647],[-16.698572164,39.123612577],[-16.69857137,39.122883898],[-16.698465616,39.122883968]]]}},
{"type":"Feature","properties":{"plot_id":6,"poly_line":"1_1","strip_id":22},"geometry":{"type":"Polygon","coordinates":[[[-16.698466409,39.123612647],[-16.698467202,39.124341326],[-16.698572958,39.124341256],[-16.698572164,39.123612577],[-16.698466409,39.123612647]]]}},
{"type":"Feature","properties":{"plot_id":7,"poly_line":"1_1","strip_id":22},"geometry":{"type":"Polygon","coordinates":[[[-16.698467202,39.124341326],[-16.698467995,39.125070005],[-16.698573753,39.125069935],[-16.698572958,39.124341256],[-16.698467202,39.124341326]]]}},
{"type":"Feature","properties":{"plot_id":8,"poly_line":"1_1","strip_id":22},"geometry":{"type":"Polygon","coordinates":[[[-16.698467995,39.125070005],[-16.698468789,39.125798684],[-16.698574548,39.125798614],[-16.698573753,39.125069935],[-16.698467995,39.125070005]]]}},
{"type":"Feature","properties":{"plot_id":9,"poly_line":"1_1","strip_id":22},"geometry":{"type":"Polygon","coordinates":[[[-16.698468789,39.125798684],[-16.698469583,39.126527363],[-16.698575343,39.126527293],[-16.698574548,39.125798614],[-16.698468789,39.125798684]]]}},
{"type":"Feature","properties":{"plot_id":1,"poly_line":"1_1","strip_id":23},"geometry":{"type":"Polygon","coordinates":[[[-16.698568205,39.119976509],[-16.698568996,39.120703889],[-16.698674747,39.120703819],[-16.698673955,39.119976439],[-16.698568205,39.119976509]]]}},
{"type":"Feature","properties":{"plot_id":2,"poly_line":"1_1","strip_id":23},"geometry":{"type":"Polygon","coordinates":[[[-16.698568996,39.120703889],[-16.698569788,39.121431268],[-16.69867554,39.121431198],[-16.698674747,39.120703819],[-16.698568996,39.120703889]]]}},
{"type":"Feature","properties":{"plot_id":3,"poly_line":"1_1","strip_id":23},"geometry":{"type":"Polygon","coordinates":[[[-16.698569788,39.121431268],[-16.69857058,39.122158647],[-16.698676333,39.122158577],[-16.69867554,39.121431198],[-16.698569788,39.121431268]]]}},
{"type":"Feature","properties":{"plot_id":4,"poly_line":"1_1","strip_id":23},"geometry":{"type":"Polygon","coordinates":[[[-16.69857058,39.122158647],[-16.698571372,39.122886026],[-16.698677126,39.122885956],[-16.698676333,39.122158577],[-16.69857058,39.122158647]]]}},
{"type":"Feature","properties":{"plot_id":5,"poly_line":"1_1","strip_id":23},"geometry":{"type":"Polygon","coordinates":[[[-16.698571372,39.122886026],[-16.698572165,39.123613405],[-16.69867792,39.123613335],[-16.698677126,39.122885956],[-16.698571372,39.122886026]]]}},
{"type":"Feature","properties":{"plot_id":6,"poly_line":"1_1","strip_id":23},"geometry":{"type":"Polygon","coordinates":[[[-16.698572165,39.123613405],[-16.698572958,39.124340784],[-16.698678714,39.124340714],[-16.69867792,39.123613335],[-16.698572165,39.123613405]]]}},
{"type":"Feature","properties":{"plot_id":7,"poly_line":"1_1","strip_id":23},"geometry":{"type":"Polygon","coordinates":[[[-16.698572958,39.124340784],[-16.698573751,39.125068163],[-16.698679508,39.125068093],[-16.698678714,39.124340714],[-16.698572958,39.124340784]]]}},
{"type":"Feature","properties":{"plot_id":8,"poly_line":"1_1","strip_id":23},"geometry":{"type":"Polygon","coordinates":[[[-16.698573751,39.125068163],[-16.698574544,39.125795541],[-16.698680303,39.125795471],[-16.698679508,39.125068093],[-16.698573751,39.125068163]]]}},
{"type":"Feature","properties":{"plot_id":9,"poly_line":"1_1","strip_id":23},"geometry":{"type":"Polygon","coordinates":[[[-16.698574544,39.125795541],[-16.698575338,39.12652292],[-16.698681098,39.12652285],[-16.698680303,39.125795471],[-16.698574544,39.125795541]]]}},
{"type":"Feature","properties":{"plot_id":1,"poly_line":"1_1","strip_id":24},"geometry":{"type":"Polygon","coordinates":[[[-16.698673958,39.119979397],[-16.69867475,39.120705961],[-16.6987805,39.120705891],[-16.698779708,39.119979327],[-16.698673958,39.119979397]]]}},
{"type":"Feature","properties":{"plot_id":2,"poly_line":"1_1","strip_id":24},"geometry":{"type":"Polygon","coordinates":[[[-16.69867475,39.120705961],[-16.698675541,39.121432526],[-16.698781293,39.121432456],[-16.6987805,39.120705891],[-16.69867475,39.120705961]]]}},
{"type":"Feature","properties":{"plot_id":3,"poly_line":"1_1","strip_id":24},"geometry":{"type":"Polygon","coordinates":[[[-16.698675541,39.121432526],[-16.698676334,39.122159091],[-16.698782087,39.122159021],[-16.698781293,39.121432456],[-16.698675541,39.121432526]]]}},
{"type":"Feature","properties":{"plot_id":4,"poly_line":"1_1","strip_id":24},"geometry":{"type":"Polygon","coordinates":[[[-16.698676334,39.122159091],[-16.698677126,39.122885655],[-16.69878288,39.122885585],[-16.698782087,39.122159021],[-16.698676334,39.122159091]]]}},
{"type":"Feature","properties":{"plot_id":5,"poly_line":"1_1","strip_id":24},"geometry":{"type":"Polygon","coordinates":[[[-16.698677126,39.122885655],[-16.698677919,39.12361222],[-16.698783674,39.12361215],[-16.69878288,39.122885585],[-16.698677126,39.122885655]]]}},
{"type":"Feature","properties":{"plot_id":6,"poly_line":"1_1","strip_id":24},"geometry":{"type":"Polygon","coordinates":[[[-16.698677919,39.12361222],[-16.698678712,39.124338784],[-16.698784468,39.124338714],[-16.698783674,39.12361215],[-16.698677919,39.12361222]]]}},
{"type":"Feature","properties":{"plot_id":7,"poly_line":"1_1","strip_id":24},"geometry":{"type":"Polygon","coordinates":[[[-16.698678712,39.124338784],[-16.698679505,39.125065348],[-16.698785263,39.125065278],[-16.698784468,39.124338714],[-16.698678712,39.124338784]]]}},
{"type":"Feature","properties":{"plot_id":8,"poly_line":"1_1","strip_id":24},"geometry":{"type":"Polygon","coordinates":[[[-16.698679505,39.125065348],[-16.698680299,39.125791913],[-16.698786057,39.125791843],[-16.698785263,39.125065278],[-16.698679505,39.125065348]]]}},
{"type":"Feature","properties":{"plot_id":9,"poly_line":"1_1","strip_id":24},"geometry":{"type":"Polygon","coordinates":[[[-16.698680299,39.125791913],[-16.698681093,39.126518477],[-16.698786852,39.126518407],[-16.698786057,39.125791843],[-16.698680299,39.125791913]]]}},
{"type":"Feature","properties":{"plot_id":1,"poly_line":"1_1","strip_id":25},"geometry":{"type":"Polygon","coordinates":[[[-16.698779707,39.119978685],[-16.698780499,39.120704835],[-16.69888625,39.120704765],[-16.698885457,39.119978615],[-16.698779707,39.119978685]]]}},
{"type":"Feature","properties":{"plot_id":2,"poly_line":"1_1","strip_id":25},"geometry":{"type":"Polygon","coordinates":[[[-16.698780499,39.120704835],[-16.698781292,39.121430985],[-16.698887044,39.121430915],[-16.69888625,39.120704765],[-16.698780499,39.120704835]]]}},
{"type":"Feature","properties":{"plot_id":3,"poly_line":"1_1","strip_id":25},"geometry":{"type":"Polygon","coordinates":[[[-16.698781292,39.121430985],[-16.698782085,39.122157135],[-16.698887837,39.122157065],[-16.698887044,39.121430915],[-16.698781292,39.121430985]]]}},
{"type":"Feature","properties":{"plot_id":4,"poly_line":"1_1","strip_id":25},"geometry":{"type":"Polygon","coordinates":[[[-16.698782085,39.122157135],[-16.698782878,39.122883285],[-16.698888632,39.122883215],[-16.698887837,39.122157065],[-16.698782085,39.122157135]]]}},
{"type":"Feature","properties":{"plot_id":5,"poly_line":"1_1","strip_id":25},"geometry":{"type":"Polygon","coordinates":[[[-16.698782878,39.122883285],[-16.698783671,39.123609435],[-16.698889426,39.123609365],[-16.698888632,39.122883215],[-16.698782878,39.122883285]]]}},
{"type":"Feature","properties":{"plot_id":6,"poly_line":"1_1","strip_id":25},"geometry":{"type":"Polygon","coordinates":[[[-16.698783671,39.123609435],[-16.698784465,39.124335585],[-16.698890221,39.124335515],[-16.698889426,39.123609365],[-16.698783671,39.123609435]]]}},
{"type":"Feature","properties":{"plot_id":7,"poly_line":"1_1","strip_id":25},"geometry":{"type":"Polygon","coordinates":[[[-16.698784465,39.124335585],[-16.698785259,39.125061735],[-16.698891016,39.125061664],[-16.698890221,39.124335515],[-16.698784465,39.124335585]]]}},
{"type":"Feature","properties":{"plot_id":8,"poly_line":"1_1","strip_id":25},"geometry":{"type":"Polygon","coordinates":[[[-16.698785259,39.125061735],[-16.698786053,39.125787884],[-16.698891811,39.125787814],[-16.698891016,39.125061664],[-16.698785259,39.125061735]]]}},
{"type":"Feature","properties":{"plot_id":9,"poly_line":"1_1","strip_id":25},"geometry":{"type":"Polygon","coordinates":[[[-16.698786053,39.125787884],[-16.698786847,39.126514034],[-16.698892607,39.126513963],[-16.698891811,39.125787814],[-16.698786053,39.125787884]]]}},
{"type":"Feature","properties":{"plot_id":1,"poly_line":"1_1","strip_id":26},"geometry":{"type":"Polygon","coordinates":[[[-16.698885453,39.119975201],[-16.698886246,39.120701245],[-16.698991997,39.120701175],[-16.698991203,39.119975131],[-16.698885453,39.119975201]]]}},
{"type":"Feature","properties":{"plot_id":2,"poly_line":"1_1","strip_id":26},"geometry":{"type":"Polygon","coordinates":[[[-16.698886246,39.120701245],[-16.69888704,39.121427288],[-16.698992791,39.121427218],[-16.698991997,39.120701175],[-16.698886246,39.120701245]]]}},
{"type":"Feature","properties":{"plot_id":3,"poly_line":"1_1","strip_id":26},"geometry":{"type":"Polygon","coordinates":[[[-16.69888704,39.121427288],[-16.698887833,39.122153332],[-16.698993586,39.122153261],[-16.698992791,39.121427218],[-16.69888704,39.121427288]]]}},
{"type":"Feature","properties":{"plot_id":4,"poly_line":"1_1","strip_id":26},"geometry":{"type":"Polygon","coordinates":[[[-16.698887833,39.122153332],[-16.698888627,39.122879375],[-16.698994382,39.122879305],[-16.698993586,39.122153261],[-16.698887833,39.122153332]]]}},
{"type":"Feature","properties":{"plot_id":5,"poly_line":"1_1","strip_id":26},"geometry":{"type":"Polygon","coordinates":[[[-16.698888627,39.122879375],[-16.698889422,39.123605418],[-16.698995177,39.123605348],[-16.698994382,39.122879305],[-16.698888627,39.122879375]]]}},
{"type":"Feature","properties":{"plot_id":6,"poly_line":"1_1","strip_id":26},"geometry":{"type":"Polygon","coordinates":[[[-16.698889422,39.123605418],[-16.698890216,39.124331461],[-16.698995973,39.124331391],[-16.698995177,39.123605348],[-16.698889422,39.123605418]]]}},
{"type":"Feature","properties":{"plot_id":7,"poly_line":"1_1","strip_id":26},"geometry":{"type":"Polygon","coordinates":[[[-16.698890216,39.124331461],[-16.698891011,39.125057505],[-16.698996769,39.125057434],[-16.698995973,39.124331391],[-16.698890216,39.124331461]]]}},
{"type":"Feature","properties":{"plot_id":8,"poly_line":"1_1","strip_id":26},"geometry":{"type":"Polygon","coordinates":[[[-16.698891011,39.125057505],[-16.698891807,39.125783547],[-16.698997565,39.125783477],[-16.698996769,39.125057434],[-16.698891011,39.125057505]]]}},
{"type":"Feature","properties":{"plot_id":9,"poly_line":"1_1","strip_id":26},"geometry":{"type":"Polygon","coordinates":[[[-16.698891807,39.125783547],[-16.698892602,39.12650959],[-16.698998362,39.12650952],[-16.698997565,39.125783477],[-16.698891807,39.125783547]]]}},
{"type":"Feature","properties":{"plot_id":1,"poly_line":"1_1","strip_id":27},"geometry":{"type":"Polygon","coordinates":[[[-16.698991198,39.119970826],[-16.698991992,39.120696862],[-16.699097743,39.120696791],[-16.699096948,39.119970755],[-16.698991198,39.119970826]]]}},
{"type":"Feature","properties":{"plot_id":2,"poly_line":"1_1","strip_id":27},"geometry":{"type":"Polygon","coordinates":[[[-16.698991992,39.120696862],[-16.698992787,39.121422898],[-16.699098539,39.121422827],[-16.699097743,39.120696791],[-16.698991992,39.120696862]]]}},
{"type":"Feature","properties":{"plot_id":3,"poly_line":"1_1","strip_id":27},"geometry":{"type":"Polygon","coordinates":[[[-16.698992787,39.121422898],[-16.698993582,39.122148934],[-16.699099335,39.122148863],[-16.699098539,39.121422827],[-16.698992787,39.121422898]]]}},
{"type":"Feature","properties":{"plot_id":4,"poly_line":"1_1","strip_id":27},"geometry":{"type":"Polygon","coordinates":[[[-16.698993582,39.122148934],[-16.698994377,39.122874969],[-16.699100131,39.122874899],[-16.699099335,39.122148863],[-16.698993582,39.122148934]]]}},
{"type":"Feature","properties":{"plot_id":5,"poly_line":"1_1","strip_id":27},"geometry":{"type":"Polygon","coordinates":[[[-16.698994377,39.122874969],[-16.698995172,39.123601005],[-16.699100927,39.123600935],[-16.699100131,39.122874899],[-16.698994377,39.122874969]]]}},
{"type":"Feature","properties":{"plot_id":6,"poly_line":"1_1","strip_id":27},"geometry":{"type":"Polygon","coordinates":[[[-16.698995172,39.123601005],[-16.698995968,39.124327041],[-16.699101724,39.12432697],[-16.699100927,39.123600935],[-16.698995172,39.123601005]]]}},
{"type":"Feature","properties":{"plot_id":7,"poly_line":"1_1","strip_id":27},"geometry":{"type":"Polygon","coordinates":[[[-16.698995968,39.124327041],[-16.698996764,39.125053076],[-16.699102521,39.125053006],[-16.699101724,39.12432697],[-16.698995968,39.124327041]]]}},
{"type":"Feature","properties":{"plot_id":8,"poly_line":"1_1","strip_id":27},"geometry":{"type":"Polygon","coordinates":[[[-16.698996764,39.125053076],[-16.69899756,39.125779112],[-16.699103319,39.125779041],[-16.699102521,39.125053006],[-16.698996764,39.125053076]]]}},
{"type":"Feature","properties":{"plot_id":9,"poly_line":"1_1","strip_id":27},"geometry":{"type":"Polygon","coordinates":[[[-16.69899756,39.125779112],[-16.698998357,39.126505147],[-16.699104116,39.126505077],[-16.699103319,39.125779041],[-16.69899756,39.125779112]]]}},
{"type":"Feature","properties":{"plot_id":1,"poly_line":"1_1","strip_id":28},"geometry":{"type":"Polygon","coordinates":[[[-16.699096943,39.11996645],[-16.699097738,39.120692479],[-16.699203489,39.120692408],[-16.699202693,39.11996638],[-16.699096943,39.11996645]]]}},
{"type":"Feature","properties":{"plot_id":2,"poly_line":"1_1","strip_id":28},"geometry":{"type":"Polygon","coordinates":[[[-16.699097738,39.120692479],[-16.699098534,39.121418507],[-16.699204286,39.121418437],[-16.699203489,39.120692408],[-16.699097738,39.120692479]]]}},
{"type":"Feature","properties":{"plot_id":3,"poly_line":"1_1","strip_id":28},"geometry":{"type":"Polygon","coordinates":[[[-16.699098534,39.121418507],[-16.69909933,39.122144535],[-16.699205083,39.122144465],[-16.699204286,39.121418437],[-16.699098534,39.121418507]]]}},
{"type":"Feature","properties":{"plot_id":4,"poly_line":"1_1","strip_id":28},"geometry":{"type":"Polygon","coordinates":[[[-16.69909933,39.122144535],[-16.699100126,39.122870564],[-16.69920588,39.122870493],[-16.699205083,39.122144465],[-16.69909933,39.122144535]]]}},
{"type":"Feature","properties":{"plot_id":5,"poly_line":"1_1","strip_id":28},"geometry":{"type":"Polygon","coordinates":[[[-16.699100126,39.122870564],[-16.699100923,39.123596592],[-16.699206678,39.123596521],[-16.69920588,39.122870493],[-16.699100126,39.122870564]]]}},
{"type":"Feature","properties":{"plot_id":6,"poly_line":"1_1","strip_id":28},"geometry":{"type":"Polygon","coordinates":[[[-16.699100923,39.123596592],[-16.699101719,39.12432262],[-16.699207476,39.124322549],[-16.699206678,39.123596521],[-16.699100923,39.123596592]]]}},
{"type":"Feature","properties":{"plot_id":7,"poly_line":"1_1","strip_id":28},"geometry":{"type":"Polygon","coordinates":[[[-16.699101719,39.12432262],[-16.699102516,39.125048648],[-16.699208274,39.125048577],[-16.699207476,39.124322549],[-16.699101719,39.12432262]]]}},
{"type":"Feature","properties":{"plot_id":8,"poly_line":"1_1","strip_id":28},"geometry":{"type":"Polygon","coordinates":[[[-16.699102516,39.125048648],[-16.699103314,39.125774676],[-16.699209072,39.125774605],[-16.699208274,39.125048577],[-16.699102516,39.125048648]]]}},
{"type":"Feature","properties":{"plot_id":9,"poly_line":"1_1","strip_id":28},"geometry":{"type":"Polygon","coordinates":[[[-16.699103314,39.125774676],[-16.699104111,39.126500704],[-16.699209871,39.126500633],[-16.699209072,39.125774605],[-16.699103314,39.125774676]]]}},
{"type":"Feature","properties":{"plot_id":1,"poly_line":"1_1","strip_id":29},"geometry":{"type":"Polygon","coordinates":[[[-16.699202688,39.119962074],[-16.699203484,39.120688095],[-16.699309235,39.120688025],[-16.699308438,39.119962004],[-16.699202688,39.119962074]]]}},
{"type":"Feature","properties":{"plot_id":2,"poly_line":"1_1","strip_id":29},"geometry":{"type":"Polygon","coordinates":[[[-16.699203484,39.120688095],[-16.699204281,39.121414116],[-16.699310033,39.121414046],[-16.699309235,39.120688025],[-16.699203484,39.120688095]]]}},
{"type":"Feature","properties":{"plot_id":3,"poly_line":"1_1","strip_id":29},"geometry":{"type":"Polygon","coordinates":[[[-16.699204281,39.121414116],[-16.699205078,39.122140137],[-16.699310831,39.122140067],[-16.699310033,39.121414046],[-16.699204281,39.121414116]]]}},
{"type":"Feature","properties":{"plot_id":4,"poly_line":"1_1","strip_id":29},"geometry":{"type":"Polygon","coordinates":[[[-16.699205078,39.122140137],[-16.699205875,39.122866158],[-16.699311629,39.122866087],[-16.699310831,39.122140067],[-16.699205078,39.122140137]]]}},
{"type":"Feature","properties":{"plot_id":5,"poly_line":"1_1","strip_id":29},"geometry":{"type":"Polygon","coordinates":[[[-16.699205875,39.122866158],[-16.699206673,39.123592178],[-16.699312428,39.123592108],[-16.699311629,39.122866087],[-16.699205875,39.122866158]]]}},
{"type":"Feature","properties":{"plot_id":6,"poly_line":"1_1","strip_id":29},"geometry":{"type":"Polygon","coordinates":[[[-16.699206673,39.123592178],[-16.699207471,39.124318199],[-16.699313227,39.124318128],[-16.699312428,39.123592108],[-16.699206673,39.123592178]]]}},
{"type":"Feature","properties":{"plot_id":7,"poly_line":"1_1","strip_id":29},"geometry":{"type":"Polygon","coordinates":[[[-16.699207471,39.124318199],[-16.699208269,39.125044219],[-16.699314026,39.125044149],[-16.699313227,39.124318128],[-16.699207471,39.124318199]]]}},
{"type":"Feature","properties":{"plot_id":8,"poly_line":"1_1","strip_id":29},"geometry":{"type":"Polygon","coordinates":[[[-16.699208269,39.125044219],[-16.699209067,39.12577024],[-16.699314826,39.125770169],[-16.699314026,39.125044149],[-16.699208269,39.125044219]]]}},
{"type":"Feature","properties":{"plot_id":9,"poly_line":"1_1","strip_id":29},"geometry":{"type":"Polygon","coordinates":[[[-16.699209067,39.12577024],[-16.699209866,39.12649626],[-16.699315626,39.126496189],[-16.699314826,39.125770169],[-16.699209067,39.12577024]]]}},
{"type":"Feature","properties":{"plot_id":1,"poly_line":"1_1","strip_id":30},"geometry":{"type":"Polygon","coordinates":[[[-16.699308433,39.119957699],[-16.69930923,39.120683712],[-16.699414981,39.120683642],[-16.699414182,39.119957628],[-16.699308433,39.119957699]]]}},
{"type":"Feature","properties":{"plot_id":2,"poly_line":"1_1","strip_id":30},"geometry":{"type":"Polygon","coordinates":[[[-16.69930923,39.120683712],[-16.699310028,39.121409725],[-16.69941578,39.121409655],[-16.699414981,39.120683642],[-16.69930923,39.120683712]]]}},
{"type":"Feature","properties":{"plot_id":3,"poly_line":"1_1","strip_id":30},"geometry":{"type":"Polygon","coordinates":[[[-16.699310028,39.121409725],[-16.699310826,39.122135739],[-16.699416579,39.122135668],[-16.69941578,39.121409655],[-16.699310028,39.121409725]]]}},
{"type":"Feature","properties":{"plot_id":4,"poly_line":"1_1","strip_id":30},"geometry":{"type":"Polygon","coordinates":[[[-16.699310826,39.122135739],[-16.699311625,39.122861752],[-16.699417379,39.122861681],[-16.699416579,39.122135668],[-16.699310826,39.122135739]]]}},
{"type":"Feature","properties":{"plot_id":5,"poly_line":"1_1","strip_id":30},"geometry":{"type":"Polygon","coordinates":[[[-16.699311625,39.122861752],[-16.699312423,39.123587765],[-16.699418178,39.123587694],[-16.699417379,39.122861681],[-16.699311625,39.122861752]]]}},
{"type":"Feature","properties":{"plot_id":6,"poly_line":"1_1","strip_id":30},"geometry":{"type":"Polygon","coordinates":[[[-16.699312423,39.123587765],[-16.699313222,39.124313778],[-16.699418978,39.124313707],[-16.699418178,39.123587694],[-16.699312423,39.123587765]]]}},
{"type":"Feature","properties":{"plot_id":7,"poly_line":"1_1","strip_id":30},"geometry":{"type":"Polygon","coordinates":[[[-16.699313222,39.124313778],[-16.699314021,39.125039791],[-16.699419779,39.12503972],[-16.699418978,39.124313707],[-16.699313222,39.124313778]]]}},
{"type":"Feature","properties":{"plot_id":8,"poly_line":"1_1","strip_id":30},"geometry":{"type":"Polygon","coordinates":[[[-16.699314021,39.125039791],[-16.699314821,39.125765804],[-16.699420579,39.125765733],[-16.699419779,39.12503972],[-16.699314021,39.125039791]]]}},
{"type":"Feature","properties":{"plot_id":9,"poly_line":"1_1","strip_id":30},"geometry":{"type":"Polygon","coordinates":[[[-16.699314821,39.125765804],[-16.699315621,39.126491816],[-16.69942138,39.126491746],[-16.699420579,39.125765733],[-16.699314821,39.125765804]]]}},
{"type":"Feature","properties":{"plot_id":1,"poly_line":"1_1","strip_id":31},"geometry":{"type":"Polygon","coordinates":[[[-16.699414178,39.119953323],[-16.699414976,39.120679329],[-16.699520727,39.120679258],[-16.699519927,39.119953252],[-16.699414178,39.119953323]]]}},
{"type":"Feature","properties":{"plot_id":2,"poly_line":"1_1","strip_id":31},"geometry":{"type":"Polygon","coordinates":[[[-16.699414976,39.120679329],[-16.699415775,39.121405334],[-16.699521527,39.121405264],[-16.699520727,39.120679258],[-16.699414976,39.120679329]]]}},
{"type":"Feature","properties":{"plot_id":3,"poly_line":"1_1","strip_id":31},"geometry":{"type":"Polygon","coordinates":[[[-16.699415775,39.121405334],[-16.699416574,39.12213134],[-16.699522327,39.122131269],[-16.699521527,39.121405264],[-16.699415775,39.121405334]]]}},
{"type":"Feature","properties":{"plot_id":4,"poly_line":"1_1","strip_id":31},"geometry":{"type":"Polygon","coordinates":[[[-16.699416574,39.12213134],[-16.699417374,39.122857346],[-16.699523128,39.122857275],[-16.699522327,39.122131269],[-16.699416574,39.12213134]]]}},
{"type":"Feature","properties":{"plot_id":5,"poly_line":"1_1","strip_id":31},"geometry":{"type":"Polygon","coordinates":[[[-16.699417374,39.122857346],[-16.699418174,39.123583351],[-16.699523929,39.123583281],[-16.699523128,39.122857275],[-16.699417374,39.122857346]]]}},
{"type":"Feature","properties":{"plot_id":6,"poly_line":"1_1","strip_id":31},"geometry":{"type":"Polygon","coordinates":[[[-16.699418174,39.123583351],[-16.699418974,39.124309357],[-16.69952473,39.124309286],[-16.699523929,39.123583281],[-16.699418174,39.123583351]]]}},
{"type":"Feature","properties":{"plot_id":7,"poly_line":"1_1","strip_id":31},"geometry":{"type":"Polygon","coordinates":[[[-16.699418974,39.124309357],[-16.699419774,39.125035362],[-16.699525531,39.125035291],[-16.69952473,39.124309286],[-16.699418974,39.124309357]]]}},
{"type":"Feature","properties":{"plot_id":8,"poly_line":"1_1","strip_id":31},"geometry":{"type":"Polygon","coordinates":[[[-16.699419774,39.125035362],[-16.699420574,39.125761367],[-16.699526333,39.125761297],[-16.699525531,39.125035291],[-16.699419774,39.125035362]]]}},
{"type":"Feature","properties":{"plot_id":9,"poly_line":"1_1","strip_id":31},"geometry":{"type":"Polygon","coordinates":[[[-16.699420574,39.125761367],[-16.699421375,39.126487373],[-16.699527135,39.126487302],[-16.699526333,39.125761297],[-16.699420574,39.125761367]]]}},
{"type":"Feature","properties":{"plot_id":1,"poly_line":"1_1","strip_id":32},"geometry":{"type":"Polygon","coordinates":[[[-16.699519923,39.119948947],[-16.699520722,39.120674945],[-16.699626473,39.120674874],[-16.699625672,39.119948876],[-16.699519923,39.119948947]]]}},
{"type":"Feature","properties":{"plot_id":2,"poly_line":"1_1","strip_id":32},"geometry":{"type":"Polygon","coordinates":[[[-16.699520722,39.120674945],[-16.699521522,39.121400943],[-16.699627274,39.121400873],[-16.699626473,39.120674874],[-16.699520722,39.120674945]]]}},
{"type":"Feature","properties":{"plot_id":3,"poly_line":"1_1","strip_id":32},"geometry":{"type":"Polygon","coordinates":[[[-16.699521522,39.121400943],[-16.699522322,39.122126942],[-16.699628075,39.122126871],[-16.699627274,39.121400873],[-16.699521522,39.121400943]]]}},
{"type":"Feature","properties":{"plot_id":4,"poly_line":"1_1","strip_id":32},"geometry":{"type":"Polygon","coordinates":[[[-16.699522322,39.122126942],[-16.699523123,39.12285294],[-16.699628877,39.122852869],[-16.699628075,39.122126871],[-16.699522322,39.122126942]]]}},
{"type":"Feature","properties":{"plot_id":5,"poly_line":"1_1","strip_id":32},"geometry":{"type":"Polygon","coordinates":[[[-16.699523123,39.12285294],[-16.699523924,39.123578938],[-16.699629679,39.123578867],[-16.699628877,39.122852869],[-16.699523123,39.12285294]]]}},
{"type":"Feature","properties":{"plot_id":6,"poly_line":"1_1","strip_id":32},"geometry":{"type":"Polygon","coordinates":[[[-16.699523924,39.123578938],[-16.699524725,39.124304936],[-16.699630481,39.124304865],[-16.699629679,39.123578867],[-16.699523924,39.123578938]]]}},
{"type":"Feature","properties":{"plot_id":7,"poly_line":"1_1","strip_id":32},"geometry":{"type":"Polygon","coordinates":[[[-16.699524725,39.124304936],[-16.699525526,39.125030933],[-16.699631284,39.125030863],[-16.699630481,39.124304865],[-16.699524725,39.124304936]]]}},
{"type":"Feature","properties":{"plot_id":8,"poly_line":"1_1","strip_id":32},"geometry":{"type":"Polygon","coordinates":[[[-16.699525526,39.125030933],[-16.699526328,39.125756931],[-16.699632086,39.12575686],[-16.699631284,39.125030863],[-16.699525526,39.125030933]]]}},
{"type":"Feature","properties":{"plot_id":9,"poly_line":"1_1","strip_id":32},"geometry":{"type":"Polygon","coordinates":[[[-16.699526328,39.125756931],[-16.69952713,39.126482929],[-16.699632889,39.126482858],[-16.699632086,39.12575686],[-16.699526328,39.125756931]]]}},
{"type":"Feature","properties":{"plot_id":1,"poly_line":"1_1","strip_id":33},"geometry":{"type":"Polygon","coordinates":[[[-16.699625668,39.119944571],[-16.699626468,39.120670562],[-16.699732219,39.120670491],[-16.699731417,39.1199445],[-16.699625668,39.119944571]]]}},
{"type":"Feature","properties":{"plot_id":2,"poly_line":"1_1","strip_id":33},"geometry":{"type":"Polygon","coordinates":[[[-16.699626468,39.120670562],[-16.699627269,39.121396552],[-16.699733021,39.121396481],[-16.699732219,39.120670491],[-16.699626468,39.120670562]]]}},
{"type":"Feature","properties":{"plot_id":3,"poly_line":"1_1","strip_id":33},"geometry":{"type":"Polygon","coordinates":[[[-16.699627269,39.121396552],[-16.699628071,39.122122543],[-16.699733823,39.122122472],[-16.699733021,39.121396481],[-16.699627269,39.121396552]]]}},
{"type":"Feature","properties":{"plot_id":4,"poly_line":"1_1","strip_id":33},"geometry":{"type":"Polygon","coordinates":[[[-16.699628071,39.122122543],[-16.699628872,39.122848533],[-16.699734626,39.122848463],[-16.699733823,39.122122472],[-16.699628071,39.122122543]]]}},
{"type":"Feature","properties":{"plot_id":5,"poly_line":"1_1","strip_id":33},"geometry":{"type":"Polygon","coordinates":[[[-16.699628872,39.122848533],[-16.699629674,39.123574524],[-16.699735429,39.123574453],[-16.699734626,39.122848463],[-16.699628872,39.122848533]]]}},
{"type":"Feature","properties":{"plot_id":6,"poly_line":"1_1","strip_id":33},"geometry":{"type":"Polygon","coordinates":[[[-16.699629674,39.123574524],[-16.699630476,39.124300514],[-16.699736232,39.124300443],[-16.699735429,39.123574453],[-16.699629674,39.123574524]]]}},
{"type":"Feature","properties":{"plot_id":7,"poly_line":"1_1","strip_id":33},"geometry":{"type":"Polygon","coordinates":[[[-16.699630476,39.124300514],[-16.699631279,39.125026505],[-16.699737036,39.125026434],[-16.699736232,39.124300443],[-16.699630476,39.124300514]]]}},
{"type":"Feature","properties":{"plot_id":8,"poly_line":"1_1","strip_id":33},"geometry":{"type":"Polygon","coordinates":[[[-16.699631279,39.125026505],[-16.699632081,39.125752495],[-16.69973784,39.125752424],[-16.699737036,39.125026434],[-16.699631279,39.125026505]]]}},
{"type":"Feature","properties":{"plot_id":9,"poly_line":"1_1","strip_id":33},"geometry":{"type":"Polygon","coordinates":[[[-16.699632081,39.125752495],[-16.699632885,39.126478485],[-16.699738644,39.126478414],[-16.69973784,39.125752424],[-16.699632081,39.125752495]]]}},
{"type":"Feature","properties":{"plot_id":1,"poly_line":"1_1","strip_id":34},"geometry":{"type":"Polygon","coordinates":[[[-16.699731412,39.119940195],[-16.699732214,39.120666178],[-16.699837965,39.120666107],[-16.699837162,39.119940124],[-16.699731412,39.119940195]]]}},
{"type":"Feature","properties":{"plot_id":2,"poly_line":"1_1","strip_id":34},"geometry":{"type":"Polygon","coordinates":[[[-16.699732214,39.120666178],[-16.699733016,39.121392161],[-16.699838768,39.12139209],[-16.699837965,39.120666107],[-16.699732214,39.120666178]]]}},
{"type":"Feature","properties":{"plot_id":3,"poly_line":"1_1","strip_id":34},"geometry":{"type":"Polygon","coordinates":[[[-16.699733016,39.121392161],[-16.699733819,39.122118144],[-16.699839572,39.122118073],[-16.699838768,39.12139209],[-16.699733016,39.121392161]]]}},
{"type":"Feature","properties":{"plot_id":4,"poly_line":"1_1","strip_id":34},"geometry":{"type":"Polygon","coordinates":[[[-16.699733819,39.122118144],[-16.699734621,39.122844127],[-16.699840375,39.122844056],[-16.699839572,39.122118073],[-16.699733819,39.122118144]]]}},
{"type":"Feature","properties":{"plot_id":5,"poly_line":"1_1","strip_id":34},"geometry":{"type":"Polygon","coordinates":[[[-16.699734621,39.122844127],[-16.699735424,39.12357011],[-16.699841179,39.123570039],[-16.699840375,39.122844056],[-16.699734621,39.122844127]]]}},
{"type":"Feature","properties":{"plot_id":6,"poly_line":"1_1","strip_id":34},"geometry":{"type":"Polygon","coordinates":[[[-16.699735424,39.12357011],[-16.699736228,39.124296093],[-16.699841984,39.124296022],[-16.699841179,39.123570039],[-16.699735424,39.12357011]]]}},
{"type":"Feature","properties":{"plot_id":7,"poly_line":"1_1","strip_id":34},"geometry":{"type":"Polygon","coordinates":[[[-16.699736228,39.124296093],[-16.699737031,39.125022076],[-16.699842788,39.125022005],[-16.699841984,39.124296022],[-16.699736228,39.124296093]]]}},
{"type":"Feature","properties":{"plot_id":8,"poly_line":"1_1","strip_id":34},"geometry":{"type":"Polygon","coordinates":[[[-16.699737031,39.125022076],[-16.699737835,39.125748058],[-16.699843593,39.125747987],[-16.699842788,39.125022005],[-16.699737031,39.125022076]]]}},
{"type":"Feature","properties":{"plot_id":9,"poly_line":"1_1","strip_id":34},"geometry":{"type":"Polygon","coordinates":[[[-16.699737835,39.125748058],[-16.699738639,39.126474041],[-16.699844398,39.12647397],[-16.699843593,39.125747987],[-16.699737835,39.125748058]]]}},
{"type":"Feature","properties":{"plot_id":1,"poly_line":"1_1","strip_id":35},"geometry":{"type":"Polygon","coordinates":[[[-16.699837157,39.119935818],[-16.69983796,39.120661794],[-16.699943711,39.120661723],[-16.699942907,39.119935747],[-16.699837157,39.119935818]]]}},
{"type":"Feature","properties":{"plot_id":2,"poly_line":"1_1","strip_id":35},"geometry":{"type":"Polygon","coordinates":[[[-16.69983796,39.120661794],[-16.699838763,39.12138777],[-16.699944515,39.121387699],[-16.699943711,39.120661723],[-16.69983796,39.120661794]]]}},
{"type":"Feature","properties":{"plot_id":3,"poly_line":"1_1","strip_id":35},"geometry":{"type":"Polygon","coordinates":[[[-16.699838763,39.12138777],[-16.699839567,39.122113745],[-16.69994532,39.122113674],[-16.699944515,39.121387699],[-16.699838763,39.12138777]]]}},
{"type":"Feature","properties":{"plot_id":4,"poly_line":"1_1","strip_id":35},"geometry":{"type":"Polygon","coordinates":[[[-16.699839567,39.122113745],[-16.699840371,39.122839721],[-16.699946124,39.12283965],[-16.69994532,39.122113674],[-16.699839567,39.122113745]]]}},
{"type":"Feature","properties":{"plot_id":5,"poly_line":"1_1","strip_id":35},"geometry":{"type":"Polygon","coordinates":[[[-16.699840371,39.122839721],[-16.699841175,39.123565696],[-16.69994693,39.123565625],[-16.699946124,39.12283965],[-16.699840371,39.122839721]]]}},
{"type":"Feature","properties":{"plot_id":6,"poly_line":"1_1","strip_id":35},"geometry":{"type":"Polygon","coordinates":[[[-16.699841175,39.123565696],[-16.699841979,39.124291671],[-16.699947735,39.1242916],[-16.69994693,39.123565625],[-16.699841175,39.123565696]]]}},
{"type":"Feature","properties":{"plot_id":7,"poly_line":"1_1","strip_id":35},"geometry":{"type":"Polygon","coordinates":[[[-16.699841979,39.124291671],[-16.699842784,39.125017647],[-16.699948541,39.125017575],[-16.699947735,39.1242916],[-16.699841979,39.124291671]]]}},
{"type":"Feature","properties":{"plot_id":8,"poly_line":"1_1","strip_id":35},"geometry":{"type":"Polygon","coordinates":[[[-16.699842784,39.125017647],[-16.699843588,39.125743622],[-16.699949347,39.12574355],[-16.699948541,39.125017575],[-16.699842784,39.125017647]]]}},
{"type":"Feature","properties":{"plot_id":9,"poly_line":"1_1","strip_id":35},"geometry":{"type":"Polygon","coordinates":[[[-16.699843588,39.125743622],[-16.699844394,39.126469597],[-16.699950153,39.126469525],[-16.699949347,39.12574355],[-16.699843588,39.125743622]]]}},
{"type":"Feature","properties":{"plot_id":1,"poly_line":"1_1","strip_id":36},"geometry":{"type":"Polygon","coordinates":[[[-16.699942902,39.119931442],[-16.699943706,39.12065741],[-16.700049457,39.120657339],[-16.700048652,39.119931371],[-16.699942902,39.119931442]]]}},
{"type":"Feature","properties":{"plot_id":2,"poly_line":"1_1","strip_id":36},"geometry":{"type":"Polygon","coordinates":[[[-16.699943706,39.12065741],[-16.69994451,39.121383378],[-16.700050262,39.121383307],[-16.700049457,39.120657339],[-16.699943706,39.12065741]]]}},
{"type":"Feature","properties":{"plot_id":3,"poly_line":"1_1","strip_id":36},"geometry":{"type":"Polygon","coordinates":[[[-16.69994451,39.121383378],[-16.699945315,39.122109346],[-16.700051068,39.122109275],[-16.700050262,39.121383307],[-16.69994451,39.121383378]]]}},
{"type":"Feature","properties":{"plot_id":4,"poly_line":"1_1","strip_id":36},"geometry":{"type":"Polygon","coordinates":[[[-16.699945315,39.122109346],[-16.69994612,39.122835314],[-16.700051874,39.122835243],[-16.700051068,39.122109275],[-16.699945315,39.122109346]]]}},
{"type":"Feature","properties":{"plot_id":5,"poly_line":"1_1","strip_id":36},"geometry":{"type":"Polygon","coordinates":[[[-16.69994612,39.122835314],[-16.699946925,39.123561282],[-16.70005268,39.123561211],[-16.700051874,39.122835243],[-16.69994612,39.122835314]]]}},
{"type":"Feature","properties":{"plot_id":6,"poly_line":"1_1","strip_id":36},"geometry":{"type":"Polygon","coordinates":[[[-16.699946925,39.123561282],[-16.69994773,39.12428725],[-16.700053486,39.124287179],[-16.70005268,39.123561211],[-16.699946925,39.123561282]]]}},
{"type":"Feature","properties":{"plot_id":7,"poly_line":"1_1","strip_id":36},"geometry":{"type":"Polygon","coordinates":[[[-16.69994773,39.12428725],[-16.699948536,39.125013217],[-16.700054293,39.125013146],[-16.700053486,39.124287179],[-16.69994773,39.12428725]]]}},
{"type":"Feature","properties":{"plot_id":8,"poly_line":"1_1","strip_id":36},"geometry":{"type":"Polygon","coordinates":[[[-16.699948536,39.125013217],[-16.699949342,39.125739185],[-16.7000551,39.125739114],[-16.700054293,39.125013146],[-16.699948536,39.125013217]]]}},
{"type":"Feature","properties":{"plot_id":9,"poly_line":"1_1","strip_id":36},"geometry":{"type":"Polygon","coordinates":[[[-16.699949342,39.125739185],[-16.699950148,39.126465152],[-16.700055908,39.126465081],[-16.7000551,39.125739114],[-16.699949342,39.125739185]]]}},
{"type":"Feature","properties":{"plot_id":1,"poly_line":"1_1","strip_id":37},"geometry":{"type":"Polygon","coordinates":[[[-16.700048647,39.119927066],[-16.700049452,39.120653026],[-16.700155203,39.120652955],[-16.700154397,39.119926994],[-16.700048647,39.119927066]]]}},
{"type":"Feature","properties":{"plot_id":2,"poly_line":"1_1","strip_id":37},"geometry":{"type":"Polygon","coordinates":[[[-16.700049452,39.120653026],[-16.700050257,39.121378987],[-16.700156009,39.121378915],[-16.700155203,39.120652955],[-16.700049452,39.120653026]]]}},
{"type":"Feature","properties":{"plot_id":3,"poly_line":"1_1","strip_id":37},"geometry":{"type":"Polygon","coordinates":[[[-16.700050257,39.121378987],[-16.700051063,39.122104947],[-16.700156816,39.122104876],[-16.700156009,39.121378915],[-16.700050257,39.121378987]]]}},
{"type":"Feature","properties":{"plot_id":4,"poly_line":"1_1","strip_id":37},"geometry":{"type":"Polygon","coordinates":[[[-16.700051063,39.122104947],[-16.700051869,39.122830908],[-16.700157623,39.122830836],[-16.700156816,39.122104876],[-16.700051063,39.122104947]]]}},
{"type":"Feature","properties":{"plot_id":5,"poly_line":"1_1","strip_id":37},"geometry":{"type":"Polygon","coordinates":[[[-16.700051869,39.122830908],[-16.700052675,39.123556868],[-16.70015843,39.123556797],[-16.700157623,39.122830836],[-16.700051869,39.122830908]]]}},
{"type":"Feature","properties":{"plot_id":6,"poly_line":"1_1","strip_id":37},"geometry":{"type":"Polygon","coordinates":[[[-16.700052675,39.123556868],[-16.700053481,39.124282828],[-16.700159238,39.124282757],[-16.70015843,39.123556797],[-16.700052675,39.123556868]]]}},
{"type":"Feature","properties":{"plot_id":7,"poly_line":"1_1","strip_id":37},"geometry":{"type":"Polygon","coordinates":[[[-16.700053481,39.124282828],[-16.700054288,39.125008788],[-16.700160045,39.125008717],[-16.700159238,39.124282757],[-16.700053481,39.124282828]]]}},
{"type":"Feature","properties":{"plot_id":8,"poly_line":"1_1","strip_id":37},"geometry":{"type":"Polygon","coordinates":[[[-16.700054288,39.125008788],[-16.700055095,39.125734748],[-16.700160854,39.125734677],[-16.700160045,39.125008717],[-16.700054288,39.125008788]]]}},
{"type":"Feature","properties":{"plot_id":9,"poly_line":"1_1","strip_id":37},"geometry":{"type":"Polygon","coordinates":[[[-16.700055095,39.125734748],[-16.700055903,39.126460708],[-16.700161662,39.126460637],[-16.700160854,39.125734677],[-16.700055095,39.125734748]]]}},
{"type":"Feature","properties":{"plot_id":1,"poly_line":"1_1","strip_id":38},"geometry":{"type":"Polygon","coordinates":[[[-16.700154392,39.119922689],[-16.700155198,39.120648642],[-16.700260949,39.120648571],[-16.700260141,39.119922618],[-16.700154392,39.119922689]]]}},
{"type":"Feature","properties":{"plot_id":2,"poly_line":"1_1","strip_id":38},"geometry":{"type":"Polygon","coordinates":[[[-16.700155198,39.120648642],[-16.700156004,39.121374595],[-16.700261756,39.121374524],[-16.700260949,39.120648571],[-16.700155198,39.120648642]]]}},
{"type":"Feature","properties":{"plot_id":3,"poly_line":"1_1","strip_id":38},"geometry":{"type":"Polygon","coordinates":[[[-16.700156004,39.121374595],[-16.700156811,39.122100548],[-16.700262564,39.122100477],[-16.700261756,39.121374524],[-16.700156004,39.121374595]]]}},
{"type":"Feature","properties":{"plot_id":4,"poly_line":"1_1","strip_id":38},"geometry":{"type":"Polygon","coordinates":[[[-16.700156811,39.122100548],[-16.700157618,39.122826501],[-16.700263372,39.122826429],[-16.700262564,39.122100477],[-16.700156811,39.122100548]]]}},
{"type":"Feature","properties":{"plot_id":5,"poly_line":"1_1","strip_id":38},"geometry":{"type":"Polygon","coordinates":[[[-16.700157618,39.122826501],[-16.700158425,39.123552454],[-16.70026418,39.123552382],[-16.700263372,39.122826429],[-16.700157618,39.122826501]]]}},
{"type":"Feature","properties":{"plot_id":6,"poly_line":"1_1","strip_id":38},"geometry":{"type":"Polygon","coordinates":[[[-16.700158425,39.123552454],[-16.700159233,39.124278406],[-16.700264989,39.124278335],[-16.70026418,39.123552382],[-16.700158425,39.123552454]]]}},
{"type":"Feature","properties":{"plot_id":7,"poly_line":"1_1","strip_id":38},"geometry":{"type":"Polygon","coordinates":[[[-16.700159233,39.124278406],[-16.700160041,39.125004359],[-16.700265798,39.125004287],[-16.700264989,39.124278335],[-16.700159233,39.124278406]]]}},
{"type":"Feature","properties":{"plot_id":8,"poly_line":"1_1","strip_id":38},"geometry":{"type":"Polygon","coordinates":[[[-16.700160041,39.125004359],[-16.700160849,39.125730311],[-16.700266607,39.12573024],[-16.700265798,39.125004287],[-16.700160041,39.125004359]]]}},
{"type":"Feature","properties":{"plot_id":9,"poly_line":"1_1","strip_id":38},"geometry":{"type":"Polygon","coordinates":[[[-16.700160849,39.125730311],[-16.700161657,39.126456264],[-16.700267417,39.126456192],[-16.700266607,39.12573024],[-16.700160849,39.125730311]]]}},
{"type":"Feature","properties":{"plot_id":1,"poly_line":"1_1","strip_id":39},"geometry":{"type":"Polygon","coordinates":[[[-16.700260137,39.119918312],[-16.700260944,39.120644258],[-16.700366694,39.120644187],[-16.700365886,39.119918241],[-16.700260137,39.119918312]]]}},
{"type":"Feature","properties":{"plot_id":2,"poly_line":"1_1","strip_id":39},"geometry":{"type":"Polygon","coordinates":[[[-16.700260944,39.120644258],[-16.700261751,39.121370203],[-16.700367503,39.121370132],[-16.700366694,39.120644187],[-16.700260944,39.120644258]]]}},
{"type":"Feature","properties":{"plot_id":3,"poly_line":"1_1","strip_id":39},"geometry":{"type":"Polygon","coordinates":[[[-16.700261751,39.121370203],[-16.700262559,39.122096149],[-16.700368312,39.122096077],[-16.700367503,39.121370132],[-16.700261751,39.121370203]]]}},
{"type":"Feature","properties":{"plot_id":4,"poly_line":"1_1","strip_id":39},"geometry":{"type":"Polygon","coordinates":[[[-16.700262559,39.122096149],[-16.700263367,39.122822094],[-16.700369121,39.122822023],[-16.700368312,39.122096077],[-16.700262559,39.122096149]]]}},
{"type":"Feature","properties":{"plot_id":5,"poly_line":"1_1","strip_id":39},"geometry":{"type":"Polygon","coordinates":[[[-16.700263367,39.122822094],[-16.700264175,39.123548039],[-16.70036993,39.123547968],[-16.700369121,39.122822023],[-16.700263367,39.122822094]]]}},
{"type":"Feature","properties":{"plot_id":6,"poly_line":"1_1","strip_id":39},"geometry":{"type":"Polygon","coordinates":[[[-16.700264175,39.123548039],[-16.700264984,39.124273984],[-16.70037074,39.124273913],[-16.70036993,39.123547968],[-16.700264175,39.123548039]]]}},
{"type":"Feature","properties":{"plot_id":7,"poly_line":"1_1","strip_id":39},"geometry":{"type":"Polygon","coordinates":[[[-16.700264984,39.124273984],[-16.700265793,39.124999929],[-16.70037155,39.124999858],[-16.70037074,39.124273913],[-16.700264984,39.124273984]]]}},
{"type":"Feature","properties":{"plot_id":8,"poly_line":"1_1","strip_id":39},"geometry":{"type":"Polygon","coordinates":[[[-16.700265793,39.124999929],[-16.700266602,39.125725874],[-16.70037236,39.125725803],[-16.70037155,39.124999858],[-16.700265793,39.124999929]]]}},
{"type":"Feature","properties":{"plot_id":9,"poly_line":"1_1","strip_id":39},"geometry":{"type":"Polygon","coordinates":[[[-16.700266602,39.125725874],[-16.700267412,39.126451819],[-16.700373171,39.126451748],[-16.70037236,39.125725803],[-16.700266602,39.125725874]]]}},
{"type":"Feature","properties":{"plot_id":1,"poly_line":"1_1","strip_id":40},"geometry":{"type":"Polygon","coordinates":[[[-16.700365881,39.119913936],[-16.70036669,39.120639874],[-16.70047244,39.120639802],[-16.700471631,39.119913864],[-16.700365881,39.119913936]]]}},
{"type":"Feature","properties":{"plot_id":2,"poly_line":"1_1","strip_id":40},"geometry":{"type":"Polygon","coordinates":[[[-16.70036669,39.120639874],[-16.700367498,39.121365812],[-16.70047325,39.12136574],[-16.70047244,39.120639802],[-16.70036669,39.120639874]]]}},
{"type":"Feature","properties":{"plot_id":3,"poly_line":"1_1","strip_id":40},"geometry":{"type":"Polygon","coordinates":[[[-16.700367498,39.121365812],[-16.700368307,39.122091749],[-16.70047406,39.122091678],[-16.70047325,39.12136574],[-16.700367498,39.121365812]]]}},
{"type":"Feature","properties":{"plot_id":4,"poly_line":"1_1","strip_id":40},"geometry":{"type":"Polygon","coordinates":[[[-16.700368307,39.122091749],[-16.700369116,39.122817687],[-16.70047487,39.122817616],[-16.70047406,39.122091678],[-16.700368307,39.122091749]]]}},
{"type":"Feature","properties":{"plot_id":5,"poly_line":"1_1","strip_id":40},"geometry":{"type":"Polygon","coordinates":[[[-16.700369116,39.122817687],[-16.700369926,39.123543625],[-16.700475681,39.123543553],[-16.70047487,39.122817616],[-16.700369116,39.122817687]]]}},
{"type":"Feature","properties":{"plot_id":6,"poly_line":"1_1","strip_id":40},"geometry":{"type":"Polygon","coordinates":[[[-16.700369926,39.123543625],[-16.700370735,39.124269562],[-16.700476491,39.124269491],[-16.700475681,39.123543553],[-16.700369926,39.123543625]]]}},
{"type":"Feature","properties":{"plot_id":7,"poly_line":"1_1","strip_id":40},"geometry":{"type":"Polygon","coordinates":[[[-16.700370735,39.124269562],[-16.700371545,39.1249955],[-16.700477302,39.124995428],[-16.700476491,39.124269491],[-16.700370735,39.124269562]]]}},
{"type":"Feature","properties":{"plot_id":8,"poly_line":"1_1","strip_id":40},"geometry":{"type":"Polygon","coordinates":[[[-16.700371545,39.1249955],[-16.700372356,39.125721437],[-16.700478114,39.125721366],[-16.700477302,39.124995428],[-16.700371545,39.1249955]]]}},
{"type":"Feature","properties":{"plot_id":9,"poly_line":"1_1","strip_id":40},"geometry":{"type":"Polygon","coordinates":[[[-16.700372356,39.125721437],[-16.700373166,39.126447375],[-16.700478925,39.126447303],[-16.700478114,39.125721366],[-16.700372356,39.125721437]]]}},
{"type":"Feature","properties":{"plot_id":1,"poly_line":"1_1","strip_id":41},"geometry":{"type":"Polygon","coordinates":[[[-16.700471626,39.119909559],[-16.700472435,39.120635489],[-16.700578186,39.120635418],[-16.700577376,39.119909487],[-16.700471626,39.119909559]]]}},
{"type":"Feature","properties":{"plot_id":2,"poly_line":"1_1","strip_id":41},"geometry":{"type":"Polygon","coordinates":[[[-16.700472435,39.120635489],[-16.700473245,39.12136142],[-16.700578997,39.121361348],[-16.700578186,39.120635418],[-16.700472435,39.120635489]]]}},
{"type":"Feature","properties":{"plot_id":3,"poly_line":"1_1","strip_id":41},"geometry":{"type":"Polygon","coordinates":[[[-16.700473245,39.12136142],[-16.700474055,39.12208735],[-16.700579808,39.122087278],[-16.700578997,39.121361348],[-16.700473245,39.12136142]]]}},
{"type":"Feature","properties":{"plot_id":4,"poly_line":"1_1","strip_id":41},"geometry":{"type":"Polygon","coordinates":[[[-16.700474055,39.12208735],[-16.700474865,39.12281328],[-16.700580619,39.122813209],[-16.700579808,39.122087278],[-16.700474055,39.12208735]]]}},
{"type":"Feature","properties":{"plot_id":5,"poly_line":"1_1","strip_id":41},"geometry":{"type":"Polygon","coordinates":[[[-16.700474865,39.12281328],[-16.700475676,39.12353921],[-16.700581431,39.123539139],[-16.700580619,39.122813209],[-16.700474865,39.12281328]]]}},
{"type":"Feature","properties":{"plot_id":6,"poly_line":"1_1","strip_id":41},"geometry":{"type":"Polygon","coordinates":[[[-16.700475676,39.12353921],[-16.700476486,39.12426514],[-16.700582243,39.124265069],[-16.700581431,39.123539139],[-16.700475676,39.12353921]]]}},
{"type":"Feature","properties":{"plot_id":7,"poly_line":"1_1","strip_id":41},"geometry":{"type":"Polygon","coordinates":[[[-16.700476486,39.12426514],[-16.700477298,39.12499107],[-16.700583055,39.124990999],[-16.700582243,39.124265069],[-16.700476486,39.12426514]]]}},
{"type":"Feature","properties":{"plot_id":8,"poly_line":"1_1","strip_id":41},"geometry":{"type":"Polygon","coordinates":[[[-16.700477298,39.12499107],[-16.700478109,39.125717],[-16.700583867,39.125716928],[-16.700583055,39.124990999],[-16.700477298,39.12499107]]]}},
{"type":"Feature","properties":{"plot_id":9,"poly_line":"1_1","strip_id":41},"geometry":{"type":"Polygon","coordinates":[[[-16.700478109,39.125717],[-16.700478921,39.12644293],[-16.70058468,39.126442858],[-16.700583867,39.125716928],[-16.700478109,39.125717]]]}}
]
}
